Unnamed: 0,TIME,CAP,TEX,CAN,LIS,SAL,STO,TAL,VES,REY,LON,SIC,KK,LAU,SPL,PET,Grid_Frequency,Load_Demand,Freq_Deviation,Stability_Status
0,11:00:00,65.9399,9.08137,55.96619403,13.269,-21.8588,33.3951,9.55645,-144.138999,60.1819,-78.1297,-21.8068,18.1998,29.1219,36.8277,36.9894,-78.1297,0,-138.1297,Volatile State
1,11:00:01,69.2158,7.41051,56.04781343,12.61,-22.7871,33.9255,9.76259,-151.676636,65.7565,-78.2633,-21.359,17.1489,28.2688,35.7463,36.6418,-78.2633,1,-138.26330000000002,Volatile State
2,11:00:02,72.4922,4.60216,56.12943284,13.96,-25.6557,32.221,8.90416,-159.214273,68.9278,-78.3969,-21.3363,15.0818,27.7712,35.1368,36.2396,-78.3969,2,-138.39690000000002,Volatile State
3,11:00:03,73.3272,1.74548,56.21105224,15.922,-30.7897,27.3036,8.28589,-165.136954,74.1413,-78.5306,-20.6612,13.4054,27.727,35.701,35.4192,-78.5306,3,-138.5306,Volatile State
4,11:00:04,74.3524,-1.19711,56.29267164,19.192,-31.4532,18.999,9.21918,-181.04536,76.1846,-78.6642,-19.1904,11.7627,26.5195,36.555,35.0328,-78.6642,4,-138.6642,Volatile State
5,11:00:05,75.3428,-3.8893,56.37429104,17.682,-35.6162,10.3059,10.1937,-190.387046,78.4644,-78.7978,-16.6536,10.5201,24.5425,35.4753,32.9374,-78.7978,5,-138.7978,Volatile State
6,11:00:06,75.5026,-5.48025,56.45591045,17.848,-34.581,2.53314,9.37432,-209.285392,79.6526,-78.9314,-13.7171,9.86291,23.0148,34.7154,31.4193,-78.9314,6,-138.9314,Volatile State
7,11:00:07,75.0076,-5.50627,56.53752985,15.641,-34.4715,-5.51179,10.1601,-222.035634,80.5398,-79.065,-9.11543,9.53279,21.2928,33.7762,30.0021,-79.065,7,-139.065,Volatile State
8,11:00:08,72.9171,-3.86167,56.61914925,17.677,-35.615,-11.4084,9.46664,-226.02673,78.8306,-79.1986,-5.71185,8.94975,20.667,32.3733,29.4801,-79.1986,8,-139.1986,Volatile State
9,11:00:09,69.9945,-1.73693,56.70076866,20.588,-34.4164,-17.1359,8.20344,-223.358982,76.2648,-79.3322,-5.39868,8.11106,19.823,30.1299,29.6014,-79.3322,9,-139.3322,Volatile State
10,11:00:10,65.6841,-0.143156,56.78238806,21.201,-34.5986,-24.6166,8.7938,-215.203877,72.6166,-79.4658,-2.15283,7.71339,19.743,29.4666,27.4808,-79.4658,10,-139.4658,Volatile State
11,11:00:11,61.153,1.97272,56.86400746,24.073,-32.5075,-32.2543,8.96645,-207.628629,67.7279,-79.5995,0.734779,6.33057,19.1142,28.6314,24.6777,-79.5995,11,-139.5995,Volatile State
12,11:00:12,56.9429,3.47832,56.94562687,30.42,-29.9503,-41.0842,8.88849,-202.888599,61.069,-79.7331,2.25603,5.66901,17.2289,27.4456,23.2674,-79.7331,12,-139.73309999999998,Volatile State
13,11:00:13,52.8709,4.63589,57.02724627,33.891,-31.0047,-49.7931,6.72846,-212.330469,54.5167,-79.8667,3.5716,4.91288,13.3964,26.7326,22.8512,-79.8667,13,-139.86669999999998,Volatile State
14,11:00:14,48.5025,6.2777,57.10886567,30.904,-30.1171,-56.9231,7.31692,-221.772338,49.151,-80.0003,4.56472,5.50263,11.0184,25.1092,22.5252,-80.0003,14,-140.00029999999998,Volatile State
15,11:00:15,44.3945,8.2266,57.19048507,29.521,-30.7249,-62.2032,7.27672,-231.214208,41.9667,-80.1339,5.78905,6.41686,10.2628,23.1027,22.0108,-80.1339,15,-140.13389999999998,Volatile State
16,11:00:16,41.2718,9.71433,57.27210448,27.041,-27.1358,-66.2786,8.44743,-247.797864,36.4302,-80.2675,5.71047,7.21055,8.84825,20.8996,21.3239,-80.2675,16,-140.26749999999998,Volatile State
17,11:00:17,38.5537,10.7371,57.35372388,26.469,-25.9235,-70.4139,5.70949,-252.785681,29.9753,-80.4011,4.6524,6.43438,7.6226,21.4055,20.3783,-80.4011,17,-140.40109999999999,Volatile State
18,11:00:18,35.2005,11.1165,57.43534328,25.776,-23.0745,-75.3582,5.14555,-250.135772,22.7914,-80.5348,5.17935,5.89175,5.88427,22.3887,19.5847,-80.5348,18,-140.53480000000002,Volatile State
19,11:00:19,30.8449,11.0425,57.51696269,29.338,-22.6025,-80.2338,5.97107,-231.193137,16.0341,-80.6684,4.88185,7.31212,3.6384,23.5168,19.5225,-80.6684,19,-140.66840000000002,Volatile State
20,11:00:20,28.9703,11.2261,57.59858209,31.577,-19.6334,-85.0283,6.04725,-207.436784,8.52637,-80.802,4.9636,9.12627,0.625652,23.5736,18.5974,-80.802,20,-140.80200000000002,Volatile State
21,11:00:21,27.6694,10.3391,57.68020149,27.44,-17.9347,-89.4396,6.68337,-191.890108,0.401852,-80.9356,4.14042,8.69684,-2.72082,22.6955,16.2285,-80.9356,21,-140.9356,Volatile State
22,11:00:22,23.5634,8.78049,57.7618209,24.375,-16.9713,-92.7993,4.51148,-181.686615,-7.56969,-81.0692,3.75749,8.40521,-5.77926,21.4932,14.7763,-81.0692,22,-141.0692,Volatile State
23,11:00:23,19.5973,8.26983,57.8434403,23.137,-16.4463,-94.9495,4.74781,-173.613189,-15.5431,-81.2028,1.92729,8.77938,-8.03778,20.5592,14.8066,-81.2028,23,-141.2028,Volatile State
24,11:00:24,12.0681,7.32277,57.9250597,18.752,-13.7474,-96.1252,5.39111,-170.977848,-23.6348,-81.3364,0.141051,7.69774,-11.5985,19.0347,15.5897,-81.3364,24,-141.3364,Volatile State
25,11:00:25,7.01749,5.44309,58.0066791,14.057,-13.5297,-97.2284,7.39455,-173.470649,-31.413,-81.47,0.468497,6.39205,-14.6467,16.7966,15.8043,-81.47,25,-141.47,Volatile State
26,11:00:26,2.17689,4.13848,58.08829851,13.729,-11.7559,-97.2591,8.95477,-182.18739,-37.9737,-81.6037,-0.358386,4.69541,-18.283,13.669,15.5806,-81.6037,26,-141.6037,Volatile State
27,11:00:27,-3.31966,4.15732,58.16991791,14.941,-10.4628,-95.5841,9.03376,-209.290556,-45.3713,-81.7373,0.055687,3.34813,-19.2239,12.5571,12.8314,-81.7373,27,-141.7373,Volatile State
28,11:00:28,-7.19161,4.73151,58.25153731,12.516,-11.5119,-92.9726,8.67836,-245.278654,-51.6519,-81.8709,-0.126303,3.23653,-19.8609,11.5484,12.3952,-81.8709,28,-141.8709,Volatile State
29,11:00:29,-11.1681,5.25229,58.33315672,6.823,-12.5444,-91.0182,8.51725,-258.941801,-56.3371,-82.0045,-0.998697,3.41604,-21.6288,10.4215,11.2558,-82.0045,29,-142.0045,Volatile State
30,11:00:30,-16.4852,4.90418,58.41477612,5.017,-11.9593,-88.5301,6.86974,-254.814778,-60.6557,-82.1381,-2.23001,1.48759,-22.6909,11.0011,12.6342,-82.1381,30,-142.1381,Volatile State
31,11:00:31,-23.1457,3.89489,58.49639552,6.482,-10.503,-85.4535,6.09803,-243.981134,-62.8052,-82.2717,-5.61113,0.226138,-23.2306,11.7008,11.1677,-82.2717,31,-142.2717,Volatile State
32,11:00:32,-31.7322,2.10859,58.57801493,5.757,-12.3484,-80.5492,6.04281,-215.947831,-64.3861,-82.4053,-8.33115,-0.716327,-25.0502,12.3745,9.06521,-82.4053,32,-142.4053,Volatile State
33,11:00:33,-39.6189,0.447138,58.65963433,2.808,-10.7107,-74.7389,8.11067,-188.353137,-64.991,-82.539,-10.4684,-2.04323,-27.8012,12.9781,7.94625,-82.539,33,-142.539,Volatile State
34,11:00:34,-48.1179,-0.8398,58.74125373,-0.17,-11.4861,-69.0272,7.92774,-157.965612,-65.7615,-82.6726,-10.7968,-2.99372,-28.8591,13.4357,7.20264,-82.6726,34,-142.6726,Volatile State
35,11:00:35,-54.0707,-2.2498,58.82287313,1.518,-11.1586,-64.9208,5.7757,-137.251546,-63.1662,-82.8062,-12.0395,-3.84565,-28.3032,14.8645,7.72716,-82.8062,35,-142.8062,Volatile State
36,11:00:36,-58.9229,-4.36256,58.90449254,-2.234,-14.5911,-61.3847,5.49886,-117.925591,-60.8836,-82.9398,-14.0175,-4.8054,-26.2233,16.1496,8.23969,-82.9398,36,-142.9398,Volatile State
37,11:00:37,-64.4892,-6.12186,58.98611194,-6.776,-15.2184,-57.6997,4.42648,-102.781928,-56.9595,-83.0734,-14.9179,-5.60569,-26.2662,17.1047,7.44969,-83.0734,37,-143.0734,Volatile State
38,11:00:38,-70.5687,-7.09929,59.06773134,-10.367,-21.4504,-53.6779,3.40126,-97.176284,-52.429,-83.207,-18.3488,-6.69401,-26.6453,18.2663,7.23149,-83.207,38,-143.207,Volatile State
39,11:00:39,-76.2026,-8.32101,59.14935075,-10.898,-20.0499,-48.0178,1.31319,-97.642563,-47.2153,-83.3406,-20.9916,-8.09838,-27.2578,18.6919,8.39892,-83.3406,39,-143.3406,Volatile State
40,11:00:40,-81.5611,-9.37638,59.23097015,-7.207,-21.4776,-41.6739,-0.177236,-97.311016,-41.1697,-83.4742,-23.1631,-10.9672,-28.8001,19.3418,9.88828,-83.4742,40,-143.4742,Volatile State
41,11:00:41,-86.482,-10.7361,59.31258955,-10.823,-23.7411,-34.8301,-1.14935,-104.265508,-37.1261,-83.6079,-22.4831,-13.3584,-29.8214,21.2252,10.6333,-83.6079,41,-143.6079,Volatile State
42,11:00:42,-90.0134,-12.3374,59.39420896,-15.521,-23.8767,-28.5626,-2.36428,-121.959084,-31.5435,-83.7415,-20.5392,-13.1792,-30.1249,20.9627,11.896,-83.7415,42,-143.7415,Volatile State
43,11:00:43,-92.5288,-13.7058,59.47582836,-18.648,-23.0911,-23.0178,-3.48825,-138.366354,-28.6314,-83.8751,-17.0688,-13.3727,-28.8406,19.6209,11.5345,-83.8751,43,-143.8751,Volatile State
44,11:00:44,-95.2661,-13.5269,59.55744776,-16.486,-26.1536,-18.2331,-2.67987,-133.212898,-23.2452,-84.0087,-16.1608,-14.8757,-26.0894,17.3076,11.477,-84.0087,44,-144.0087,Volatile State
45,11:00:45,-96.6749,-13.3518,59.63906716,-16.464,-25.708,-12.9431,-3.2964,-136.06797,-19.5267,-84.1423,-16.6064,-15.9321,-25.8012,16.4049,10.2083,-84.1423,45,-144.1423,Volatile State
46,11:00:46,-97.9854,-14.0626,59.72068657,-20.385,-27.0907,-8.29614,-2.90217,-142.928182,-13.7883,-84.2759,-16.1288,-16.6842,-28.7987,15.8999,9.86715,-84.2759,46,-144.27589999999998,Volatile State
47,11:00:47,-100.492,-14.8836,59.80230597,-24.664,-26.2985,-5.52989,-1.96171,-137.848958,-8.62476,-84.4095,-16.2406,-16.5438,-29.6471,15.0645,10.777,-84.4095,47,-144.40949999999998,Volatile State
48,11:00:48,-102.386,-15.1924,59.88392537,-22.418,-26.933,-2.24337,-4.02798,-126.691413,-4.02049,-84.5432,-15.543,-16.4907,-28.8079,14.0036,10.175,-84.5432,48,-144.5432,Volatile State
49,11:00:49,-104.693,-15.5531,59.96554478,-22.778,-26.84,0.701853,-6.9394,-122.852354,0.825488,-84.6768,-14.45,-16.3545,-27.6495,14.0359,9.01739,-84.6768,49,-144.67680000000001,Volatile State
50,11:00:50,-106.209,-16.8934,60.04716418,-27.824,-23.8005,2.88785,-8.71749,-139.406397,7.17741,-84.8104,-11.8512,-15.9521,-26.6359,12.436,6.35738,-84.8104,50,-144.81040000000002,Volatile State
51,11:00:51,-107.469,-19.4091,60.12878358,-29.981,-24.5498,5.53306,-7.43079,-164.348169,15.1922,-84.944,-11.1768,-15.7453,-26.0988,12.8686,4.95096,-84.944,51,-144.94400000000002,Volatile State
52,11:00:52,-107.409,-20.9899,60.21040299,-25.979,-23.1949,8.13834,-8.84695,-182.873317,23.3196,-85.0776,-11.5035,-15.928,-26.297,12.7409,4.00456,-85.0776,52,-145.07760000000002,Volatile State
53,11:00:53,-106.85,-20.1505,60.29202239,-23.757,-21.3405,10.1526,-10.0928,-193.459416,32.6889,-85.2112,-11.6922,-15.0613,-26.6729,12.8848,3.69291,-85.2112,53,-145.21120000000002,Volatile State
54,11:00:54,-105.594,-18.2736,60.37364179,-26.182,-21.3034,11.8031,-10.8384,-218.581076,42.0333,-85.3448,-12.0332,-14.7271,-26.2037,12.1397,2.93919,-85.3448,54,-145.34480000000002,Volatile State
55,11:00:55,-103.441,-16.9187,60.45526119,-28.421,-23.2753,13.3164,-10.6882,-235.561035,51.4131,-85.4784,-11.1869,-14.8818,-24.5127,11.5452,3.12629,-85.4784,55,-145.4784,Volatile State
56,11:00:56,-101.562,-16.1449,60.5368806,-29.966,-20.2464,14.2136,-11.503,-227.363684,59.0267,-85.6121,-9.4464,-14.5617,-23.54,9.29061,2.42063,-85.6121,56,-145.6121,Volatile State
57,11:00:57,-98.9558,-14.7333,60.6185,-26.762,-18.9535,13.8786,-11.4938,-216.209703,65.0846,-85.7457,-8.38712,-14.8787,-23.0232,6.83753,2.7097,-85.7457,57,-145.7457,Volatile State
58,11:00:58,-98.1659,-13.4632,60.7001194,-27.265,-17.0405,12.9669,-11.6172,-212.26498,69.1038,-85.8793,-8.00342,-15.612,-24.0006,5.55986,4.44173,-85.8793,58,-145.8793,Volatile State
59,11:00:59,-98.176,-12.2528,60.78173881,-31.141,-16.4697,10.6885,-10.7595,-216.234639,71.1745,-86.0129,-8.20161,-16.0828,-24.3117,6.64881,7.65072,-86.0129,59,-146.0129,Volatile State
60,11:01:00,-100.146,-12.993,60.86335821,-30.296,-17.0216,7.56242,-11.0714,-220.204297,71.6655,-86.1465,-8.2852,-15.0705,-23.9209,8.0339,9.5122,-86.1465,60,-146.1465,Volatile State
61,11:01:01,-103.24,-14.4753,60.94497761,-29.193,-15.5514,2.77893,-11.8339,-224.173956,70.8687,-86.2801,-7.06169,-14.2186,-20.9399,8.40874,9.39731,-86.2801,61,-146.2801,Volatile State
62,11:01:02,-104.819,-15.2793,61.02659701,-33.675,-15.4778,-3.44379,-13.091,-237.791731,71.1602,-86.4137,-7.05091,-14.7421,-17.9208,7.51986,9.0733,-86.4137,62,-146.4137,Volatile State
63,11:01:03,-105.675,-15.7181,61.10821642,-35.905,-20.4,-9.53106,-11.7104,-229.456351,70.9716,-86.5474,-5.8449,-17.0048,-18.477,7.59792,9.82752,-86.5474,63,-146.54739999999998,Volatile State
64,11:01:04,-105.337,-17.3445,61.18983582,-36.166,-19.2735,-13.3887,-10.4774,-221.12097,69.8589,-86.681,-5.2923,-17.5307,-18.5886,8.27132,9.85889,-86.681,64,-146.68099999999998,Volatile State
65,11:01:05,-103.984,-19.7292,61.27145522,-35.131,-21.5896,-17.1484,-8.34871,-212.78559,68.3827,-86.8146,-4.66636,-17.9282,-19.2383,10.1266,10.2834,-86.8146,65,-146.81459999999998,Volatile State
66,11:01:06,-103.387,-21.6443,61.35307463,-35.592,-22.5934,-19.8189,-7.31325,-190.58352,66.1218,-86.9482,-4.8283,-18.9411,-18.3675,11.1429,10.0934,-86.9482,66,-146.94819999999999,Volatile State
67,11:01:07,-101.83,-22.8709,61.43469403,-36.92,-24.3035,-22.3616,-8.62081,-176.053103,63.1466,-87.0818,-6.68705,-19.9701,-16.8628,12.7641,8.63847,-87.0818,67,-147.0818,Volatile State
68,11:01:08,-102.973,-23.9069,61.51631343,-39.966,-23.7511,-24.8858,-8.71482,-163.645761,60.1059,-87.2154,-7.5395,-19.636,-15.1393,14.2941,6.26169,-87.2154,68,-147.2154,Volatile State
69,11:01:09,-104.342,-24.4056,61.59793284,-41.411,-24.9329,-27.9275,-10.3131,-167.571442,56.6227,-87.349,-7.09102,-17.5183,-16.6401,15.0143,6.10021,-87.349,69,-147.349,Volatile State
70,11:01:10,-106.874,-24.7303,61.67955224,-40.342,-25.4666,-31.1783,-11.0426,-180.922084,54.6762,-87.4826,-7.70932,-16.0064,-16.1853,13.5822,6.13217,-87.4826,70,-147.4826,Volatile State
71,11:01:11,-108.707,-24.9028,61.76117164,-39.031,-28.8625,-33.0121,-11.2234,-194.272727,49.9338,-87.6163,-8.40592,-16.0697,-18.0453,12.9238,6.30471,-87.6163,71,-147.6163,Volatile State
72,11:01:12,-109.096,-24.7518,61.84279104,-43.963,-28.1851,-35.5437,-10.8125,-207.623369,45.6707,-87.7499,-10.8062,-16.5733,-19.4955,13.0541,5.00283,-87.7499,72,-147.7499,Volatile State
73,11:01:13,-106.941,-23.74,61.92441045,-44.314,-27.5635,-38.7189,-10.1267,-220.412917,39.2539,-87.8835,-12.5255,-17.5437,-21.0657,12.8567,4.87283,-87.8835,73,-147.8835,Volatile State
74,11:01:14,-103.85,-22.1504,62.00602985,-40.137,-30.6265,-43.0522,-9.85906,-245.813796,32.7805,-88.0171,-13.2218,-17.3651,-21.4224,11.9052,7.61202,-88.0171,74,-148.0171,Volatile State
75,11:01:15,-101.385,-20.1811,62.08764925,-39.068,-31.7937,-48.4337,-10.8146,-248.330253,28.394,-88.1507,-15.2479,-16.3496,-20.6135,11.7753,8.60987,-88.1507,75,-148.1507,Volatile State
76,11:01:16,-99.6967,-19.2318,62.16926866,-41.671,-31.8104,-54.3582,-13.1185,-250.846709,24.1312,-88.2843,-14.5089,-15.3093,-20.5124,10.9715,8.98894,-88.2843,76,-148.2843,Volatile State
77,11:01:17,-99.0622,-17.9273,62.25088806,-41.404,-32.7025,-60.3264,-14.2033,-253.363166,20.4588,-88.4179,-14.3879,-15.1951,-19.8152,10.2749,8.72813,-88.4179,77,-148.4179,Volatile State
78,11:01:18,-96.9927,-17.5522,62.33250746,-39.248,-31.8464,-63.5519,-15.0668,-248.651959,15.1309,-88.5516,-15.1776,-15.3337,-21.0277,8.83571,8.48446,-88.5516,78,-148.5516,Volatile State
79,11:01:19,-94.1079,-17.9344,62.41412687,-38.393,-32.1818,-65.582,-14.6431,-250.563228,9.83836,-88.6852,-14.5124,-16.1999,-23.0858,6.84882,8.84175,-88.6852,79,-148.6852,Volatile State
80,11:01:20,-91.1468,-18.8114,62.49574627,-40.911,-33.121,-67.9332,-14.4684,-245.291966,4.63332,-88.8188,-14.9241,-17.6836,-24.8441,6.43923,9.01127,-88.8188,80,-148.8188,Volatile State
81,11:01:21,-88.2084,-20.1068,62.57736567,-39.686,-30.6885,-68.3877,-16.0294,-240.020704,-1.12475,-88.9524,-15.6367,-19.4932,-24.888,5.65194,9.96831,-88.9524,81,-148.9524,Volatile State
82,11:01:22,-83.9724,-22.0672,62.65898507,-38.574,-29.3635,-71.1512,-14.566,-234.749442,-7.51998,-89.086,-16.5678,-21.6996,-23.5371,5.29576,10.9713,-89.086,82,-149.086,Volatile State
83,11:01:23,-82.1495,-23.2457,62.74060448,-40.015,-29.6037,-71.4462,-15.2748,-213.559795,-15.4061,-89.2196,-17.6751,-22.7582,-23.31,4.22349,10.2083,-89.2196,83,-149.2196,Volatile State
84,11:01:24,-80.2125,-24.2607,62.82222388,-39.935,-29.0019,-70.1111,-13.0771,-205.328947,-22.1434,-89.3532,-17.6083,-21.5085,-23.7966,3.98198,10.3855,-89.3532,84,-149.35320000000002,Volatile State
85,11:01:25,-77.1578,-24.4559,62.90384328,-42.094,-29.3199,-65.9702,-12.4708,-213.332497,-27.9759,-89.4868,-17.3736,-19.5449,-24.7127,2.6652,10.7141,-89.4868,85,-149.48680000000002,Volatile State
86,11:01:26,-74.077,-25.0095,62.98546269,-45.466,-26.7361,-61.4546,-12.5178,-235.436652,-32.7167,-89.6205,-17.8787,-17.6533,-26.2204,0.877495,13.2007,-89.6205,86,-149.6205,Volatile State
87,11:01:27,-70.4451,-25.8693,63.06708209,-44.149,-27.6623,-55.0261,-13.2427,-257.499001,-35.6656,-89.7541,-18.5987,-16.3432,-26.9594,-0.800005,13.9039,-89.7541,87,-149.7541,Volatile State
88,11:01:28,-66.9384,-26.8877,63.14870149,-44.465,-29.5266,-49.0075,-13.9914,-265.419741,-36.9854,-89.8877,-17.643,-15.3038,-24.9398,-2.89723,14.5912,-89.8877,88,-149.8877,Volatile State
89,11:01:29,-64.5891,-27.3991,63.2303209,-43.492,-29.2377,-42.7841,-12.9437,-267.095258,-36.8077,-90.0213,-17.4403,-13.9294,-21.6046,-3.81004,16.3779,-90.0213,89,-150.0213,Volatile State
90,11:01:30,-61.0117,-28.2349,63.3119403,-42.031,-31.4011,-36.1628,-13.5551,-271.158181,-36.0182,-90.1549,-16.5975,-13.7963,-19.6228,-4.02137,17.1673,-90.1549,90,-150.1549,Volatile State
91,11:01:31,-58.6366,-29.3156,63.3935597,-42.839,-31.0392,-28.1059,-12.7472,-282.81423,-33.9531,-90.2885,-15.201,-14.572,-20.5632,-4.92666,16.436,-90.2885,91,-150.2885,Volatile State
92,11:01:32,-55.4124,-30.0175,63.4751791,-43.172,-32.2721,-19.5347,-12.4108,-290.566137,-30.816,-90.4221,-15.2178,-14.6639,-23.1223,-6.83962,14.6732,-90.4221,92,-150.4221,Volatile State
93,11:01:33,-51.942,-29.7404,63.55679851,-43.696,-31.5623,-11.6565,-13.2539,-282.023105,-29.0854,-90.5558,-14.3961,-15.2769,-24.3328,-9.58968,13.4528,-90.5558,93,-150.5558,Volatile State
94,11:01:34,-49.8789,-28.6333,63.63841791,-44.861,-32.538,-3.99747,-14.5793,-254.236467,-29.4693,-90.6894,-15.0191,-14.654,-22.9057,-11.6656,13.2917,-90.6894,94,-150.6894,Volatile State
95,11:01:35,-47.2692,-27.336,63.72003731,-47.257,-32.3144,2.2896,-14.2177,-223.051515,-26.6344,-90.823,-15.5758,-14.5474,-22.0299,-12.0289,11.7604,-90.823,95,-150.82299999999998,Volatile State
96,11:01:36,-44.4195,-24.9869,63.80165672,-47.251,-32.1049,8.76463,-14.031,-218.377226,-25.1481,-90.9566,-14.9289,-15.9201,-20.4523,-11.6132,10.8764,-90.9566,96,-150.95659999999998,Volatile State
97,11:01:37,-43.0843,-22.2731,63.88327612,-45.084,-32.1923,14.8722,-13.2929,-221.322571,-20.6835,-91.0902,-12.8299,-17.8101,-20.1125,-12.8557,11.0859,-91.0902,97,-151.09019999999998,Volatile State
98,11:01:38,-42.2423,-20.3023,63.96489552,-44.292,-33.5204,19.9457,-13.4886,-231.564011,-16.1041,-91.2238,-12.8923,-20.4779,-20.0953,-14.2012,11.6545,-91.2238,98,-151.22379999999998,Volatile State
99,11:01:39,-41.6925,-19.1055,64.04651493,-47.329,-31.4166,23.9454,-12.9379,-272.27844,-9.13434,-91.3574,-12.1165,-21.7742,-21.2076,-15.8898,11.2929,-91.3574,99,-151.35739999999998,Volatile State
100,11:01:40,-41.4368,-19.6562,64.12813433,-49.131,-30.8635,27.4887,-14.4964,-311.658292,-3.18895,-91.491,-11.9764,-23.9601,-21.2681,-16.6359,10.9619,-91.491,100,-151.49099999999999,Volatile State
101,11:01:41,-42.0851,-20.5287,64.20975373,-47.926,-28.7021,30.6183,-14.1138,-349.572025,4.03766,-91.6247,-12.4546,-26.1637,-21.245,-16.9901,10.0411,-91.6247,101,-151.62470000000002,Volatile State
102,11:01:42,-43.0173,-20.8148,64.29137313,-49.523,-29.2202,32.2374,-10.7285,-374.134532,8.19858,-91.7583,-11.7245,-28.8441,-19.4497,-15.431,9.00069,-91.7583,102,-151.75830000000002,Volatile State
103,11:01:43,-44.1432,-19.7399,64.37299254,-51.568,-28.3981,31.8556,-11.5959,-359.791198,14.6459,-91.8919,-11.5284,-30.5278,-20.9351,-13.7297,7.92906,-91.8919,103,-151.89190000000002,Volatile State
104,11:01:44,-44.2611,-18.8508,64.45461194,-50.228,-30.1199,28.3055,-9.65261,-327.66365,22.1386,-92.0255,-10.6219,-32.1417,-22.3441,-12.7675,8.23436,-92.0255,104,-152.0255,Volatile State
105,11:01:45,-44.5716,-18.3352,64.53623134,-48.58,-31.0702,25.1012,-9.26797,-288.614876,31.9627,-92.1591,-10.3296,-33.8999,-23.1081,-13.3827,7.52834,-92.1591,105,-152.1591,Volatile State
106,11:01:46,-43.9481,-18.4516,64.61785075,-47.715,-33.3972,21.956,-10.8807,-229.072841,41.9236,-92.2927,-8.53316,-34.3897,-23.9567,-14.3462,7.17207,-92.2927,106,-152.2927,Volatile State
107,11:01:47,-43.9228,-19.0221,64.69947015,-48.838,-37.5974,18.3092,-13.1166,-171.410342,49.5832,-92.4263,-7.90509,-33.7137,-23.5159,-16.1144,7.22636,-92.4263,107,-152.4263,Volatile State
108,11:01:48,-42.686,-19.2716,64.78108955,-49.101,-37.0087,17.887,-15.0659,-134.583231,56.6519,-92.56,-8.03133,-32.5341,-22.2311,-15.7054,8.48376,-92.56,108,-152.56,Volatile State
109,11:01:49,-42.2568,-20.4194,64.86270896,-52.793,-39.1025,17.6384,-16.3512,-114.490731,62.2955,-92.6936,-8.91854,-30.7853,-21.3538,-14.0073,9.95999,-92.6936,109,-152.6936,Volatile State
110,11:01:50,-42.5958,-21.4593,64.94432836,-51.572,-40.809,15.3175,-18.1454,-102.408698,65.8856,-92.8272,-9.99356,-29.6347,-21.1071,-13.0272,12.5882,-92.8272,110,-152.8272,Volatile State
111,11:01:51,-42.2246,-21.6986,65.02594776,-51.672,-39.1638,14.4927,-19.7991,-113.592405,68.1758,-92.9608,-10.8499,-29.8209,-21.1688,-12.9547,13.9702,-92.9608,111,-152.9608,Volatile State
112,11:01:52,-41.1089,-22.3763,65.10756716,-50.982,-40.1482,12.4936,-20.7976,-146.967528,70.3295,-93.0944,-10.8937,-31.0881,-21.9278,-14.7571,14.5813,-93.0944,112,-153.0944,Volatile State
113,11:01:53,-40.9266,-22.6663,65.18918657,-49.2,-38.4415,11.4822,-20.1933,-188.540204,71.7013,-93.228,-11.9004,-31.8193,-22.0183,-15.7616,12.7966,-93.228,113,-153.228,Volatile State
114,11:01:54,-40.4741,-22.2256,65.27080597,-50.511,-37.4189,10.9814,-20.6492,-230.429265,71.0427,-93.3616,-10.9102,-31.8887,-20.7575,-16.4969,11.173,-93.3616,114,-153.3616,Volatile State
115,11:01:55,-39.977,-21.5367,65.35242537,-50.87,-37.0514,9.43736,-20.2352,-277.611803,70.0753,-93.4952,-10.464,-31.9707,-18.6392,-15.8642,11.3703,-93.4952,115,-153.4952,Volatile State
116,11:01:56,-39.4927,-20.0741,65.43404478,-50.395,-35.2599,7.56525,-21.1456,-311.886839,68.8777,-93.6289,-10.6925,-32.2752,-18.2727,-15.4802,14.133,-93.6289,116,-153.6289,Volatile State
117,11:01:57,-40.6566,-18.961,65.51566418,-47.925,-32.5798,3.11448,-21.7671,-342.045703,66.5263,-93.7625,-12.4047,-32.3414,-18.3895,-16.0911,14.6417,-93.7625,117,-153.7625,Volatile State
118,11:01:58,-40.3405,-18.7773,65.59728358,-49.942,-32.5066,-3.38003,-21.2696,-330.055229,62.5845,-93.8961,-14.2478,-33.712,-19.8413,-16.5653,13.3567,-93.8961,118,-153.8961,Volatile State
119,11:01:59,-40.0051,-19.624,65.67890299,-50.309,-30.5874,-10.9126,-19.9689,-302.184983,57.2165,-94.0297,-15.2067,-35.0913,-22.7849,-17.6793,9.62254,-94.0297,119,-154.0297,Volatile State
120,11:02:00,-39.1716,-20.4603,65.76052239,-49.516,-30.5129,-17.2445,-20.1934,-276.1079,49.865,-94.1633,-16.7294,-35.8491,-22.7716,-17.8297,7.15113,-94.1633,120,-154.1633,Volatile State
121,11:02:01,-38.9139,-21.4908,65.84214179,-48.445,-30.563,-23.5745,-18.381,-250.342841,42.0607,-94.2969,-17.5554,-36.3019,-22.765,-18.8544,6.00351,-94.2969,121,-154.2969,Volatile State
122,11:02:02,-38.4676,-22.0145,65.92376119,-46.825,-31.3449,-28.1534,-17.8325,-228.254006,33.4852,-94.4305,-17.8213,-37.1729,-21.3604,-20.0902,8.07936,-94.4305,122,-154.4305,Volatile State
123,11:02:03,-37.6589,-22.7182,66.0053806,-46.428,-32.0046,-30.7223,-17.0515,-220.94607,27.2017,-94.5642,-18.5426,-37.8525,-19.8861,-21.2892,6.81779,-94.5642,123,-154.5642,Volatile State
124,11:02:04,-37.6236,-23.5237,66.087,-47.264,-31.0396,-32.2775,-16.5998,-202.386304,19.1457,-94.6978,-19.4802,-38.5789,-20.1631,-22.1192,7.48221,-94.6978,124,-154.6978,Volatile State
125,11:02:05,-37.9732,-23.433,66.1686194,-47.613,-32.9843,-33.9431,-16.5956,-182.110568,12.6071,-94.8314,-19.4657,-38.8506,-20.9957,-22.6394,9.28655,-94.8314,125,-154.8314,Volatile State
126,11:02:06,-37.5438,-22.7085,66.25023881,-45.827,-30.8647,-37.3468,-14.8147,-154.268465,4.37804,-94.965,-19.9959,-38.5198,-23.0622,-23.5069,10.4365,-94.965,126,-154.965,Volatile State
127,11:02:07,-36.7498,-22.1956,66.33185821,-46.242,-29.4273,-42.2723,-13.0581,-150.100887,-2.98237,-95.0986,-19.6146,-37.2665,-23.2764,-24.2465,11.9846,-95.0986,127,-155.0986,Volatile State
128,11:02:08,-35.6061,-22.6529,66.41347761,-48.237,-29.1705,-47.6007,-11.3982,-165.446928,-9.08871,-95.2322,-18.2533,-35.7649,-22.8221,-24.5853,13.2547,-95.2322,128,-155.2322,Volatile State
129,11:02:09,-34.1764,-23.1282,66.49509701,-48.18,-28.4511,-50.7125,-10.3737,-192.88586,-15.9995,-95.3658,-16.4543,-33.4759,-21.9329,-24.4005,12.7125,-95.3658,129,-155.36579999999998,Volatile State
130,11:02:10,-33.6516,-23.4107,66.57671642,-45.085,-28.1329,-52.5332,-11.4665,-217.925443,-20.5589,-95.4994,-16.0356,-32.8804,-21.9154,-24.1392,10.8462,-95.4994,130,-155.49939999999998,Volatile State
131,11:02:11,-32.4123,-23.8042,66.65833582,-43.48,-25.6022,-54.807,-11.1518,-231.933375,-25.9982,-95.6331,-14.8018,-31.7904,-23.1499,-25.0535,9.96048,-95.6331,131,-155.6331,Volatile State
132,11:02:12,-32.7645,-23.4819,66.73995522,-43.065,-25.316,-57.1982,-9.98536,-241.936506,-30.0148,-95.7667,-13.6605,-30.4292,-24.1951,-25.2877,10.162,-95.7667,132,-155.76670000000001,Volatile State
133,11:02:13,-33.4271,-22.2377,66.82157463,-42.417,-24.4579,-58.3523,-8.93388,-234.069221,-34.5307,-95.9003,-13.5034,-29.977,-23.2908,-25.2592,9.61695,-95.9003,133,-155.90030000000002,Volatile State
134,11:02:14,-33.9574,-21.2212,66.90319403,-39.511,-25.6298,-59.1682,-7.67639,-203.979214,-38.0763,-96.0339,-13.5709,-30.5448,-21.8789,-23.8874,9.77803,-96.0339,134,-156.03390000000002,Volatile State
135,11:02:15,-34.2227,-20.4408,66.98481343,-39.222,-23.965,-59.3374,-6.13901,-177.454023,-40.6493,-96.1675,-13.1205,-31.787,-19.9397,-22.7643,11.3226,-96.1675,135,-156.16750000000002,Volatile State
136,11:02:16,-33.1473,-19.6478,67.06643284,-42.378,-24.5937,-57.704,-6.52305,-154.498973,-43.6766,-96.3011,-11.9264,-31.1307,-19.7176,-21.7652,10.1497,-96.3011,136,-156.30110000000002,Volatile State
137,11:02:17,-32.501,-18.6265,67.14805224,-41.34,-27.7334,-55.2252,-4.5845,-144.111821,-44.7274,-96.4347,-11.6176,-30.5373,-20.2574,-21.5787,7.80184,-96.4347,137,-156.43470000000002,Volatile State
138,11:02:18,-29.9789,-19.4498,67.22967164,-39.451,-27.5366,-55.7261,-3.2841,-161.092912,-45.3862,-96.5684,-12.4946,-29.1143,-22.204,-21.1002,7.07572,-96.5684,138,-156.5684,Volatile State
139,11:02:19,-27.77,-20.6148,67.31129104,-40.146,-30.0253,-59.552,-6.75379,-159.367079,-46.2363,-96.702,-14.0897,-27.4385,-22.7721,-21.5445,7.08802,-96.702,139,-156.702,Volatile State
140,11:02:20,-26.1675,-21.686,67.39291045,-42.226,-31.7675,-63.8272,-6.37509,-154.542254,-46.8205,-96.8356,-16.0802,-26.5889,-23.8962,-22.2398,8.89555,-96.8356,140,-156.8356,Volatile State
141,11:02:21,-23.7016,-22.9815,67.47452985,-43.01,-31.312,-67.086,-5.69937,-144.87777,-47.0882,-96.9692,-18.581,-25.3809,-24.4547,-21.9014,8.41408,-96.9692,141,-156.9692,Volatile State
142,11:02:22,-22.1395,-24.4735,67.55614925,-43.845,-32.8773,-72.054,-4.53411,-149.792158,-48.1704,-97.1028,-18.689,-23.8636,-22.6214,-20.6765,7.22003,-97.1028,142,-157.1028,Volatile State
143,11:02:23,-19.6774,-25.5007,67.63776866,-42.683,-33.0019,-77.0491,-4.94317,-165.103083,-49.0586,-97.2364,-20.4132,-23.3915,-21.4591,-19.8257,4.0142,-97.2364,143,-157.2364,Volatile State
144,11:02:24,-18.4631,-25.4739,67.71938806,-45.197,-32.4398,-82.093,-6.27732,-187.734405,-47.6805,-97.37,-23.2746,-23.7005,-21.3496,-20.9307,2.3966,-97.37,144,-157.37,Volatile State
145,11:02:25,-17.6413,-26.0329,67.80100746,-45.687,-33.4099,-84.7996,-5.74304,-214.281903,-47.358,-97.5036,-24.4474,-23.5197,-22.4033,-22.7551,4.03022,-97.5036,145,-157.5036,Volatile State
146,11:02:26,-18.2201,-26.1247,67.88262687,-45.249,-32.8377,-82.7501,-4.843,-225.344163,-45.4241,-97.6373,-25.5996,-22.3456,-22.5659,-22.6402,5.99437,-97.6373,146,-157.63729999999998,Volatile State
147,11:02:27,-18.9544,-25.6406,67.96424627,-45.524,-32.7277,-77.805,-4.22943,-224.016388,-44.0218,-97.7709,-26.8967,-21.3283,-21.7493,-22.7391,6.79187,-97.7709,147,-157.77089999999998,Volatile State
148,11:02:28,-19.8663,-25.2134,68.04586567,-46.562,-32.1123,-69.6921,-4.99099,-228.060473,-41.0878,-97.9045,-28.1767,-21.4591,-21.2817,-23.4546,6.50099,-97.9045,148,-157.90449999999998,Volatile State
149,11:02:29,-19.5947,-24.7242,68.12748507,-48.758,-33.4594,-61.2313,-5.78262,-229.076915,-39.4293,-98.0381,-29.0233,-21.3211,-19.701,-23.317,5.09004,-98.0381,149,-158.0381,Volatile State
150,11:02:30,-19.54853333,-24.4583,68.20910448,-52.409,-33.252,-53.6448,-4.05511,-223.972686,-35.4222,-98.1717,-28.6039,-20.2126,-18.3288,-24.1524,5.62299,-98.1717,150,-158.1717,Volatile State
151,11:02:31,-19.50236667,-24.4,68.29072388,-49.95,-31.8358,-46.2377,-4.85591,-184.510105,-32.3676,-98.3053,-26.7563,-20.3956,-17.6262,-26.1951,7.33047,-98.3053,151,-158.3053,Volatile State
152,11:02:32,-19.4562,-23.8203,68.37234328,-48.141,-32.9095,-39.4128,-4.67066,-133.678954,-27.3509,-98.4389,-26.0199,-21.6715,-16.8971,-27.7955,9.69698,-98.4389,152,-158.4389,Volatile State
153,11:02:33,-18.5682,-23.2601,68.45396269,-51.29,-33.643,-32.786,-5.6613,-111.227119,-23.0266,-98.5726,-24.3655,-20.9117,-14.1546,-28.3681,10.5228,-98.5726,153,-158.5726,Volatile State
154,11:02:34,-18.4377,-23.2432,68.53558209,-50.11,-31.3235,-25.7057,-5.27052,-99.763685,-16.2208,-98.7062,-23.5548,-21.63,-12.5688,-29.2797,11.0798,-98.7062,154,-158.7062,Volatile State
155,11:02:35,-17.7476,-23.2207,68.61720149,-46.664,-30.657,-19.1041,-6.9466,-92.994826,-10.3687,-98.8398,-23.6168,-22.2739,-11.6382,-30.822,10.8348,-98.8398,155,-158.8398,Volatile State
156,11:02:36,-17.2801,-22.946,68.6988209,-50.893,-26.1154,-12.6939,-7.48392,-95.64342,-2.87139,-98.9734,-22.8049,-21.8595,-10.9141,-32.1771,10.316,-98.9734,156,-158.9734,Volatile State
157,11:02:37,-18.4838,-22.6442,68.7804403,-53.578,-25.2399,-5.73909,-7.79487,-97.689469,2.834,-99.107,-23.0234,-21.2776,-11.2801,-34.6005,10.1898,-99.107,157,-159.107,Volatile State
158,11:02:38,-18.4045,-22.9309,68.8620597,-54.467,-23.2704,1.29956,-7.02298,-95.03988,11.1635,-99.2406,-24.4998,-21.6467,-10.9286,-35.5859,10.8545,-99.2406,158,-159.2406,Volatile State
159,11:02:39,-18.2308,-23.473,68.9436791,-54.331,-23.0504,6.74785,-5.59142,-100.405911,19.6428,-99.3742,-24.7525,-22.3306,-9.14349,-35.379,9.02776,-99.3742,159,-159.3742,Volatile State
160,11:02:40,-16.9059,-22.8566,69.02529851,-51.843,-20.8143,12.4751,-6.42536,-115.642724,29.4854,-99.5078,-23.9589,-22.6375,-7.79542,-35.4673,7.01457,-99.5078,160,-159.5078,Volatile State
161,11:02:41,-15.1449,-21.2954,69.10691791,-52.856,-20.3587,16.0648,-5.62697,-128.144919,37.9899,-98.0344,-23.429,-23.4553,-7.13121,-35.8193,6.25412,-98.0344,161,-158.0344,Volatile State
162,11:02:42,-12.5887,-19.3107,69.18853731,-52.06,-18.0461,17.9229,-6.68836,-132.034697,42.5659,-97.8786,-24.1511,-24.2042,-8.0881,-35.628,5.50945,-97.8786,162,-157.8786,Volatile State
163,11:02:43,-10.6945,-18.154,69.27015672,-49.832,-17.7402,20.5405,-6.94002,-136.413386,48.7781,-96.1558,-25.6102,-23.9669,-9.30939,-35.3414,4.61056,-96.1558,163,-156.1558,Volatile State
164,11:02:44,-9.25749,-17.7006,69.35177612,-52.987,-20.5208,22.5672,-5.8349,-140.570624,51.3194,-94.8114,-27.7235,-22.1158,-10.0691,-34.9933,5.33725,-94.8114,164,-154.8114,Volatile State
165,11:02:45,-6.68348,-17.3467,69.43339552,-54.902,-20.0389,26.6351,-2.86007,-139.870331,55.4223,-93.3168,-29.2719,-19.8881,-9.06914,-35.102,5.08609,-93.3168,165,-153.3168,Volatile State
166,11:02:46,-5.13611,-17.3352,69.51501493,-55.384,-21.5791,32.0518,-3.1307,-131.688354,57.0498,-91.4971,-30.4962,-17.6635,-8.95174,-35.1268,4.90638,-91.4971,166,-151.4971,Volatile State
167,11:02:47,-4.34498,-17.8419,69.59663433,-56.526,-24.5723,37.0823,-4.14168,-127.155087,61.8217,-91.277,-30.5162,-17.1019,-10.3873,-35.7642,3.17735,-91.277,167,-151.277,Volatile State
168,11:02:48,-2.64316,-18.0449,69.67825373,-57.972,-26.9026,41.3031,-3.71912,-113.266868,64.9909,-90.9688,-29.7602,-15.7259,-13.5194,-35.9743,0.825654,-90.9688,168,-150.9688,Volatile State
169,11:02:49,-1.36129,-18.9618,69.75987313,-57.601,-26.9108,46.5832,-3.14103,-112.670256,68.584,-91.7095,-29.4153,-13.3609,-16.6675,-35.6279,-2.46008,-91.7095,169,-151.7095,Volatile State
170,11:02:50,-1.31136,-20.3465,69.84149254,-57.819,-28.0503,52.291,-1.47555,-127.89222,72.453,-92.9485,-30.1852,-11.2306,-18.9917,-34.6355,-3.81436,-92.9485,170,-152.9485,Volatile State
171,11:02:51,-1.25565,-20.5805,69.92311194,-59.548,-29.6873,55.7274,-2.03187,-134.038863,73.8983,-94.2086,-31.2452,-10.4875,-20.1418,-32.5231,-6.15466,-94.2086,171,-154.2086,Volatile State
172,11:02:52,-1.07489,-19.6795,70.00473134,-60.197,-31.9563,57.5251,-1.51741,-132.925958,74.8785,-96.2597,-31.9384,-8.96359,-21.0837,-31.0886,-7.6751,-96.2597,172,-156.2597,Volatile State
173,11:02:53,1.45039,-19.659,70.08635075,-59.443,-31.4217,58.6694,0.011987,-145.927047,73.9345,-97.6097,-31.8935,-6.72506,-22.5872,-29.3007,-9.32691,-97.6097,173,-157.6097,Volatile State
174,11:02:54,2.77977,-19.9931,70.16797015,-57.825,-32.2662,58.5992,1.49904,-171.906511,70.288,-99.937,-31.247,-5.73308,-25.2363,-28.8217,-12.2883,-99.937,174,-159.937,Volatile State
175,11:02:55,4.03512,-20.3008,70.24958955,-54.797,-33.6041,54.165,1.3047,-199.656885,66.7744,-101.419,-30.1805,-6.4256,-27.2031,-28.9546,-14.0215,-101.419,175,-161.41899999999998,Volatile State
176,11:02:56,3.85802,-21.1504,70.33120896,-53.843,-34.3675,48.8805,1.85246,-212.371306,62.4678,-102.484,-29.0984,-6.05343,-27.4349,-28.8781,-13.0916,-102.484,176,-162.48399999999998,Volatile State
177,11:02:57,2.78729,-22.3377,70.41282836,-56.018,-33.3818,43.5269,-0.286533,-229.30931,56.6945,-104.477,-29.8985,-5.9695,-26.2728,-27.5323,-12.8555,-104.477,177,-164.477,Volatile State
178,11:02:58,1.51144,-23.0404,70.49444776,-58.761,-31.875,39.06,-0.232296,-219.408166,49.0331,-107.263,-30.2944,-6.67545,-24.9216,-26.1244,-12.0211,-107.263,178,-167.263,Volatile State
179,11:02:59,-0.154927,-22.811,70.57606716,-57.484,-33.7762,34.7022,0.273046,-193.300326,40.9935,-109.849,-30.1255,-7.31035,-24.2922,-24.1862,-12.0628,-109.849,179,-169.849,Volatile State
180,11:03:00,-1.55622,-22.0923,70.65768657,-58.33,-32.3996,30.7648,1.50411,-180.135512,32.5621,-111.745,-29.0999,-7.34023,-24.3226,-23.9127,-12.0526,-111.745,180,-171.745,Volatile State
181,11:03:01,-3.72589,-21.2935,70.73930597,-60.275,-32.0392,27.2237,3.35647,-171.028841,25.0337,-115.074,-29.1114,-7.26225,-24.4834,-24.2684,-11.6455,-115.074,181,-175.074,Volatile State
182,11:03:02,-5.09723,-20.4022,70.82092537,-60.721,-31.957,21.9379,3.3141,-176.304922,19.2618,-117.94,-27.2715,-8.01202,-23.8154,-24.2827,-10.4567,-117.94,182,-177.94,Volatile State
183,11:03:03,-5.1689,-19.5048,70.90254478,-59.744,-32.1662,16.0745,3.34264,-184.292056,12.3954,-122.264,-26.7698,-7.86709,-21.8596,-24.1112,-7.40621,-122.264,183,-182.264,Volatile State
184,11:03:04,-5.40585,-19.2842,70.98416418,-60.991,-32.0703,10.2149,2.37443,-186.350862,6.83006,-126.705,-27.0446,-8.60046,-20.8993,-23.8099,-6.20387,-126.705,184,-186.70499999999998,Volatile State
185,11:03:05,-5.36884,-20.1884,71.06578358,-62.734,-31.7875,6.4759,1.48759,-187.194548,-0.621696,-129.923,-28.004,-9.57077,-19.8123,-24.6846,-7.01911,-129.923,185,-189.923,Volatile State
186,11:03:06,-5.20271,-20.408,71.14740299,-65.992,-30.8059,3.39377,-1.54558,-187.24452,-7.3266,-132.204,-27.9256,-10.7173,-19.1323,-25.085,-7.91792,-132.204,186,-192.204,Volatile State
187,11:03:07,-6.09122,-19.0112,71.22902239,-65.344,-32.1483,-0.728346,-2.16472,-172.088327,-14.5802,-133.645,-28.1565,-10.314,-18.1878,-26.4425,-8.70327,-133.645,187,-193.645,Volatile State
188,11:03:08,-7.42394,-17.8518,71.31064179,-64.073,-29.5992,-4.88813,-2.40518,-162.332251,-19.85,-135.386,-27.0023,-10.4004,-16.4178,-27.7441,-8.52717,-135.386,188,-195.386,Volatile State
189,11:03:09,-8.94966,-17.7197,71.39226119,-66.037,-29.377,-9.9245,-4.74695,-158.637122,-26.6385,-136.486,-25.7198,-10.9698,-14.2502,-29.2421,-9.41446,-136.486,189,-196.486,Volatile State
190,11:03:10,-9.60356,-17.3488,71.4738806,-66.644,-28.6245,-15.4035,-4.64521,-164.637283,-32.7403,-136.067,-24.5292,-12.0803,-13.816,-29.9917,-10.8762,-136.067,190,-196.067,Volatile State
191,11:03:11,-8.84164,-16.9266,71.5555,-65.313,-30.3423,-19.2274,-6.23449,-170.993566,-37.965,-134.911,-23.4431,-13.2286,-14.2734,-29.4378,-13.1626,-134.911,191,-194.911,Volatile State
192,11:03:12,-6.28651,-17.0758,71.6371194,-62.893,-29.5828,-22.5684,-5.88469,-184.353743,-43.7693,-133.412,-23.8039,-15.3013,-14.837,-29.2669,-13.8523,-133.412,192,-193.412,Volatile State
193,11:03:13,-3.56861,-17.5485,71.71873881,-62.175,-28.7901,-25.0671,-4.26325,-181.901337,-49.0781,-131.042,-23.4304,-16.7532,-14.3888,-29.0014,-13.9345,-131.042,193,-191.042,Volatile State
194,11:03:14,-2.23475,-18.316,71.80035821,-61.854,-29.0537,-27.5659,-2.53432,-176.731001,-53.6233,-129.921,-23.0305,-17.7026,-15.3953,-29.617,-13.5024,-129.921,194,-189.921,Volatile State
195,11:03:15,-1.35533,-18.4134,71.88197761,-59.231,-29.0278,-28.7087,-2.96351,-167.780156,-56.9653,-128.222,-23.4502,-17.6489,-15.9378,-30.2685,-14.188,-128.222,195,-188.222,Volatile State
196,11:03:16,-0.904897,-18.813,71.96359701,-56.875,-28.3956,-27.7015,-3.59259,-167.317301,-60.5284,-125.514,-25.3082,-18.8787,-15.4766,-31.7103,-16.3562,-125.514,196,-185.514,Volatile State
197,11:03:17,-1.1482,-19.5325,72.04521642,-55.909,-28.7849,-29.5924,-3.25289,-174.665912,-62.5612,-124.264,-27.2736,-19.5282,-16.0123,-31.7774,-18.4406,-124.264,197,-184.264,Volatile State
198,11:03:18,-0.838666,-19.7184,72.12683582,-55.627,-28.6798,-31.1963,-3.06713,-183.907472,-62.8858,-123.77,-28.3949,-20.567,-15.9185,-30.7441,-18.2805,-123.77,198,-183.76999999999998,Volatile State
199,11:03:19,0.551368,-20.0698,72.20845522,-54.847,-25.9872,-31.7255,-2.94306,-183.491022,-61.9666,-124.658,-29.8009,-20.0885,-16.9501,-29.7186,-16.8928,-124.658,199,-184.65800000000002,Volatile State
200,11:03:20,2.85342,-20.3272,72.29007463,-53.816,-27.565,-31.5363,-1.70636,-193.65512,-58.9162,-125.389,-29.5588,-19.2572,-17.4042,-30.1925,-15.9902,-125.389,200,-185.389,Volatile State
201,11:03:21,5.17815,-20.1197,72.37169403,-48.622,-26.814,-33.4349,-0.209258,-205.350583,-55.7827,-124.541,-30.1073,-19.8931,-17.256,-30.2192,-17.0157,-124.541,201,-184.541,Volatile State
202,11:03:22,5.84516,-20.7101,72.45331343,-45.698,-26.058,-34.7086,1.59206,-213.839613,-52.6843,-122.854,-29.5339,-20.8312,-18.5545,-29.7685,-18.592,-122.854,202,-182.85399999999998,Volatile State
203,11:03:23,5.06462,-21.6059,72.53493284,-50.516,-28.2495,-35.1594,0.208736,-250.237789,-50.3794,-121.869,-28.8594,-21.4861,-20.4465,-30.0144,-19.379,-121.869,203,-181.869,Volatile State
204,11:03:24,4.40029,-22.4234,72.61655224,-48.302,-27.3702,-36.842,-0.085208,-288.365105,-47.3734,-121.454,-28.6315,-22.418,-19.6171,-29.2218,-18.7566,-121.454,204,-181.454,Volatile State
205,11:03:25,3.77522,-22.8487,72.69817164,-47.634,-25.7389,-38.4399,0.4278,-304.579991,-44.3118,-122.755,-27.5629,-23.6212,-18.8754,-29.6515,-18.4695,-122.755,205,-182.755,Volatile State
206,11:03:26,3.22472,-22.9611,72.77979104,-46.707,-27.1592,-39.1604,1.49177,-293.008123,-40.9,-123.927,-27.1931,-24.8267,-17.5607,-29.585,-20.0598,-123.927,206,-183.92700000000002,Volatile State
207,11:03:27,2.66796,-22.0955,72.86141045,-46.692,-24.6622,-39.6342,2.2337,-281.436255,-37.3587,-125.098,-26.0704,-27.5281,-15.7454,-31.0591,-21.452,-125.098,207,-185.098,Volatile State
208,11:03:28,2.83364,-20.6025,72.94302985,-45.351,-22.2832,-38.5737,2.28282,-269.864387,-33.3495,-126.27,-25.251,-28.748,-14.6196,-33.1357,-21.5065,-126.27,208,-186.26999999999998,Volatile State
209,11:03:29,2.58275,-19.3911,73.02464925,-44.547,-20.7296,-39.4682,2.26858,-254.419435,-28.8952,-128.606,-24.662,-27.6661,-14.9416,-34.1238,-20.7561,-128.606,209,-188.606,Volatile State
210,11:03:30,3.16568,-19.6306,73.10626866,-39.268,-20.7605,-39.2164,1.12704,-245.109493,-24.39,-130.849,-23.3426,-25.835,-13.5039,-34.6532,-19.1247,-130.849,210,-190.849,Volatile State
211,11:03:31,3.34147,-20.6166,73.18788806,-42.775,-20.1328,-38.4635,1.78415,-259.735813,-21.0742,-131.481,-22.6927,-26.7463,-10.7328,-34.391,-19.402,-131.481,211,-191.481,Volatile State
212,11:03:32,2.56078,-21.7869,73.26950746,-45.155,-18.8226,-38.1696,3.07608,-282.996059,-16.1857,-129.366,-22.5968,-29.6703,-7.24445,-33.6762,-20.5468,-129.366,212,-189.366,Volatile State
213,11:03:33,2.01897,-22.766,73.35112687,-43.82,-19.7744,-37.5395,2.71689,-295.937097,-13.4378,-127.252,-21.9614,-31.9005,-4.36171,-33.1894,-21.1479,-127.252,213,-187.252,Volatile State
214,11:03:34,1.67147,-23.4448,73.43274627,-41.951,-19.4784,-36.1138,3.90711,-293.805094,-8.4166,-125.137,-21.5391,-32.9724,-1.55224,-33.5794,-21.1875,-125.137,214,-185.137,Volatile State
215,11:03:35,2.3671,-24.194,73.51436567,-44.568,-17.8874,-33.4832,0.690031,-289.638106,-4.00496,-123.022,-20.0197,-33.3241,0.516355,-33.3773,-18.8547,-123.022,215,-183.022,Volatile State
216,11:03:36,2.98395,-25.286,73.59598507,-41.592,-18.5495,-31.2287,1.07051,-303.415998,-0.134969,-122.009,-18.0687,-34.8153,2.72636,-33.4855,-16.8258,-122.009,216,-182.00900000000001,Volatile State
217,11:03:37,3.02735,-26.4855,73.67760448,-42.97,-20.943,-30.8816,2.4151,-313.241076,3.59712,-122.763,-19.1513,-36.3647,3.12057,-33.9541,-16.5403,-122.763,217,-182.763,Volatile State
218,11:03:38,2.90253,-26.8448,73.75922388,-43.992,-19.2226,-31.7385,1.96222,-310.704765,7.06825,-123.584,-19.267,-37.7694,3.61405,-34.3025,-17.7749,-123.584,218,-183.584,Volatile State
219,11:03:39,4.13214,-25.8909,73.84084328,-38.045,-20.9905,-30.6023,4.07526,-320.913898,11.9779,-125.273,-20.8423,-37.7198,4.09527,-34.9195,-18.578,-125.273,219,-185.273,Volatile State
220,11:03:40,6.48531,-24.8442,73.92246269,-38.476,-18.0495,-28.6152,4.4192,-345.529488,15.0501,-126.349,-20.903,-37.838,4.17298,-37.2067,-19.3825,-126.349,220,-186.349,Volatile State
221,11:03:41,7.48934,-23.8497,74.00408209,-36.526,-14.4052,-26.6657,4.72187,-356.059607,19.7493,-129.636,-21.8961,-37.9803,4.99634,-39.9563,-19.7371,-129.636,221,-189.636,Volatile State
222,11:03:42,10.4266,-22.9299,74.08570149,-42.134,-16.6981,-24.8848,6.57505,-354.479716,23.0852,-133.294,-23.1839,-37.7982,5.37547,-41.2685,-17.9218,-133.294,222,-193.294,Volatile State
223,11:03:43,16.442,-22.6586,74.1673209,-39.78,-12.6154,-25.4645,5.57295,-338.900075,27.1873,-137.757,-23.2062,-37.2679,4.93427,-41.2496,-14.3367,-137.757,223,-197.757,Volatile State
224,11:03:44,22.0341,-22.7,74.2489403,-39.838,-13.1244,-25.5329,7.18948,-288.480923,31.2656,-140.32,-23.2808,-36.4108,3.12546,-41.5661,-12.1302,-140.32,224,-200.32,Volatile State
225,11:03:45,28.8201,-22.9218,74.3305597,-38.188,-11.3194,-23.5282,4.49396,-237.968403,34.3466,-143.955,-23.5384,-34.6406,2.16831,-42.7067,-11.6578,-143.955,225,-203.955,Volatile State
226,11:03:46,35.0753,-24.0974,74.4121791,-39.955,-9.87055,-21.4902,5.61294,-196.796501,38.0352,-147.062,-24.6526,-33.0465,1.3201,-42.4297,-11.9404,-147.062,226,-207.062,Volatile State
227,11:03:47,41.0777,-24.8999,74.49379851,-39.038,-10.0976,-22.447,5.96779,-187.607318,40.689,-150.899,-26.3088,-32.6891,1.72419,-43.1773,-11.3927,-150.899,227,-210.899,Volatile State
228,11:03:48,46.0947,-25.6053,74.57541791,-35.878,-9.83451,-23.005,5.87469,-191.485031,42.9945,-154.022,-26.0386,-32.6095,2.14705,-41.9226,-10.9605,-154.022,228,-214.022,Volatile State
229,11:03:49,52.7994,-26.3104,74.65703731,-34.888,-12.2732,-22.9186,5.49117,-200.119724,43.444,-155.853,-26.8514,-32.0441,1.88737,-41.2141,-10.2384,-155.853,229,-215.853,Volatile State
230,11:03:50,59.7064,-27.0261,74.73865672,-42.596,-13.2587,-22.4367,7.34081,-189.35453,43.6637,-154.749,-25.6764,-31.5924,0.695966,-39.1076,-8.43642,-154.749,230,-214.749,Volatile State
231,11:03:51,65.0261,-26.6789,74.82027612,-44.314,-13.3141,-22.9728,5.53798,-172.888778,45.1725,-153.642,-26.2472,-31.7976,-1.22498,-37.3952,-8.66755,-153.642,231,-213.642,Volatile State
232,11:03:52,69.9368,-25.4922,74.90189552,-42.161,-15.3678,-20.8403,5.22453,-167.6997,47.1179,-153.619,-26.1176,-34.0176,-2.99374,-36.9123,-9.43857,-153.619,232,-213.619,Volatile State
233,11:03:53,73.053,-24.2583,74.98351493,-39.71,-15.2077,-18.2285,6.81571,-176.696837,50.2784,-154.106,-26.2443,-35.3556,-4.88956,-35.6562,-9.1819,-154.106,233,-214.106,Volatile State
234,11:03:54,74.4437,-23.8995,75.06513433,-41.859,-17.7735,-15.6827,7.32924,-180.100383,52.9976,-152.575,-25.2414,-36.8505,-4.83049,-32.9921,-8.52093,-152.575,234,-212.575,Volatile State
235,11:03:55,74.1398,-23.8337,75.14675373,-43.514,-19.4061,-15.2289,8.7773,-184.74847,54.1042,-149.691,-25.2141,-36.6929,-4.27858,-29.053,-8.65656,-149.691,235,-209.691,Volatile State
236,11:03:56,73.2344,-23.886,75.22837313,-40.24,-20.3692,-14.1937,8.90144,-197.251403,54.7977,-146.574,-24.3483,-37.4453,-4.33441,-23.9638,-10.9964,-146.574,236,-206.574,Volatile State
237,11:03:57,72.8901,-23.2496,75.30999254,-40.818,-21.3196,-14.3355,7.48639,-207.65091,52.5322,-144.573,-22.5557,-37.653,-6.52848,-20.6038,-11.2795,-144.573,237,-204.573,Volatile State
238,11:03:58,69.9346,-21.8339,75.39161194,-42.762,-24.4848,-15.5194,7.21931,-219.253141,50.5494,-143.109,-20.8844,-37.9551,-8.19961,-19.8736,-10.8918,-143.109,238,-203.109,Volatile State
239,11:03:59,69.4265,-20.9989,75.47323134,-42.69,-26.3923,-13.6074,9.29784,-227.49921,48.0541,-142.621,-19.2666,-38.2287,-7.55991,-18.9224,-11.5029,-142.621,239,-202.621,Volatile State
240,11:04:00,69.3414,-20.8909,75.55485075,-41.591,-28.7475,-10.8466,8.0022,-233.384044,44.6016,-143.267,-18.9651,-37.4084,-7.16021,-17.327,-11.7994,-143.267,240,-203.267,Volatile State
241,11:04:01,70.6456,-20.8817,75.63647015,-37.111,-32.0378,-8.24454,6.52005,-236.068436,41.8469,-144.509,-18.9125,-35.6544,-6.35492,-15.8847,-13.5697,-144.509,241,-204.509,Volatile State
242,11:04:02,71.7578,-20.3334,75.71808955,-31.802,-31.9574,-6.64281,8.58374,-232.440209,39.111,-146.972,-19.9764,-34.7022,-5.34264,-14.8485,-13.0047,-146.972,242,-206.972,Volatile State
243,11:04:03,72.1454,-21.1303,75.79970896,-29.924,-35.2786,-7.57836,8.23874,-223.48511,36.1039,-149.121,-21.7999,-34.4237,-4.65886,-13.6937,-14.6203,-149.121,243,-209.121,Volatile State
244,11:04:04,71.1884,-22.0113,75.88132836,-29.021,-35.3348,-8.64673,8.29604,-223.131871,33.7327,-149.723,-22.7496,-33.51,-6.17445,-13.6297,-15.1406,-149.723,244,-209.723,Volatile State
245,11:04:05,71.81,-22.6375,75.96294776,-28.799,-36.0931,-10.7036,7.27343,-223.7086,32.6204,-149.91,-22.9355,-32.4102,-6.36691,-14.5849,-14.6886,-149.91,245,-209.91,Volatile State
246,11:04:06,72.8155,-23.0001,76.04456716,-26.485,-36.2172,-13.9322,8.69801,-220.409749,31.4205,-149.318,-23.5085,-32.8539,-3.60232,-15.0001,-16.41,-149.318,246,-209.318,Volatile State
247,11:04:07,74.4712,-22.7201,76.12618657,-25.915,-36.3947,-17.5603,7.8019,-229.437474,29.6341,-149.965,-24.5348,-35.2016,-0.272369,-15.3233,-17.2083,-149.965,247,-209.965,Volatile State
248,11:04:08,75.4118,-22.215,76.20780597,-26.452,-35.3507,-19.9212,7.16013,-238.708172,28.3276,-149.483,-24.1048,-38.1864,0.797644,-14.2594,-18.6075,-149.483,248,-209.483,Volatile State
249,11:04:09,77.6527,-21.1314,76.28942537,-25.654,-36.5404,-23.3094,7.43336,-242.760197,26.7339,-152.251,-23.7081,-40.6067,-0.150719,-14.3735,-19.4218,-152.251,249,-212.251,Volatile State
250,11:04:10,80.7526,-20.3925,76.37104478,-18.215,-35.1652,-28.3119,5.5187,-244.887575,23.4857,-154.458,-22.4096,-42.2679,-1.37159,-15.4858,-20.0096,-154.458,250,-214.458,Volatile State
251,11:04:11,81.6481,-20.3709,76.45266418,-19.486,-36.5296,-33.7924,4.24192,-239.891021,16.9657,-155.015,-22.7847,-42.0199,-3.61048,-17.199,-20.5154,-155.015,251,-215.015,Volatile State
252,11:04:12,81.2977,-20.1628,76.53428358,-23.325,-33.7234,-38.1614,2.68482,-236.935574,7.93938,-154.951,-23.1862,-42.7851,-3.57312,-18.2676,-19.27,-154.951,252,-214.951,Volatile State
253,11:04:13,82.4711,-19.9368,76.61590299,-23.835,-34.3758,-42.3552,2.73141,-227.652847,-0.510136,-155.913,-22.2583,-43.4575,-3.08383,-19.0791,-18.0884,-155.913,253,-215.913,Volatile State
254,11:04:14,85.0177,-20.4691,76.69752239,-21.013,-31.4664,-46.924,1.6507,-220.516318,-9.29076,-157.334,-23.0086,-43.9423,-3.57668,-18.7317,-18.6149,-157.334,254,-217.334,Volatile State
255,11:04:15,85.8502,-21.0657,76.77914179,-19.574,-29.941,-52.3811,1.19296,-229.351682,-12.7145,-157.552,-23.4671,-43.7701,-4.37165,-19.98,-16.1385,-157.552,255,-217.552,Volatile State
256,11:04:16,86.9887,-21.9746,76.86076119,-21.73,-27.3629,-57.9422,-0.114151,-249.591401,-15.2902,-157.632,-24.2254,-44.2199,-7.11998,-21.4144,-13.7425,-157.632,256,-217.632,Volatile State
257,11:04:17,87.8997,-23.4733,76.9423806,-20.458,-26.3434,-62.7224,1.86239,-254.166516,-17.6309,-158.924,-23.5643,-44.9784,-8.33063,-23.0622,-11.8876,-158.924,257,-218.924,Volatile State
258,11:04:18,88.0822,-24.1568,77.024,-17.67,-26.1615,-67.4173,0.818624,-242.376297,-18.0351,-159.142,-23.3761,-45.1417,-7.94626,-24.5012,-9.50241,-159.142,258,-219.142,Volatile State
259,11:04:19,90.2425,-24.391,66.958,-15.362,-28.1774,-73.6896,3.09169,-204.59344,-20.2316,-159.539,-24.4054,-42.7099,-7.03288,-26.0755,-7.72488,-159.539,259,-219.539,Volatile State
260,11:04:20,92.974,-25.5824,51.636,-17.945,-27.4036,-78.0074,2.6212,-177.73133,-19.7967,-160.082,-25.3076,-39.3947,-6.29516,-27.3806,-4.78801,-160.082,260,-220.082,Volatile State
261,11:04:21,94.7518,-26.2635,33.817,-19.555,-24.266,-80.7445,2.77032,-163.184685,-19.8849,-159.793,-25.721,-37.5033,-8.36283,-28.2386,-3.64647,-159.793,261,-219.793,Volatile State
262,11:04:22,95.7957,-26.6147,14.786,-17.475,-26.5586,-83.0704,2.5733,-166.768123,-19.6237,-157.637,-26.4486,-36.6888,-11.1658,-29.2002,-1.66644,-157.637,262,-217.637,Volatile State
263,11:04:23,97.8872,-26.3037,2.527,-15.865,-26.1698,-84.7707,2.77833,-173.969133,-17.3127,-154.613,-26.7653,-36.4382,-14.0682,-30.393,0.10741,-154.613,263,-214.613,Volatile State
264,11:04:24,97.5375,-26.226,3.827,-15.417,-28.2276,-85.8021,2.71656,-173.134349,-17.4959,-151.672,-26.7398,-35.4208,-15.5511,-32.3297,0.717504,-151.672,264,-211.672,Volatile State
265,11:04:25,97.041,-27.245,5.127,-18.808,-26.556,-85.2196,2.08882,-172.448332,-18.0802,-147.323,-28.4866,-33.8465,-16.1135,-34.025,2.56501,-147.323,265,-207.323,Volatile State
266,11:04:26,96.7254,-29.0942,6.427,-18.705,-29.7421,-82.5435,1.33992,-184.965913,-18.1751,-143.407,-28.4211,-33.0859,-14.0635,-34.709,2.69883,-143.407,266,-203.407,Volatile State
267,11:04:27,95.7175,-30.2008,7.727,-17.514,-28.7145,-79.0358,2.48886,-202.127881,-18.1823,-139.746,-27.5422,-32.7948,-12.8582,-34.9894,2.4465,-139.746,267,-199.746,Volatile State
268,11:04:28,94.2756,-29.7998,9.027,-21.3,-30.1238,-74.9247,3.57409,-212.551132,-19.1323,-136.762,-26.8918,-32.1855,-13.2713,-34.4644,0.746845,-136.762,268,-196.762,Volatile State
269,11:04:29,93.4395,-27.819,10.327,-22.905,-30.7562,-68.4885,2.88576,-214.503634,-19.5745,-133.445,-26.9134,-32.1954,-14.9542,-33.3008,0.624562,-133.445,269,-193.445,Volatile State
270,11:04:30,93.0034,-25.8985,11.627,-23.514,-31.286,-65.0783,2.3195,-202.50664,-18.6376,-130.74,-27.6595,-32.178,-17.098,-33.5054,0.346339,-130.74,270,-190.74,Volatile State
271,11:04:31,91.9031,-25.0637,12.927,-22.651,-32.6398,-61.651,0.554965,-193.641767,-18.1068,-128.377,-28.2184,-32.2237,-16.9095,-33.6345,0.690468,-128.377,271,-188.377,Volatile State
272,11:04:32,90.1259,-24.9537,14.227,-22.774,-31.6097,-56.1716,0.045422,-184.945686,-15.7169,-128.602,-28.2823,-31.2366,-17.3184,-34.4327,-1.48992,-128.602,272,-188.602,Volatile State
273,11:04:33,87.0343,-25.4373,15.527,-25.811,-35.2852,-49.7067,-0.403221,-178.778224,-13.643,-129.654,-28.0336,-31.6143,-17.282,-33.7938,-5.52076,-129.654,273,-189.654,Volatile State
274,11:04:34,84.9159,-26.5977,6.497,-26.562,-34.3681,-42.0257,-1.08959,-165.930346,-11.0142,-130.093,-27.8824,-30.8574,-17.9543,-32.916,-8.84608,-130.093,274,-190.093,Volatile State
275,11:04:35,83.2747,-27.8386,-0.287,-25.802,-37.6412,-34.8983,-1.33852,-150.831979,-10.2577,-130.94,-28.1081,-29.7383,-17.6753,-32.5094,-9.90681,-130.94,275,-190.94,Volatile State
276,11:04:36,81.4586,-28.9401,-4.657,-26.463,-37.0172,-27.3986,-1.25512,-145.2033,-9.71345,-130.52,-28.8329,-30.0155,-17.5992,-32.6392,-9.35317,-130.52,276,-190.52,Volatile State
277,11:04:37,79.9532,-28.4032,-8.671,-27.386,-38.6523,-22.0873,-0.968764,-153.271048,-10.3434,-130.215,-29.5307,-30.5928,-17.3574,-32.9375,-8.44358,-130.215,277,-190.215,Volatile State
278,11:04:38,80.5119,-26.3913,-15.896,-23.443,-40.7975,-14.7579,-1.84127,-163.419401,-10.5468,-130.955,-30.1571,-30.1154,-16.1709,-33.5402,-7.12536,-130.955,278,-190.955,Volatile State
279,11:04:39,80.8499,-24.5729,-26.304,-22.323,-38.4232,-6.15399,-2.57345,-190.240132,-9.81388,-131.774,-29.1186,-28.8383,-16.027,-33.1386,-5.24612,-131.774,279,-191.774,Volatile State
280,11:04:40,80.3528,-22.3504,-25.97311321,-22.548,-37.2243,4.1581,-2.16824,-233.478245,-7.12563,-133.559,-28.7773,-27.8743,-14.7828,-31.9417,-4.17667,-133.559,280,-193.559,Volatile State
281,11:04:41,78.8734,-21.3394,-25.64222642,-24.606,-37.1358,12.6058,-3.58064,-261.56077,-5.06981,-134.686,-28.3858,-27.9307,-13.285,-32.042,-4.75886,-134.686,281,-194.686,Volatile State
282,11:04:42,78.0274,-21.2688,-25.31133962,-26.979,-38.3156,19.4729,-1.7313,-259.500071,-2.86122,-134.992,-27.6288,-28.962,-10.6359,-31.3467,-4.01493,-134.992,282,-194.992,Volatile State
283,11:04:43,76.8522,-21.598,-24.98045283,-29.576,-36.0245,24.4307,-3.16026,-257.721092,-2.05732,-135.285,-27.1219,-28.823,-10.5485,-31.7536,-2.66816,-135.285,283,-195.285,Volatile State
284,11:04:44,73.2964,-21.518,-24.64956604,-29.584,-34.2641,29.6479,-4.09334,-265.925814,-1.22405,-137.384,-27.9638,-29.164,-9.63103,-31.6439,-2.73964,-137.384,284,-197.384,Volatile State
285,11:04:45,69.5459,-21.2497,-24.31867925,-29.993,-34.3458,33.6021,-5.13394,-267.889348,-2.22105,-140.271,-28.1638,-30.1879,-7.62565,-31.5468,-3.01093,-140.271,285,-200.271,Volatile State
286,11:04:46,63.7011,-21.1841,-23.98779245,-28.904,-31.5893,34.2294,-4.75025,-250.522933,-3.53679,-142.814,-26.2927,-31.3857,-5.1929,-30.5858,-3.70338,-142.814,286,-202.814,Volatile State
287,11:04:47,57.978,-20.575,-23.65690566,-24.729,-30.3903,32.7319,-7.37114,-214.317357,-4.75296,-145.178,-25.7998,-30.7178,-1.60658,-29.7086,-4.82569,-145.178,287,-205.178,Volatile State
288,11:04:48,51.4689,-20.1459,-23.32601887,-23.793,-30.301,30.6199,-8.21332,-177.402092,-6.46597,-147.751,-26.1156,-28.0242,-0.991328,-28.7689,-5.51657,-147.751,288,-207.751,Volatile State
289,11:04:49,44.7417,-20.7011,-22.99513208,-24.287,-29.8931,28.3365,-8.78959,-158.703744,-9.17674,-151.015,-25.4344,-25.8908,-2.24984,-28.2418,-5.00152,-151.015,289,-211.015,Volatile State
290,11:04:50,39.3321,-20.9909,-22.66424528,-26.107,-28.2746,24.908,-9.18681,-136.031392,-11.4727,-154.63,-24.3129,-24.6701,-4.61547,-27.7779,-4.15948,-154.63,290,-214.63,Volatile State
291,11:04:51,33.3117,-21.1201,-22.33335849,-24.967,-27.0639,20.4997,-8.48626,-120.535421,-12.4624,-158.147,-21.924,-24.4798,-5.53005,-27.6385,-3.89313,-158.147,291,-218.147,Volatile State
292,11:04:52,29.9618,-20.6698,-22.0024717,-23.407,-26.0774,15.2179,-9.10943,-112.569645,-14.1031,-162.255,-21.5645,-25.5979,-6.75506,-27.8162,-4.5347,-162.255,292,-222.255,Volatile State
293,11:04:53,28.4098,-20.0733,-21.67158491,-26.151,-27.1997,9.81748,-9.98494,-116.689415,-14.4608,-164.95,-21.2624,-26.1139,-7.24236,-27.2798,-3.67222,-164.95,293,-224.95,Volatile State
294,11:04:54,27.3526,-20.0729,-21.34069811,-28.036,-25.969,3.69526,-10.2457,-145.085196,-13.1653,-167.562,-21.924,-25.318,-8.08242,-27.5846,-1.74024,-167.562,294,-227.562,Volatile State
295,11:04:55,26.5898,-20.0388,-21.00981132,-25.022,-24.3944,-2.42238,-10.2055,-191.666393,-10.9263,-168.738,-23.251,-23.6733,-8.74358,-27.5743,0.855553,-168.738,295,-228.738,Volatile State
296,11:04:56,24.4037,-19.2397,-20.67892453,-21.711,-24.4039,-9.52826,-10.7389,-245.284026,-8.4903,-170.022,-24.1834,-21.5332,-9.6945,-28.6173,4.07273,-170.022,296,-230.022,Volatile State
297,11:04:57,21.408,-17.251,-20.34803774,-24.438,-24.3693,-17.3854,-10.873,-270.651775,-7.07851,-170.106,-24.2223,-19.8076,-9.22764,-28.6413,6.43003,-170.106,297,-230.106,Volatile State
298,11:04:58,17.1317,-15.2999,-20.01715094,-22.523,-24.0971,-24.3336,-11.8221,-269.367628,-5.30309,-168.695,-24.0333,-19.7321,-9.86553,-30.0206,7.93253,-168.695,298,-228.695,Volatile State
299,11:04:59,14.1834,-14.0943,-19.68626415,-21.432,-24.687,-32.3719,-13.3729,-253.297792,-4.9339,-167.672,-23.5459,-20.8327,-9.46854,-30.0245,9.58126,-167.672,299,-227.672,Volatile State
300,11:05:00,11.8734,-13.4048,-19.35537736,-22.986,-23.1047,-39.1805,-14.4342,-237.227957,-4.84124,-165.795,-24.0436,-22.236,-8.75723,-30.3619,10.9743,-165.795,300,-225.795,Volatile State
301,11:05:01,8.51331,-13.5881,-19.02449057,-25.567,-25.7483,-45.1934,-15.1223,-221.158121,-3.88708,-164.969,-25.8905,-22.715,-8.79424,-31.6101,10.4807,-164.969,301,-224.969,Volatile State
302,11:05:02,6.17164,-13.3401,-18.69360377,-25.209,-22.9412,-51.4404,-14.9785,-200.449662,-1.95639,-163.821,-27.2316,-24.2798,-8.47264,-31.8304,8.68999,-163.821,302,-223.821,Volatile State
303,11:05:03,4.68776,-12.9442,-18.36271698,-25.891,-25.7507,-56.9707,-15.4942,-171.075325,-0.357377,-162.554,-27.595,-25.581,-7.37748,-32.8352,9.81532,-162.554,303,-222.554,Volatile State
304,11:05:04,3.25277,-13.379,-18.03183019,-24.739,-27.3262,-61.1253,-15.8044,-140.784476,3.29122,-162.918,-28.6796,-24.4767,-5.51871,-32.5282,10.7412,-162.918,304,-222.918,Volatile State
305,11:05:05,-1.18417,-13.8112,-17.7009434,-24.219,-29.6049,-62.9826,-17.6306,-120.137615,7.32193,-163.482,-30.1181,-22.8133,-4.35927,-31.6605,11.8461,-163.482,305,-223.482,Volatile State
306,11:05:06,-6.42166,-14.5317,-17.3700566,-23.786,-30.7317,-64.2456,-18.8911,-100.785417,11.2543,-163.771,-31.9183,-21.9297,-2.03595,-32.4152,11.5107,-163.771,306,-223.771,Volatile State
307,11:05:07,-11.4247,-15.093,-17.03916981,-26.83,-32.9405,-65.4106,-20.3929,-77.060775,15.5474,-165.257,-33.1029,-22.2428,1.04278,-32.8462,10.8377,-165.257,307,-225.257,Volatile State
308,11:05:08,-14.9921,-15.2974,-16.70828302,-27.963,-34.3371,-65.4114,-22.1873,-73.787229,21.5848,-167.984,-34.4306,-23.0622,1.18455,-33.0859,10.8975,-167.984,308,-227.984,Volatile State
309,11:05:09,-19.8277,-15.2629,-16.37739623,-27.001,-34.5487,-63.8171,-22.2132,-106.064604,29.0815,-171.313,-34.4101,-24.279,1.37142,-33.3339,11.5698,-171.313,309,-231.313,Volatile State
310,11:05:10,-24.8276,-15.1441,-16.04650943,-28.883,-34.6552,-63.6322,-22.8253,-142.407305,36.7319,-174.636,-35.0279,-24.8292,1.00675,-33.7252,12.4149,-174.636,310,-234.636,Volatile State
311,11:05:11,-30.0615,-14.9316,-15.71562264,-30.319,-36.3914,-63.4729,-22.8877,-152.676396,44.0188,-178.363,-35.3109,-25.4297,0.286867,-33.779,12.8647,-178.363,311,-238.363,Volatile State
312,11:05:12,-35.0566,-14.4135,-15.38473585,-26.543,-35.259,-62.2392,-22.1298,-161.015787,50.7152,-180.542,-35.8142,-26.8164,0.497621,-33.335,14.0786,-180.542,312,-240.542,Volatile State
313,11:05:13,-40.7458,-14.1287,-15.05384906,-24.623,-35.185,-61.4531,-22.6733,-158.809993,53.4451,-182.667,-35.4434,-27.8469,-0.391446,-33.4582,14.7001,-182.667,313,-242.667,Volatile State
314,11:05:14,-44.0477,-14.6138,-14.72296226,-27.1,-34.8201,-61.2887,-23.7485,-160.180687,57.2807,-186.516,-35.1954,-27.9088,-1.32513,-34.2152,13.4517,-186.516,314,-246.516,Volatile State
315,11:05:15,-47.3168,-15.3641,-14.39207547,-27.64,-33.968,-60.6805,-22.7211,-171.110979,58.0441,-189.385,-34.9316,-27.6496,-3.54885,-35.3527,13.6122,-189.385,315,-249.385,Volatile State
316,11:05:16,-49.9685,-15.9643,-14.06118868,-26.252,-35.0708,-56.8266,-22.1078,-183.28346,58.546,-192.124,-34.6099,-27.7018,-5.43428,-36.356,14.5869,-192.124,316,-252.124,Volatile State
317,11:05:17,-52.4892,-15.6263,-13.73030189,-26.92,-33.1589,-53.9501,-21.1039,-183.685411,59.4432,-194.32,-34.4272,-29.6799,-7.10811,-36.2608,16.0006,-194.32,317,-254.32,Volatile State
318,11:05:18,-55.4042,-15.2853,-13.39941509,-24.646,-32.5062,-51.1595,-23.5062,-175.766874,59.7041,-196.379,-33.8457,-30.1393,-5.12869,-35.8769,15.9008,-196.379,318,-256.379,Volatile State
319,11:05:19,-59.7649,-15.4574,-13.0685283,-25.959,-29.1939,-48.6908,-23.0927,-170.584403,60.1873,-200.928,-33.7087,-29.6754,-3.68477,-34.6241,14.9134,-200.928,319,-260.928,Volatile State
320,11:05:20,-66.5966,-15.621,-12.73764151,-23.177,-27.3182,-48.4726,-24.306,-164.941876,60.1968,-205.935,-35.1279,-27.9755,-4.07535,-33.9421,13.1899,-205.935,320,-265.935,Volatile State
321,11:05:21,-72.8,-15.5663,-12.40675472,-20.58,-25.3899,-50.4553,-23.157,-142.055241,59.8952,-210.822,-36.7981,-27.5643,-4.90465,-34.778,13.1221,-210.822,321,-270.822,Volatile State
322,11:05:22,-79.6844,-14.5241,-12.07586792,-23.361,-24.978,-51.6267,-21.1326,-121.385662,58.6831,-212.254,-37.3214,-27.0036,-5.67064,-35.3096,15.0779,-212.254,322,-272.254,Volatile State
323,11:05:23,-83.3673,-13.3122,-11.74498113,-27.109,-22.1079,-53.2426,-21.5723,-129.484564,56.2309,-212.558,-38.3917,-27.3686,-7.6345,-36.413,15.3911,-212.558,323,-272.558,Volatile State
324,11:05:24,-87.2826,-12.0547,-11.41409434,-30.688,-21.4912,-55.7088,-20.3055,-152.497353,52.5651,-207.349,-39.3227,-27.6542,-8.63215,-36.1061,15.0377,-207.349,324,-267.349,Volatile State
325,11:05:25,-90.2785,-11.1578,-11.08320755,-30.762,-20.7494,-57.7548,-19.6325,-181.071291,46.8779,-203.177,-40.1709,-27.7509,-7.17075,-35.9273,14.4376,-203.177,325,-263.177,Volatile State
326,11:05:26,-95.6923,-10.6684,-10.75232075,-31.293,-20.2694,-59.7702,-19.6599,-195.666184,41.8975,-200.223,-39.776,-27.4015,-5.53438,-34.983,13.027,-200.223,326,-260.223,Volatile State
327,11:05:27,-101.723,-10.3192,-10.42143396,-33.978,-20.1737,-63.9503,-18.4462,-199.015716,37.9058,-196.63,-38.5622,-28.9955,-5.77434,-35.104,11.6839,-196.63,327,-256.63,Volatile State
328,11:05:28,-109.003,-10.1385,-10.09054717,-31.009,-21.2243,-65.4255,-18.6431,-191.842581,33.2237,-194.177,-37.9709,-29.928,-7.85105,-36.7349,12.1947,-194.177,328,-254.177,Volatile State
329,11:05:29,-113.658,-10.3525,-9.759660377,-26.718,-22.6867,-65.9185,-17.6565,-165.756981,28.0802,-192.354,-37.6029,-28.9487,-7.10949,-37.0135,12.6751,-192.354,329,-252.354,Volatile State
330,11:05:30,-119.921,-11.9578,-9.428773585,-26.933,-25.0365,-64.05,-16.3897,-126.714809,22.5246,-191.036,-36.655,-26.9327,-5.89473,-38.0729,11.8054,-191.036,330,-251.036,Volatile State
331,11:05:31,-125.357,-13.4373,-9.097886792,-30.978,-24.8848,-63.8653,-15.2639,-77.522999,18.573,-190.48,-36.1082,-26.4381,-6.17692,-38.2625,9.08588,-190.48,331,-250.48,Volatile State
332,11:05:32,-131.126,-14.9182,-8.767,-31.463,-25.6117,-64.6248,-15.5011,-46.13471,16.2536,-190.206,-34.6676,-26.7524,-6.37017,-38.0271,6.15425,-190.206,332,-250.206,Volatile State
333,11:05:33,-138.533,-15.0564,-8.436113208,-32.19,-28.3385,-64.0749,-13.2659,-38.929708,13.5171,-190.741,-33.6073,-28.3529,-8.74844,-36.0215,4.53836,-190.741,333,-250.741,Volatile State
334,11:05:34,-146.296,-15.05,-8.105226415,-34.139,-30.383,-63.144,-12.5798,-58.107871,11.2911,-192.304,-32.0281,-28.8308,-11.8671,-35.2228,5.82736,-192.304,334,-252.304,Volatile State
335,11:05:35,-153.672,-14.7179,-7.774339623,-34.762,-29.4378,-60.9857,-11.1155,-71.857285,6.62074,-193.81,-30.4587,-28.8522,-14.8381,-35.3144,7.05573,-193.81,335,-253.81,Volatile State
336,11:05:36,-159.051,-13.8083,-7.44345283,-33.846,-29.9863,-58.9481,-10.9742,-78.955163,2.30107,-195.694,-29.3005,-26.6182,-16.875,-34.5354,7.19653,-195.694,336,-255.694,Volatile State
337,11:05:37,-164.328,-12.6442,-7.112566038,-32.781,-32.1196,-56.9933,-10.8145,-84.623063,-4.02323,-196.046,-27.6213,-25.4035,-19.5002,-34.2694,6.67535,-196.046,337,-256.046,Volatile State
338,11:05:38,-168.725,-12.3469,-6.781679245,-33.026,-32.4275,-55.6823,-8.11491,-91.908145,-9.24404,-196.028,-25.9844,-24.7791,-22.666,-34.1565,5.43852,-196.028,338,-256.028,Volatile State
339,11:05:39,-172.422,-13.0009,-6.450792453,-29.924,-32.559,-53.3357,-11.4969,-110.965521,-13.3787,-195.024,-25.2879,-23.6985,-25.8746,-33.427,5.38426,-195.024,339,-255.024,Volatile State
340,11:05:40,-175.939,-14.5367,-6.11990566,-31.558,-34.8401,-49.0974,-10.9105,-127.820443,-16.9648,-192.091,-25.7625,-22.3619,-26.9204,-34.1937,6.16824,-192.091,340,-252.091,Volatile State
341,11:05:41,-177.584,-14.6974,-5.789018868,-32.906,-36.0294,-43.8599,-8.21958,-153.051854,-19.2796,-187.764,-27.5899,-21.6765,-27.6805,-35.1324,7.27749,-187.764,341,-247.764,Volatile State
342,11:05:42,-178.122,-15.6531,-5.458132075,-33.37,-37.1861,-37.7544,-7.86981,-184.172678,-20.8711,-184.061,-28.4409,-22.3623,-27.9595,-35.0332,6.96521,-184.061,342,-244.061,Volatile State
343,11:05:43,-178.653,-16.3976,-5.127245283,-31.364,-36.1122,-31.7978,-7.91718,-227.111137,-21.2496,-181.675,-28.6208,-21.3016,-26.7421,-33.3607,6.55236,-181.675,343,-241.675,Volatile State
344,11:05:44,-178.552,-16.0372,-4.796358491,-31.374,-37.9535,-27.0675,-6.00191,-257.74322,-19.8555,-180.992,-29.233,-18.8855,-25.8656,-31.4748,7.09563,-180.992,344,-240.992,Volatile State
345,11:05:45,-178.324,-14.8643,-4.465471698,-27.861,-36.4879,-20.6637,-6.10722,-269.008965,-18.8449,-181.88,-29.1975,-17.5426,-24.1163,-30.4675,7.8937,-181.88,345,-241.88,Volatile State
346,11:05:46,-175.954,-13.5794,-4.134584906,-26.778,-35.6811,-14.4752,-5.70612,-258.526476,-16.319,-181.861,-29.9223,-16.86,-23.634,-29.3723,6.55715,-181.861,346,-241.861,Volatile State
347,11:05:47,-170.758,-12.3785,-3.803698113,-27.178,-36.5344,-8.16139,-5.4009,-250.435174,-15.1631,-181.457,-30.7692,-16.6577,-22.1931,-27.6359,6.70497,-181.457,347,-241.457,Volatile State
348,11:05:48,-164.456,-11.9121,-3.472811321,-29.765,-34.0722,-3.2075,-6.26386,-238.68793,-13.1259,-180.87,-30.2654,-17.1775,-21.2974,-26.2912,7.43171,-180.87,348,-240.87,Volatile State
349,11:05:49,-159.701,-12.1276,-3.141924528,-26.95,-31.7109,2.58787,-5.33388,-247.018747,-11.0994,-182.487,-30.0937,-17.5962,-20.0831,-24.3749,7.44633,-182.487,349,-242.487,Volatile State
350,11:05:50,-156.401,-12.518,-2.811037736,-29.084,-27.8482,6.53897,-3.56029,-271.146555,-9.09525,-183.856,-30.4018,-17.3486,-19.1048,-23.8965,7.85624,-183.856,350,-243.856,Volatile State
351,11:05:51,-153.142,-13.1825,-2.480150943,-29.31,-24.522,11.0158,-1.21825,-287.513227,-6.79699,-186.484,-29.4101,-18.2425,-18.9733,-24.6083,9.76723,-186.484,351,-246.484,Volatile State
352,11:05:52,-148.185,-12.9988,-2.149264151,-26.743,-23.3892,15.3459,-1.76934,-275.233497,-3.41955,-189.359,-28.2468,-20.3583,-20.0891,-24.6971,12.8289,-189.359,352,-249.359,Volatile State
353,11:05:53,-141.834,-12.7988,-1.818377358,-24.228,-20.8966,18.7416,-3.14929,-245.090256,-1.59249,-193.998,-26.9968,-22.7671,-20.1949,-24.1242,16.8288,-193.998,353,-253.998,Volatile State
354,11:05:54,-134.558,-11.1183,-1.487490566,-23.483,-18.0557,22.0332,-4.1493,-222.851505,-0.670585,-199.311,-26.3024,-24.567,-20.5901,-22.9465,16.9556,-199.311,354,-259.31100000000004,Volatile State
355,11:05:55,-125.322,-10.9559,-1.156603774,-25.918,-14.5022,23.85,-4.09779,-213.688715,0.078639,-202.668,-25.6895,-24.9775,-21.4292,-21.1592,15.8478,-202.668,355,-262.668,Volatile State
356,11:05:56,-119.874,-11.3637,-0.825716981,-26.522,-14.9155,25.3616,-4.14922,-204.525925,1.32724,-203.76,-24.7181,-25.1359,-21.4429,-19.241,16.1882,-203.76,356,-263.76,Volatile State
357,11:05:57,-114.235,-11.8826,-0.494830189,-25.765,-12.9693,25.4561,-5.07816,-195.363135,1.16392,-203.222,-23.4892,-26.3861,-20.0368,-17.5679,17.4424,-203.222,357,-263.222,Volatile State
358,11:05:58,-110.753,-12.4654,-0.163943396,-26.441,-10.9424,25.8457,-3.86034,-186.128672,0.541726,-202.28,-21.6521,-28.6668,-18.8255,-17.7471,19.0208,-202.28,358,-262.28,Volatile State
359,11:05:59,-109.21,-13.4161,0.166943396,-24.286,-9.33842,25.8617,-0.824179,-195.751284,-1.55138,-201.283,-20.1514,-29.6063,-19.203,-17.6845,20.5114,-201.283,359,-261.283,Volatile State
360,11:06:00,-110.236,-14.6323,0.497830189,-23.621,-7.63234,24.875,-0.06525,-213.442804,-4.06285,-200.176,-17.9293,-29.8821,-21.4661,-17.2702,20.4314,-200.176,360,-260.176,Volatile State
361,11:06:01,-110.369,-16.7537,0.828716981,-21.525,-8.71832,24.0015,-0.006109,-229.672538,-5.97026,-197.61,-16.5074,-31.5559,-22.379,-15.4607,18.7494,-197.61,361,-257.61,Volatile State
362,11:06:02,-111.255,-18.5044,1.159603774,-22.29,-9.8607,24.526,-0.986013,-235.061559,-7.60572,-195.018,-15.6401,-32.8565,-21.897,-14.6967,18.037,-195.018,362,-255.018,Volatile State
363,11:06:03,-111.852,-19.4643,1.490490566,-24.181,-11.9312,20.2392,0.029247,-220.182906,-9.33129,-191.26,-15.7693,-32.5172,-20.7312,-15.2191,19.2436,-191.26,363,-251.26,Volatile State
364,11:06:04,-114.402,-19.5364,1.821377358,-22.498,-12.6982,15.845,0.961688,-204.718561,-9.4942,-186.909,-15.8691,-31.7668,-20.5829,-15.0875,20.8207,-186.909,364,-246.909,Volatile State
365,11:06:05,-113.975,-19.3429,2.152264151,-22.052,-13.5807,12.2095,1.05831,-195.49108,-10.199,-182.353,-14.3478,-29.9339,-17.8559,-15.4069,22.3666,-182.353,365,-242.353,Volatile State
366,11:06:06,-115.553,-19.6726,2.483150943,-22.478,-15.6441,9.82246,1.60389,-170.437325,-9.93725,-177.858,-12.5293,-28.9202,-16.1953,-16.9765,21.3966,-177.858,366,-237.858,Volatile State
367,11:06:07,-116.018,-19.3965,2.814037736,-18.698,-15.7848,7.01657,2.318,-141.476816,-10.9284,-174.07,-11.6292,-29.6734,-17.1146,-19.7567,21.7281,-174.07,367,-234.07,Volatile State
368,11:06:08,-116.489,-18.0936,3.144924528,-14.174,-14.8076,5.071,3.47728,-137.816822,-11.0714,-171.394,-10.8013,-30.4754,-16.9131,-20.8199,20.8206,-171.394,368,-231.394,Volatile State
369,11:06:09,-116.745,-17.3529,3.475811321,-12.911,-15.8427,6.48644,5.17702,-153.346255,-12.3654,-167.829,-9.80971,-29.3802,-15.4771,-21.9847,20.1237,-167.829,369,-227.829,Volatile State
370,11:06:10,-117.311,-16.6216,3.806698113,-13.69,-16.2973,7.69992,4.90563,-191.100616,-14.2215,-164.087,-10.2042,-28.2362,-12.3469,-22.3092,20.8424,-164.087,370,-224.087,Volatile State
371,11:06:11,-118.004,-16.0808,4.137584906,-14.373,-16.6202,4.6471,6.44028,-228.854977,-15.8807,-160.362,-10.8066,-29.0063,-11.9627,-23.0678,19.7425,-160.362,371,-220.362,Volatile State
372,11:06:12,-117.696,-15.1041,4.468471698,-13.577,-18.6081,0.852009,7.46577,-266.609338,-16.7442,-157.408,-10.6279,-29.027,-13.0006,-25.3802,17.7442,-157.408,372,-217.408,Volatile State
373,11:06:13,-116.147,-14.1034,4.799358491,-11.411,-19.1346,-2.22233,8.81856,-255.286403,-18.8184,-155.06,-10.8612,-27.8967,-13.8899,-26.1142,15.8993,-155.06,373,-215.06,Volatile State
374,11:06:14,-116.599,-13.235,5.130245283,-9.124,-19.3117,-3.54323,9.33531,-237.150336,-19.0145,-153.548,-11.0715,-26.933,-14.4438,-27.6744,14.8367,-153.548,374,-213.548,Volatile State
375,11:06:15,-116.951,-12.5647,5.461132075,-5.355,-20.0332,-5.85869,8.93282,-222.534858,-19.3526,-152.075,-10.1681,-25.9884,-14.8004,-29.5082,15.2567,-152.075,375,-212.075,Volatile State
376,11:06:16,-117.495,-11.1163,5.792018868,-5.2,-20.3866,-8.61896,9.32184,-206.012331,-18.9251,-149.881,-10.5102,-25.1234,-14.1358,-30.7642,14.307,-149.881,376,-209.881,Volatile State
377,11:06:17,-116.956,-9.37842,6.12290566,-8.346,-23.2116,-11.2909,9.18814,-209.949271,-19.3702,-146.143,-12.2686,-24.9148,-13.4427,-31.5512,12.8522,-146.143,377,-206.143,Volatile State
378,11:06:18,-116.109,-7.8662,6.453792453,-10.157,-21.9661,-13.5738,8.75415,-229.210614,-19.1535,-142.019,-15.186,-25.1384,-12.6062,-31.4383,11.0122,-142.019,378,-202.019,Volatile State
379,11:06:19,-115.51,-6.0148,6.784679245,-9.18,-22.6815,-16.209,9.38868,-244.204695,-18.1081,-137.688,-16.1789,-25.5418,-12.4679,-32.2928,10.0968,-137.688,379,-197.688,Volatile State
380,11:06:20,-115.559,-3.86043,7.115566038,-9.954,-25.7798,-17.5114,9.65035,-262.163895,-15.5123,-132.651,-17.9178,-24.8137,-12.358,-33.7827,9.32858,-132.651,380,-192.651,Volatile State
381,11:06:21,-115.882,-1.50539,7.44645283,-9.566,-24.7173,-18.414,9.81564,-279.143913,-14.1366,-128.386,-20.2055,-24.7056,-11.623,-34.9478,10.2587,-128.386,381,-188.386,Volatile State
382,11:06:22,-116.904,0.509623,7.777339623,-9.799,-25.9467,-16.4327,10.0873,-279.194802,-12.5854,-123.749,-21.0512,-24.6039,-10.2093,-35.6298,11.4296,-123.749,382,-183.749,Volatile State
383,11:06:23,-118.058,2.83077,8.108226415,-12.842,-26.2602,-12.2113,9.67059,-266.66827,-14.3953,-119.186,-22.2808,-24.1119,-8.05789,-36.4801,10.6153,-119.186,383,-179.186,Volatile State
384,11:06:24,-118.217,5.30461,8.439113208,-16.15,-27.9564,-7.13921,9.86749,-249.802361,-14.1227,-115.159,-23.729,-24.9597,-5.96604,-35.3671,8.70535,-115.159,384,-175.159,Volatile State
385,11:06:25,-117.807,7.6981,8.77,-17.57,-28.1067,-2.47502,10.9577,-245.912332,-17.2397,-110.581,-24.8325,-26.4314,-6.52691,-33.9044,6.05028,-110.581,385,-170.58100000000002,Volatile State
386,11:06:26,-119.017,10.1568,17.281,-19.564,-26.3931,0.824003,9.25383,-256.19343,-20.0494,-106.09,-26.7086,-29.1107,-7.9564,-32.5169,5.618,-106.09,386,-166.09,Volatile State
387,11:06:27,-119.626,12.6872,26.99871429,-20.085,-25.5619,3.13936,9.27952,-282.280272,-21.8498,-101.346,-27.6241,-27.9105,-9.2262,-32.1793,6.77156,-101.346,387,-161.346,Volatile State
388,11:06:28,-120.064,14.7225,36.71642857,-18.274,-28.6694,5.03846,8.05113,-300.011126,-23.4266,-95.7917,-29.8242,-26.4371,-9.48528,-34.0789,9.96482,-95.7917,388,-155.7917,Volatile State
389,11:06:29,-119.494,16.253,46.43414286,-16.991,-28.6775,8.78647,7.44049,-302.384478,-23.2871,-91.6903,-29.5566,-25.4139,-8.99575,-35.7257,13.1768,-91.6903,389,-151.69029999999998,Volatile State
390,11:06:30,-118.485,17.6432,56.15185714,-17.764,-31.0087,12.0685,7.94908,-295.263472,-21.9369,-88.9677,-30.1258,-25.6713,-8.56188,-37.0227,13.5673,-88.9677,390,-148.96769999999998,Volatile State
391,11:06:31,-116.884,17.9475,65.86957143,-22.295,-32.3593,12.7195,8.31258,-283.653277,-21.6339,-86.4004,-30.9697,-26.7849,-8.5365,-35.4649,13.7968,-86.4004,391,-146.4004,Volatile State
392,11:06:32,-115.624,17.4177,75.58728571,-23.688,-33.442,7.94135,10.1766,-263.797584,-18.7537,-82.8807,-33.4474,-26.5725,-8.17391,-33.1654,15.6146,-82.8807,392,-142.8807,Volatile State
393,11:06:33,-113.851,17.82,85.305,-21.372,-33.9567,2.03554,10.5093,-245.945045,-16.9342,-80.7536,-34.9112,-27.2636,-7.47065,-32.378,16.9272,-80.7536,393,-140.7536,Volatile State
394,11:06:34,-109.83,17.9666,84.303,-21.833,-32.6573,-5.23915,10.9895,-229.422331,-12.9797,-77.689,-34.7684,-27.8595,-5.43215,-31.653,18.828,-77.689,394,-137.689,Volatile State
395,11:06:35,-104.4,18.2587,84.206,-24.562,-36.0935,-14.2683,9.43986,-225.838499,-11.0312,-75.0419,-34.3739,-28.0393,-4.88918,-31.8813,21.8995,-75.0419,395,-135.0419,Volatile State
396,11:06:36,-99.2664,18.4957,83.433,-23.667,-33.7029,-20.9666,6.13911,-231.422645,-7.21814,-72.0885,-35.4306,-28.4856,-3.32992,-31.8682,21.9068,-72.0885,396,-132.0885,Volatile State
397,11:06:37,-95.4498,18.8726,82.848,-22.136,-34.2659,-25.9659,3.63984,-248.847842,-3.92375,-69.8948,-36.7717,-26.8925,-2.66229,-31.7246,22.9297,-69.8948,397,-129.8948,Volatile State
398,11:06:38,-91.0828,18.6404,81.117,-24.622,-34.0022,-30.4337,3.92653,-267.017317,-1.74104,-67.439,-36.2942,-25.915,-2.20613,-30.2125,22.7973,-67.439,398,-127.439,Volatile State
399,11:06:39,-85.7648,18.1393,79.058,-27.401,-34.0203,-35.3176,2.69718,-288.356368,-0.578523,-67.104,-37.1468,-26.0064,-0.496327,-29.3843,23.2057,-67.104,399,-127.104,Volatile State
400,11:06:40,-81.6497,16.6459,78.148,-28.289,-33.5466,-40.3188,2.04008,-309.281657,0.716988,-66.0839,-38.5259,-26.1733,2.76402,-30.1565,22.972,-66.0839,400,-126.0839,Volatile State
401,11:06:41,-77.9766,16.1402,79.153,-28.281,-29.9817,-45.5382,0.423047,-314.864598,0.985734,-65.8153,-40.0647,-26.1713,5.8861,-32.2038,22.2817,-65.8153,401,-125.8153,Volatile State
402,11:06:42,-74.4918,17.2835,83.86,-31.511,-27.2707,-49.6009,-0.518209,-306.717099,2.54757,-64.0521,-41.1242,-25.7052,7.41772,-33.1841,22.024,-64.0521,402,-124.0521,Volatile State
403,11:06:43,-71.8941,18.5222,93.308,-32.155,-26.1815,-52.8413,-1.60208,-276.826825,5.40881,-60.3112,-39.4615,-25.7872,9.12585,-33.5732,23.5392,-60.3112,403,-120.3112,Volatile State
404,11:06:44,-70.3869,18.7856,107.138,-31.647,-25.759,-57.0967,-2.33426,-245.987439,7.5946,-56.7526,-38.0855,-23.9255,10.1046,-31.779,23.9241,-56.7526,404,-116.7526,Volatile State
405,11:06:45,-69.9038,17.7205,122.098,-32.456,-26.2398,-63.2713,-2.53094,-232.472403,9.97091,-52.4126,-36.0461,-22.0277,12.5453,-28.6484,24.2121,-52.4126,405,-112.4126,Volatile State
406,11:06:46,-71.559,15.0689,139.287,-31.635,-24.8777,-66.3938,-4.0166,-241.929121,12.3273,-47.9293,-33.8281,-19.4035,14.7244,-27.8715,24.952,-47.9293,406,-107.9293,Volatile State
407,11:06:47,-72.2214,13.9739,146.099,-31.068,-25.0993,-64.8612,-5.20266,-240.413621,15.6179,-44.044,-32.6599,-19.1692,14.8111,-27.9258,25.5057,-44.044,407,-104.044,Volatile State
408,11:06:48,-73.4191,12.7552,147.927,-34.526,-25.2005,-62.8043,-4.70976,-226.353534,18.7845,-40.6717,-30.8015,-18.7448,16.3838,-27.3106,25.5557,-40.6717,408,-100.6717,Volatile State
409,11:06:49,-72.5478,11.3367,145.788,-33.785,-26.3465,-59.216,-3.91207,-218.093479,20.2734,-37.4401,-30.7784,-17.1027,16.5984,-26.0466,26.4094,-37.4401,409,-97.4401,Volatile State
410,11:06:50,-71.3933,11.385,141.184,-31.759,-28.4815,-53.8491,-5.58793,-217.873731,22.8444,-35.6766,-30.045,-14.8437,18.1656,-23.6401,25.7204,-35.6766,410,-95.67660000000001,Volatile State
411,11:06:51,-68.7807,12.3176,136.109,-28.765,-29.738,-46.9421,-6.26519,-206.427972,25.6069,-33.954,-29.5713,-13.6014,19.346,-22.1444,24.275,-33.954,411,-93.95400000000001,Volatile State
412,11:06:52,-66.4709,14.0137,130.967,-27.928,-33.8131,-38.8934,-5.98643,-178.281972,29.8719,-31.9729,-28.5784,-13.5009,19.3062,-21.7331,23.9208,-31.9729,412,-91.9729,Volatile State
413,11:06:53,-66.1319,16.205,128.08,-27.529,-33.5094,-33.3707,-5.60081,-142.952852,31.4741,-31.6665,-29.2061,-13.5196,17.5893,-21.2997,24.5724,-31.6665,413,-91.6665,Volatile State
414,11:06:54,-65.7867,18.2051,126.99,-26.855,-35.3955,-27.3707,-2.72903,-111.134913,35.4655,-30.4502,-29.027,-12.8142,16.7417,-21.5537,24.0731,-30.4502,414,-90.4502,Volatile State
415,11:06:55,-66.2235,19.6879,127.169,-24.944,-37.4924,-23.1256,-6.39207,-85.467392,37.652,-29.6663,-29.1741,-11.6318,15.6942,-21.8694,23.4412,-29.6663,415,-89.6663,Volatile State
416,11:06:56,-67.8339,19.6906,126.934,-26.397,-36.6767,-18.5086,-8.7774,-97.038306,40.4499,-28.7789,-29.841,-10.9911,16.3915,-20.7589,21.763,-28.7789,416,-88.7789,Volatile State
417,11:06:57,-69.895,19.6363,125.613,-28.036,-34.8857,-13.576,-10.0086,-138.423766,41.6305,-25.9416,-29.4207,-12.0245,18.9416,-18.6068,19.8163,-25.9416,417,-85.9416,Volatile State
418,11:06:58,-71.0043,19.8121,125.934,-28.361,-34.9777,-6.7173,-10.3524,-163.727245,43.7303,-23.9665,-28.1575,-13.4596,19.2567,-18.5482,18.7652,-23.9665,418,-83.9665,Volatile State
419,11:06:59,-72.7032,20.1005,127.009,-25.016,-36.0682,0.326177,-11.9491,-188.11973,44.6257,-22.1548,-28.6123,-14.6494,18.2656,-19.8294,19.9194,-22.1548,419,-82.1548,Volatile State
420,11:07:00,-72.6028,20.2104,131.007,-21.351,-34.8647,6.76753,-10.7726,-209.139832,44.9053,-21.8532,-28.4145,-14.4302,15.3117,-20.118,21.8207,-21.8532,420,-81.8532,Volatile State
421,11:07:01,-71.4751,19.687,133.619,-22.33,-35.683,13.2633,-8.38637,-191.04978,43.9561,-20.8599,-30.1673,-14.6842,13.5379,-20.8083,22.7245,-20.8599,421,-80.8599,Volatile State
422,11:07:02,-69.4717,19.308,138.187,-24.407,-33.7697,18.3436,-7.81308,-163.535203,42.6786,-20.9838,-31.1849,-15.529,13.0897,-21.2989,22.4767,-20.9838,422,-80.9838,Volatile State
423,11:07:03,-68.2613,19.2445,143.998,-23.078,-33.0279,23.2027,-8.4001,-170.592053,39.8929,-18.9927,-31.9312,-15.8593,15.6895,-20.777,21.3771,-18.9927,423,-78.9927,Volatile State
424,11:07:04,-68.5215,19.2734,150.213,-18.349,-33.7309,28.5399,-9.50462,-176.646145,40.0871,-18.3339,-32.509,-14.3162,19.8522,-20.4082,21.7765,-18.3339,424,-78.3339,Volatile State
425,11:07:05,-67.7457,19.2424,157.297,-19.571,-33.5209,30.9753,-9.49495,-186.213673,38.3627,-16.5117,-31.3949,-12.753,18.1229,-19.7985,22.6591,-16.5117,425,-76.5117,Volatile State
426,11:07:06,-66.28,18.9382,162.72,-22.707,-34.1114,30.5198,-9.01352,-210.659401,36.6419,-15.6135,-30.6394,-11.0693,14.5031,-19.4184,24.9984,-15.6135,426,-75.6135,Volatile State
427,11:07:07,-63.858,17.8479,167.669,-18.231,-33.0714,28.8825,-7.03677,-238.273002,33.4059,-14.2363,-30.5054,-9.47189,12.6173,-19.2105,25.6299,-14.2363,427,-74.2363,Volatile State
428,11:07:08,-62.2352,17.155,170.465,-11.887,-33.9283,26.9073,-7.17841,-264.035732,33.7679,-13.202,-29.3962,-8.10689,12.1089,-17.9845,24.9743,-13.202,428,-73.202,Volatile State
429,11:07:09,-62.033,17.2457,173.714,-14.361,-32.1077,23.7336,-6.09596,-298.654128,30.8288,-13.4271,-29.7695,-6.78673,13.7437,-16.4724,22.096,-13.4271,429,-73.4271,Volatile State
430,11:07:10,-63.8962,17.4624,176.687,-16.253,-30.4535,19.8107,-5.03337,-312.60414,28.8135,-13.0746,-30.8147,-6.249,14.2496,-13.8308,20.4541,-13.0746,430,-73.0746,Volatile State
431,11:07:11,-65.9993,17.6336,181.718,-13.236,-31.3576,15.4171,-6.61879,-298.294834,26.744,-12.3652,-31.4388,-5.37568,13.71,-12.303,20.8061,-12.3652,431,-72.3652,Volatile State
432,11:07:12,-69.4969,18.9115,190.134,-14.272,-29.1517,11.2136,-5.48031,-276.249132,26.1699,-8.7072,-31.19,-5.62621,9.77115,-9.66004,22.162,-8.7072,432,-68.7072,Volatile State
433,11:07:13,-74.2328,20.2441,199.985,-14.386,-29.7404,5.62855,-5.07901,-255.978054,28.0508,-4.93513,-31.3781,-6.85403,6.8472,-9.4679,23.6502,-4.93513,433,-64.93513,Volatile State
434,11:07:14,-78.9771,20.4658,208.291,-14.458,-26.4624,0.251525,-4.85487,-258.653327,25.582,-0.619397,-30.7757,-8.18732,5.98442,-10.3299,22.7829,-0.619397,434,-60.619397,Volatile State
435,11:07:15,-84.5155,19.9836,208.852,-13.951,-29.0904,-4.41471,-5.10837,-271.414333,19.7191,2.48273,-30.5656,-9.23353,7.42892,-11.4547,20.371,2.48273,435,-57.517269999999996,Volatile State
436,11:07:16,-89.9111,20.4212,204.831,-11.771,-29.6144,-7.34628,-2.32941,-258.804552,12.2965,6.67156,-30.8901,-10.246,9.35928,-10.3534,19.8514,6.67156,436,-53.32844,Volatile State
437,11:07:17,-95.1358,20.6633,203.56,-10.286,-26.8364,-8.42775,-2.12246,-239.685288,4.04154,9.73505,-31.6497,-11.5112,7.75316,-10.1567,21.3217,9.73505,437,-50.26495,Volatile State
438,11:07:18,-99.0729,19.9851,204.32,-9.988,-26.8018,-10.0781,-4.39227,-207.478965,0.647923,12.2922,-32.6712,-13.7243,4.70166,-10.8371,22.1335,12.2922,438,-47.7078,Volatile State
439,11:07:19,-101.759,18.7373,205.467,-5.766,-27.3537,-12.181,-6.23646,-176.514982,-2.55543,12.8331,-33.1792,-15.4773,1.73414,-11.4359,23.0236,12.8331,439,-47.1669,Volatile State
440,11:07:20,-104.732,17.653,205.517,-4.283,-24.8223,-16.5846,-6.64745,-169.490228,-2.61716,16.0854,-33.3931,-16.5234,1.02868,-12.8581,22.5874,16.0854,440,-43.9146,Volatile State
441,11:07:21,-108.472,16.7063,203.539,-7.004,-25.7031,-22.3415,-6.07706,-185.191204,-5.93334,18.2439,-33.9719,-16.6738,2.1242,-13.6275,21.8411,18.2439,441,-41.7561,Volatile State
442,11:07:22,-111.653,16.3788,200.299,-7.224,-23.9579,-28.3662,-7.30629,-222.032224,-7.20091,22.228,-34.6306,-17.35,5.16913,-13.9964,21.6608,22.228,442,-37.772,Volatile State
443,11:07:23,-113.614,16.3677,192.918,-5.713,-23.8664,-34.6025,-6.98526,-234.367206,-11.8446,25.3546,-33.6037,-17.6812,6.71481,-13.2727,23.2153,25.3546,443,-34.645399999999995,Volatile State
444,11:07:24,-114.93,16.1562,184.031,-5.661,-23.2358,-41.2867,-6.38333,-234.867876,-15.5148,28.724,-33.5524,-16.5159,5.2339,-12.6212,25.1968,28.724,444,-31.276,Volatile State
445,11:07:25,-114.57,16.058,180.123,-4.257,-19.6827,-50.7565,-8.42174,-241.599989,-20.7627,32.6575,-33.2121,-14.2399,2.53417,-12.7401,25.8646,32.6575,445,-27.3425,Volatile State
446,11:07:26,-113.894,15.8098,181.647,-3.671,-23.1268,-61.1718,-10.1464,-245.657343,-26.3017,34.2672,-33.0931,-11.7274,1.26535,-12.8868,25.5385,34.2672,446,-25.732799999999997,Volatile State
447,11:07:27,-112.895,13.5061,185.302,-3.85,-19.4302,-68.8464,-9.23836,-249.714696,-28.5336,36.594,-31.5391,-9.84718,3.47639,-14.3406,24.3929,36.594,447,-23.406,Volatile State
448,11:07:28,-108.424,9.23968,189.287,-4.849,-18.4882,-75.9071,-10.2119,-253.77205,-30.9554,36.9045,-28.8352,-8.68196,7.84996,-15.8437,24.9645,36.9045,448,-23.0955,Volatile State
449,11:07:29,-104.759,5.15755,195.378,-4.113,-19.3615,-82.6208,-10.8265,-245.573728,-30.868,36.7969,-25.9125,-7.32343,11.9769,-16.4758,24.373,36.7969,449,-23.2031,Volatile State
450,11:07:30,-102.088,-1.47664,202.787,-4.225,-18.1887,-86.4099,-10.9118,-235.219043,-30.6292,36.694,-25.3207,-5.76996,14.4252,-17.7762,24.5872,36.694,450,-23.305999999999997,Volatile State
451,11:07:31,-99.9748,-8.26098,213.598,-5.093,-16.86,-87.0542,-10.4544,-236.579209,-28.6773,38.0216,-25.2322,-4.23311,14.9843,-18.5842,24.1328,38.0216,451,-21.9784,Volatile State
452,11:07:32,-98.8677,-13.8735,222.582,-4.579,-15.3281,-87.1207,-11.7193,-246.45071,-26.4695,39.3572,-24.3904,-2.86552,14.5101,-19.8505,24.5239,39.3572,452,-20.6428,Volatile State
453,11:07:33,-95.1772,-18.0185,228.397,-6.798,-15.4146,-84.7771,-11.1901,-256.93807,-23.652,40.7298,-22.4713,-1.14083,14.3338,-19.4492,24.9875,40.7298,453,-19.270200000000003,Volatile State
454,11:07:34,-92.9487,-20.5935,227.474,-6.694,-15.8376,-78.9347,-9.9047,-257.306246,-20.7883,42.9078,-22.1114,0.735991,14.9884,-20.1843,22.5939,42.9078,454,-17.0922,Volatile State
455,11:07:35,-89.8714,-21.5153,218.604,-5.779,-15.0733,-72.0311,-12.1282,-251.005675,-20.0447,44.5093,-20.865,3.41527,16.8391,-20.4102,21.5668,44.5093,455,-15.490699999999997,Volatile State
456,11:07:36,-87.8871,-21.6628,205.156,-3.382,-15.9295,-65.029,-11.0041,-240.362421,-19.592,45.3762,-20.3926,4.2813,18.7376,-20.393,20.5661,45.3762,456,-14.623800000000003,Volatile State
457,11:07:37,-84.5341,-21.1352,196.163,-3.724,-18.0371,-58.2579,-9.84225,-240.946626,-19.1782,46.9805,-19.9695,4.50741,20.4396,-21.3932,19.4944,46.9805,457,-13.0195,Volatile State
458,11:07:38,-81.5146,-19.944,196.503,-7.044,-16.733,-53.0784,-10.6596,-237.295378,-19.4918,49.6167,-18.802,5.43507,21.6974,-20.993,19.5181,49.6167,458,-10.383299999999998,Volatile State
459,11:07:39,-78.3935,-18.4858,206.341,-10.765,-16.9376,-48.8526,-11.0792,-221.556706,-18.7869,51.1596,-18.6369,6.81174,23.0831,-20.7899,19.0162,51.1596,459,-8.840400000000002,Volatile State
460,11:07:40,-75.5594,-16.9475,225.29,-11.036,-17.9732,-42.1838,-11.8175,-203.582464,-18.1016,51.3981,-19.1179,5.91022,22.3033,-18.5576,17.3358,51.3981,460,-8.6019,Volatile State
461,11:07:41,-73.5779,-16.467,245.824,-11.881,-19.6791,-34.2786,-13.2712,-185.608222,-15.2821,51.561,-20.2893,5.49921,23.0208,-18.7491,15.9913,51.561,461,-8.439,Volatile State
462,11:07:42,-70.6299,-16.2248,256.279,-13.475,-20.5837,-26.5711,-11.6508,-167.63398,-14.6571,52.0253,-19.8737,4.70132,22.9505,-18.8354,14.9228,52.0253,462,-7.974699999999999,Volatile State
463,11:07:43,-68.6191,-15.5951,250.894,-14.763,-22.392,-19.2558,-12.6671,-160.137927,-11.9353,52.4885,-18.8743,4.44737,21.6456,-17.7986,14.7102,52.4885,463,-7.511499999999998,Volatile State
464,11:07:44,-67.1723,-12.1141,243.11,-14.161,-23.376,-13.5626,-12.1074,-166.189799,-9.81419,52.331,-20.0952,4.39749,19.9424,-17.6735,15.8186,52.331,464,-7.668999999999997,Volatile State
465,11:07:45,-66.8662,-6.78683,231.637,-12.942,-22.9631,-8.18432,-11.7577,-180.330651,-7.25975,51.1794,-22.0933,4.35037,19.2355,-15.935,16.461,51.1794,465,-8.820599999999999,Volatile State
466,11:07:46,-66.3572,-2.3401,220.611,-12.731,-22.3882,-5.12034,-11.4799,-200.612002,-4.49045,51.0914,-23.9387,4.49946,19.5845,-16.5155,15.4402,51.0914,466,-8.9086,Volatile State
467,11:07:47,-66.8149,1.33319,212.993,-15.681,-25.0424,-2.52632,-12.3409,-213.973747,-1.78734,52.1829,-27.2443,3.91479,18.2161,-16.9221,16.0648,52.1829,467,-7.8171000000000035,Volatile State
468,11:07:48,-68.1784,5.12326,209.872,-20.409,-22.7144,-1.54009,-12.2951,-226.844555,0.543152,54.1082,-26.6153,2.33115,16.5311,-17.8597,16.8908,54.1082,468,-5.8918000000000035,Volatile State
469,11:07:49,-70.3785,8.46646,211.036,-21.272,-20.2726,-2.9922,-11.756,-253.334675,1.42018,56.9839,-24.8057,0.753871,15.3528,-18.8642,18.4864,56.9839,469,-3.0161000000000016,Volatile State
470,11:07:50,-72.0291,11.9033,214.077,-19.268,-13.8307,-6.48804,-11.6053,-262.894399,1.52698,59.8009,-23.8911,-0.916393,13.739,-20.6257,20.7909,59.8009,470,-0.1991000000000014,Volatile State
471,11:07:51,-72.1855,16.6653,217.986,-21.478,-14.9748,-10.1955,-9.83204,-257.296261,3.88532,65.2582,-25.2458,-0.800166,12.503,-21.9678,23.2845,65.2582,471,5.258200000000002,Volatile State
472,11:07:52,-73.492,20.6633,220.969,-24.254,-11.2998,-13.8018,-11.949,-244.047717,5.92942,69.7211,-26.7695,-1.10613,11.4011,-22.4857,23.4252,69.7211,472,9.721100000000007,Volatile State
473,11:07:53,-72.18,21.1309,222.995,-26.19,-5.14316,-17.3997,-13.0672,-223.71584,8.93596,73.5627,-28.2492,-1.48826,10.5509,-22.173,21.3538,73.5627,473,13.562700000000007,Volatile State
474,11:07:54,-70.8684,20.4785,224.969,-24.292,-2.8024,-22.3319,-12.3018,-210.627976,10.4562,75.6243,-29.3609,-1.48648,9.67736,-21.323,20.875,75.6243,474,15.624300000000005,Volatile State
475,11:07:55,-69.2184,18.5769,228.055,-21.362,-4.56472,-27.032,-11.5175,-197.385459,12.5946,77.1816,-27.5158,-1.62399,8.73809,-20.7681,21.7394,77.1816,475,17.181600000000003,Volatile State
476,11:07:56,-66.1179,16.2816,230.659,-25.543,-2.97926,-29.2745,-9.12885,-180.75482,15.5044,77.4645,-23.5263,-2.09712,8.11456,-19.7068,23.4982,77.4645,476,17.4645,Volatile State
477,11:07:57,-65.4202,15.1608,227.605,-25.783,-2.22664,-31.1945,-9.62374,-168.029754,18.818,77.0486,-21.1966,-2.91279,7.31974,-18.7459,24.1873,77.0486,477,17.048599999999993,Volatile State
478,11:07:58,-63.585,15.7957,218.771,-20.744,-2.98816,-33.4715,-9.22647,-156.388116,24.6107,75.9621,-21.6395,-2.58005,6.97329,-17.0811,23.8998,75.9621,478,15.962100000000007,Volatile State
479,11:07:59,-61.6176,17.6816,208.654,-18.689,-4.80629,-37.189,-8.66351,-160.160178,30.4033,73.6353,-22.7218,-2.69431,6.80006,-16.8489,22.5264,73.6353,479,13.6353,Volatile State
480,11:08:00,-57.0515,19.1337,201.205,-20.959,-4.71201,-40.0325,-8.32833,-173.134155,37.5328,70.4967,-22.5587,-3.32262,5.85368,-15.8019,20.0049,70.4967,480,10.496700000000004,Volatile State
481,11:08:01,-52.7054,19.6956,190.48,-24.348,-4.4873,-44.1761,-5.8587,-193.720958,39.4682,67.2745,-21.6753,-5.36433,4.56074,-13.4567,20.1613,67.2745,481,7.274500000000003,Volatile State
482,11:08:02,-47.6459,18.9578,175.876,-22.402,-8.37968,-46.1199,-4.98379,-217.200461,42.104,64.587,-19.7726,-6.89765,3.48552,-12.3703,22.3074,64.587,482,4.587000000000003,Volatile State
483,11:08:03,-44.6891,17.8445,161.542,-15.892,-8.70278,-49.4782,-5.04636,-232.061453,42.7109,62.2828,-19.1919,-8.14689,4.72871,-12.1157,23.4147,62.2828,483,2.2828000000000017,Volatile State
484,11:08:04,-41.641,16.3735,151.973,-18.714,-9.53369,-49.6805,-3.90026,-223.529935,43.2456,58.5134,-18.7462,-8.73678,5.62042,-11.9589,22.2436,58.5134,484,-1.4866000000000028,Volatile State
485,11:08:05,-39.6154,14.986,151.701,-19.826,-12.3172,-46.9683,-4.65601,-195.547544,43.7159,55.0284,-16.7437,-10.3149,5.74374,-12.2388,20.3065,55.0284,485,-4.971600000000002,Volatile State
486,11:08:06,-38.0446,14.0058,155.444,-17.896,-12.6248,-41.3002,-3.80031,-162.365973,44.5413,51.6292,-16.4276,-11.5862,6.36508,-12.213,20.312,51.6292,486,-8.370800000000003,Volatile State
487,11:08:07,-36.2178,13.375,158.528,-15.994,-12.6173,-35.2999,-4.73932,-140.9123,44.9683,50.6571,-18.4423,-12.5333,7.03521,-12.0132,22.2031,50.6571,487,-9.3429,Volatile State
488,11:08:08,-35.312,13.8884,157.819,-20.81,-15.1442,-28.9861,-4.93786,-134.705488,47.298,49.7799,-21.0764,-12.1575,6.46943,-11.8466,23.8084,49.7799,488,-10.220100000000002,Volatile State
489,11:08:09,-33.0594,14.8412,158.456,-23.854,-15.26,-23.1137,-3.96429,-146.110302,49.0402,48.2842,-22.5499,-11.3898,9.14581,-12.0825,24.1615,48.2842,489,-11.715800000000002,Volatile State
490,11:08:10,-29.9107,15.3597,159.027,-20.268,-17.0203,-17.6313,-5.62612,-154.362978,51.1807,47.7564,-22.8537,-11.2837,11.765,-12.0692,23.626,47.7564,490,-12.2436,Volatile State
491,11:08:11,-27.5347,15.5554,157.004,-16.5,-17.2736,-13.461,-5.60455,-160.00405,51.305,47.1182,-24.184,-9.95503,14.0801,-11.917,22.3461,47.1182,491,-12.881799999999998,Volatile State
492,11:08:12,-25.2159,16.1292,151.338,-17.312,-17.5215,-9.97711,-3.54309,-155.162663,51.0828,46.7634,-24.8404,-9.43134,15.1333,-10.8928,22.1896,46.7634,492,-13.236600000000003,Volatile State
493,11:08:13,-23.7317,16.6586,144.867,-20.199,-17.7285,-5.98372,-3.62518,-161.142144,49.403,44.9445,-27.3437,-8.40477,14.0435,-9.77052,23.7052,44.9445,493,-15.055500000000002,Volatile State
494,11:08:14,-21.6508,16.1453,137.53,-19.254,-19.2195,-2.12951,-2.84134,-143.067838,48.5069,42.6604,-30.97,-7.99003,12.5518,-9.55588,24.7437,42.6604,494,-17.339599999999997,Volatile State
495,11:08:15,-21.2719,15.3103,127.264,-17.281,-21.1767,1.84344,-3.83218,-107.369026,48.5974,40.5484,-33.8202,-7.27258,10.3651,-10.2206,24.3358,40.5484,495,-19.4516,Volatile State
496,11:08:16,-20.473,15.0177,119.937,-15.927,-20.968,5.10677,-3.98162,-71.415888,48.6532,37.2013,-34.0034,-6.25675,9.35628,-10.8453,23.5431,37.2013,496,-22.798699999999997,Volatile State
497,11:08:17,-17.9339,15.0699,114.718,-15.667,-21.8518,8.33703,-5.37696,-59.07159,48.0456,32.8284,-35.4628,-4.11846,10.4276,-10.4769,20.4275,32.8284,497,-27.171599999999998,Volatile State
498,11:08:18,-14.7736,15.7317,114.24,-17.392,-21.7357,12.0175,-4.30919,-63.884115,48.732,28.1059,-35.6025,-4.74588,12.4163,-10.6127,18.2807,28.1059,498,-31.8941,Volatile State
499,11:08:19,-11.9386,16.4803,113.82,-12.73,-21.4634,14.1056,-4.15017,-71.534472,45.7517,23.8552,-34.2635,-4.57486,12.6099,-9.04763,18.3431,23.8552,499,-36.144800000000004,Volatile State
500,11:08:20,-10.1302,17.3441,111.734,-7.136,-21.4519,16.0299,-4.78074,-79.771679,45.3076,20.9653,-34.5159,-3.88079,9.82846,-8.59831,17.4444,20.9653,500,-39.0347,Volatile State
501,11:08:21,-7.18922,18.4543,103.033,-8.954,-19.4906,18.5138,-3.03905,-88.008886,43.2754,17.3203,-35.2272,-3.35197,6.29452,-9.88053,16.4934,17.3203,501,-42.6797,Volatile State
502,11:08:22,-4.04557,19.0433,89.995,-10.768,-18.9368,21.2024,-0.902474,-96.246093,42.2594,16.8735,-35.2321,-4.14267,5.29613,-10.2006,14.9135,16.8735,502,-43.1265,Volatile State
503,11:08:23,-0.764762,18.7074,76.806,-10.554,-17.9981,23.4473,0.900537,-96.341614,38.6996,18.9057,-35.799,-4.89742,5.55498,-9.38744,14.4511,18.9057,503,-41.094300000000004,Volatile State
504,11:08:24,1.77823,18.6021,71.185,-10.116,-16.3668,25.7589,1.3833,-91.854715,37.5578,20.646,-35.5593,-5.01199,5.28173,-7.52402,14.206,20.646,504,-39.354,Volatile State
505,11:08:25,4.10469,19.464,76.232,-12.36,-13.7834,26.7715,2.08919,-86.411583,35.2954,21.3913,-34.6435,-4.65844,2.47014,-7.67436,13.2433,21.3913,505,-38.6087,Volatile State
506,11:08:26,4.32959,19.8745,82.166,-11.072,-14.6355,26.4019,1.44764,-67.528484,30.8623,21.4635,-34.0291,-6.10396,0.851747,-8.56956,14.65,21.4635,506,-38.536500000000004,Volatile State
507,11:08:27,4.44638,20.0107,85.913,-5.867,-13.485,26.6734,2.37699,-57.826522,28.1869,21.5247,-33.9582,-8.48678,0.052948,-10.0504,15.4732,21.5247,507,-38.475300000000004,Volatile State
508,11:08:28,6.17375,19.67,85.501,-5.12,-15.0558,26.6831,2.26809,-56.281167,24.7639,22.3822,-35.3226,-11.9846,-1.13975,-11.022,15.4313,22.3822,508,-37.6178,Volatile State
509,11:08:29,10.1604,19.9073,83.431,-6.006,-14.5791,26.4071,0.853243,-72.820534,23.6007,23.8072,-36.48,-14.2038,-0.398281,-10.973,13.4644,23.8072,509,-36.1928,Volatile State
510,11:08:30,14.8981,20.3417,80.545,-6.208,-17.0826,25.61,-0.016421,-86.450325,16.5272,24.8079,-36.1833,-16.6807,0.86277,-9.14445,12.4755,24.8079,510,-35.192099999999996,Volatile State
511,11:08:31,17.9671,20.1726,76.191,-7.001,-18.5906,24.6837,0.579475,-92.309755,10.1747,23.2176,-35.6388,-18.4096,1.30179,-7.47934,12.5089,23.2176,511,-36.782399999999996,Volatile State
512,11:08:32,20.7922,19.226,68.113,-11.219,-22.88,21.7949,1.31871,-98.169185,1.64811,21.2435,-33.0554,-19.3386,1.11475,-8.09164,13.277,21.2435,512,-38.7565,Volatile State
513,11:08:33,22.4699,18.0428,60.361,-10.415,-23.1873,19.343,0.297252,-104.028615,-5.66013,20.4012,-31.3197,-20.4616,0.105765,-10.1721,13.1864,20.4012,513,-39.5988,Volatile State
514,11:08:34,23.8976,16.9139,55.978,-7.657,-24.8174,17.6684,-0.335013,-122.022592,-14.414,20.951,-29.6336,-21.1352,0.621768,-12.3298,13.7705,20.951,514,-39.049,Volatile State
515,11:08:35,22.8152,15.9749,53.892,-6.023,-28.2142,17.8086,-0.301572,-134.52394,-21.3917,24.2677,-28.87,-21.5969,0.294996,-13.4294,12.902,24.2677,515,-35.732299999999995,Volatile State
516,11:08:36,22.538,15.6625,55.996,-6.582,-30.6668,18.5579,-1.89701,-154.827123,-27.7376,26.7275,-29.0603,-20.7959,-0.154193,-12.695,11.7459,26.7275,516,-33.2725,Volatile State
517,11:08:37,21.1754,16.3351,61.952,-7.147,-36.6003,18.6892,-2.36544,-169.116902,-32.916,28.599,-31.0564,-20.1744,-2.65316,-11.5277,12.0138,28.599,517,-31.401,Volatile State
518,11:08:38,17.3626,17.111,73.02,-7.35,-37.8192,18.3591,-0.503852,-186.472256,-36.948,30.4469,-31.0358,-20.5409,-4.40096,-11.5443,12.5193,30.4469,518,-29.5531,Volatile State
519,11:08:39,15.1161,17.5633,85.233,-5.926,-41.4721,17.8175,0.199705,-177.28898,-39.4729,31.8422,-29.7886,-20.871,-6.92711,-13.7534,12.8115,31.8422,519,-28.1578,Volatile State
520,11:08:40,14.8817,17.6122,93.027,-4.644,-41.8249,15.8278,-0.574918,-159.713202,-40.2153,32.9303,-28.1384,-20.3542,-9.38294,-15.9931,15.3368,32.9303,520,-27.069699999999997,Volatile State
521,11:08:41,13.9979,17.5529,93.435,-3.15,-42.217,11.3146,-1.36883,-135.406062,-40.9074,34.8939,-27.5808,-20.1396,-10.2439,-17.1225,17.472,34.8939,521,-25.106099999999998,Volatile State
522,11:08:42,15.1065,18.0624,86.549,-3.536,-41.8019,9.00591,0.387385,-109.326985,-40.7661,35.9784,-27.1285,-20.3617,-9.88813,-16.4701,19.1909,35.9784,522,-24.0216,Volatile State
523,11:08:43,16.81,18.5984,77.932,-0.339,-43.1575,7.79395,-0.744237,-81.802901,-37.9581,34.4569,-27.7973,-19.409,-8.70915,-15.4288,20.0076,34.4569,523,-25.543100000000003,Volatile State
524,11:08:44,17.5728,19.8245,68.759,-0.459,-41.1997,9.93018,0.496759,-32.881415,-35.7384,31.9495,-29.5981,-18.5902,-9.11506,-14.3136,18.1151,31.9495,524,-28.0505,Volatile State
525,11:08:45,19.254,21.2567,61.851,-3.17,-39.8547,12.464,-0.791789,9.460991,-34.1089,29.4597,-30.1719,-17.9222,-7.97369,-14.7788,16.4686,29.4597,525,-30.5403,Volatile State
526,11:08:46,21.0293,22.0468,53.72,-2.869,-40.4371,16.1632,-0.007754,21.802486,-30.8299,28.0289,-29.3975,-16.5893,-6.76174,-15.7679,14.5057,28.0289,526,-31.9711,Volatile State
527,11:08:47,20.6522,22.0363,47.865,0.37,-40.1906,18.2495,0.545938,10.992707,-29.039,25.3041,-28.4894,-14.9849,-4.9343,-16.7792,16.5112,25.3041,527,-34.6959,Volatile State
528,11:08:48,20.3596,21.6639,41.535,0.294,-37.858,19.1903,0.696261,-15.693965,-25.6801,22.5297,-26.2193,-14.0711,-2.14913,-16.441,18.5904,22.5297,528,-37.4703,Volatile State
529,11:08:49,19.1682,20.7453,34.972,-1.618,-39.9989,19.9481,1.20951,-38.449596,-22.8383,20.203,-24.3803,-14.344,2.01227,-14.2516,20.2929,20.203,529,-39.797,Volatile State
530,11:08:50,19.0474,19.2643,25.983,-0.696,-36.5317,20.6586,0.792654,-61.740884,-19.0616,19.144,-23.6826,-13.1738,4.05845,-12.4982,20.5885,19.144,530,-40.856,Volatile State
531,11:08:51,20.1352,19.1933,14.463,2.31,-34.829,22.7321,-0.969638,-65.344423,-15.1575,20.2239,-23.3602,-12.1986,4.24535,-13.0677,20.5542,20.2239,531,-39.7761,Volatile State
532,11:08:52,21.2712,19.6998,2.119,1.884,-35.4762,23.9873,-1.77777,-54.587968,-9.28484,21.623,-23.5013,-10.8663,6.2573,-14.7732,21.3159,21.623,532,-38.376999999999995,Volatile State
533,11:08:53,22.8848,19.6077,-8.065,-1.621,-29.4127,23.3775,-3.21283,-44.971942,-4.88516,24.1797,-22.7134,-8.32311,9.46855,-18.2806,23.8335,24.1797,533,-35.8203,Volatile State
534,11:08:54,24.3947,18.1568,-13.405,1.046,-29.5304,20.8366,-5.63409,-45.567663,0.492803,26.7767,-21.0488,-4.81085,12.4932,-19.2173,25.987,26.7767,534,-33.223299999999995,Volatile State
535,11:08:55,26.2064,16.9917,-17.146,5.033,-26.3506,17.5356,-6.11162,-58.909434,4.68948,30.2199,-23.1514,-4.43361,11.7089,-18.8567,26.3283,30.2199,535,-29.7801,Volatile State
536,11:08:56,27.3752,16.637,-21.3,0.965,-23.0944,13.7919,-5.93819,-82.127556,7.29567,33.1061,-24.1332,-4.67358,11.8825,-17.4056,26.0556,33.1061,536,-26.893900000000002,Volatile State
537,11:08:57,27.7158,16.2527,-26.152,-2.059,-20.37,8.10389,-5.63694,-102.965086,11.076,37.4071,-24.5918,-5.18278,10.9597,-16.1677,25.3272,37.4071,537,-22.5929,Volatile State
538,11:08:58,29.216,15.352,-26.344,1.538,-18.9291,1.50893,-5.06934,-116.451702,14.0986,39.2224,-25.6018,-6.14066,11.3429,-16.6682,24.7811,39.2224,538,-20.7776,Volatile State
539,11:08:59,30.2023,14.9913,-23.338,4.68,-17.7688,-5.20067,-5.93731,-127.454818,17.4474,39.3443,-26.2702,-5.97132,12.7983,-18.1294,23.5816,39.3443,539,-20.655700000000003,Volatile State
540,11:09:00,29.3661,16.0374,-18.148,1.706,-16.3266,-12.4061,-5.82712,-138.030984,20.215,38.3609,-27.5542,-4.32644,13.3352,-18.8145,22.4304,38.3609,540,-21.6391,Volatile State
541,11:09:01,28.1879,16.759,-15.927,0.175,-17.0806,-18.3527,-4.71311,-129.483171,23.2611,37.6908,-27.9807,-2.71772,13.7715,-18.1243,20.1091,37.6908,541,-22.309199999999997,Volatile State
542,11:09:02,27.8099,15.7804,-16.642,3.436,-18.3999,-23.1648,-3.8585,-108.914435,25.5008,37.0901,-28.2242,-1.67081,12.9344,-15.9823,17.9325,37.0901,542,-22.9099,Volatile State
543,11:09:03,24.4533,14.4359,-21.221,6.676,-17.0606,-26.4652,-6.51295,-89.317962,28.492,36.1962,-28.2631,-1.99613,12.1579,-15.2105,16.964,36.1962,543,-23.803800000000003,Volatile State
544,11:09:04,22.3528,13.9373,-24.329,6.03,-20.4035,-29.903,-6.33979,-75.853148,31.191,34.0555,-28.3137,-2.7289,11.139,-15.4493,16.9418,34.0555,544,-25.944499999999998,Volatile State
545,11:09:05,21.2808,14.596,-30.758,3.502,-18.9917,-34.5657,-5.23107,-69.578777,33.407,32.4576,-29.3148,-3.30687,10.2158,-16.2642,16.8797,32.4576,545,-27.5424,Volatile State
546,11:09:06,21.2923,15.1044,-37.64,3.988,-21.9942,-37.1822,-6.60473,-68.979536,35.1992,31.483,-29.3843,-4.726,8.38856,-18.0512,17.39,31.483,546,-28.517,Volatile State
547,11:09:07,19.2083,15.1267,-45.649,6.796,-20.9525,-38.9006,-6.51479,-62.267448,36.7198,32.923,-25.8603,-6.44466,5.98823,-19.8729,17.1493,32.923,547,-27.076999999999998,Volatile State
548,11:09:08,19.4316,15.7011,-54.879,7.055,-22.4662,-40.4166,-7.54235,-55.555361,38.29,34.3581,-24.1188,-6.00257,4.02562,-19.5549,17.3353,34.3581,548,-25.6419,Volatile State
549,11:09:09,18.3422,15.7916,-59.909,5.127,-21.1956,-41.6056,-5.65982,-48.843273,38.4227,34.879,-22.8767,-4.34997,3.62276,-17.4569,17.2824,34.879,549,-25.121000000000002,Volatile State
550,11:09:10,18.8563,15.5835,-59.402,7.065,-18.5844,-43.4937,-6.91648,-33.458113,39.2197,34.2396,-23.2584,-4.20009,3.81213,-15.1588,17.9771,34.2396,550,-25.760399999999997,Volatile State
551,11:09:11,18.6541,16.2844,-54.865,7.023,-19.8943,-44.0753,-6.1161,-30.982794,37.1781,35.0915,-24.1094,-4.89483,2.66174,-13.9981,15.8716,35.0915,551,-24.908499999999997,Volatile State
552,11:09:12,17.8396,17.5244,-47.938,6.63,-19.2135,-44.1855,-6.28721,-39.743011,36.4396,36.7658,-23.9461,-7.10854,2.01141,-13.1208,14.6712,36.7658,552,-23.2342,Volatile State
553,11:09:13,19.333,18.459,-42.078,8.192,-17.6529,-44.5848,-7.89743,-60.43599,33.244,38.2992,-22.0868,-9.4288,2.26468,-13.7121,13.2547,38.2992,553,-21.7008,Volatile State
554,11:09:14,18.4012,19.5743,-40.612,9.689,-19.8967,-44.4744,-9.37613,-86.433678,33.2027,38.99,-21.3558,-10.1182,3.25537,-14.2352,11.3948,38.99,554,-21.009999999999998,Volatile State
555,11:09:15,18.1352,20.9541,-43.187,8.253,-17.2917,-40.6149,-11.298,-101.724333,32.3048,39.7998,-20.4291,-8.71934,4.25273,-13.6104,9.71053,39.7998,555,-20.200200000000002,Volatile State
556,11:09:16,18.6868,21.5433,-46.793,6.621,-20.3264,-35.7541,-11.9888,-99.316384,31.6168,39.5219,-19.6706,-8.05937,3.44287,-13.0398,9.99276,39.5219,556,-20.478099999999998,Volatile State
557,11:09:17,18.9708,21.958,-51.978,5.781,-20.6122,-31.8258,-10.9724,-95.882968,32.907,36.7905,-17.6594,-7.53375,3.28845,-11.8913,9.46712,36.7905,557,-23.2095,Volatile State
558,11:09:18,19.3585,23.2446,-54.031,6.803,-22.5454,-26.3219,-10.0132,-95.168033,33.2194,34.3686,-16.2917,-5.45779,-0.153698,-12.9852,9.85702,34.3686,558,-25.6314,Volatile State
559,11:09:19,19.245,25.1656,-56.053,5.978,-21.2132,-21.8225,-10.147,-91.592634,34.8491,32.7787,-16.8426,-2.60145,-2.481,-14.7468,9.20397,32.7787,559,-27.2213,Volatile State
560,11:09:20,17.9376,26.1718,-61.637,6.682,-23.7944,-16.9494,-9.49532,-87.263263,36.2645,31.1972,-17.379,-0.031115,-3.46644,-16.706,6.02446,31.1972,560,-28.8028,Volatile State
561,11:09:21,18.1134,25.856,-71.138,8.693,-23.0306,-12.3722,-10.7385,-94.57772,35.7822,29.9385,-19.2655,-0.306966,-2.98696,-16.9563,4.63858,29.9385,561,-30.0615,Volatile State
562,11:09:22,17.4021,24.602,-82.479,5.715,-22.9281,-8.7556,-11.7979,-91.936454,35.9213,28.3723,-21.0614,-0.581408,-3.03619,-16.7845,5.40848,28.3723,562,-31.6277,Volatile State
563,11:09:23,19.1049,23.0337,-94.112,3.13,-22.7568,-4.59176,-9.60014,-75.079645,34.4235,27.0311,-22.2048,-0.039288,-3.74005,-15.9597,5.94442,27.0311,563,-32.968900000000005,Volatile State
564,11:09:24,19.0901,21.7932,-102.033,2.454,-24.9855,-0.314201,-7.21764,-64.919831,32.1874,26.2695,-21.5303,1.32783,-6.3922,-14.7966,5.82169,26.2695,564,-33.7305,Volatile State
565,11:09:25,17.5404,20.9547,-107.632,1.096,-26.3261,2.96455,-5.24588,-51.996425,29.9501,26.6298,-21.4364,3.62984,-7.54736,-15.6577,4.01805,26.6298,565,-33.3702,Volatile State
566,11:09:26,15.1555,20.6384,-110.216,-1.875,-25.9584,5.41895,-5.37476,-54.621756,27.3281,28.0374,-21.4541,6.21599,-6.48211,-16.112,2.6958,28.0374,566,-31.9626,Volatile State
567,11:09:27,13.5561,20.0457,-114.466,-2.876,-27.3503,7.41466,-6.56364,-75.563125,26.0951,30.1575,-21.4942,6.71103,-6.51405,-16.6188,3.43762,30.1575,567,-29.8425,Volatile State
568,11:09:28,11.235,20.3035,-124.286,-2.391,-25.7331,10.8689,-7.30015,-96.889231,23.1976,32.9953,-22.5433,6.46814,-6.54251,-15.7485,2.34731,32.9953,568,-27.0047,Volatile State
569,11:09:29,8.97359,19.9157,-136.017,-4.363,-27.849,14.1821,-10.1179,-100.705237,19.4545,34.8995,-23.1757,5.70202,-7.48888,-12.2921,2.385,34.8995,569,-25.100499999999997,Volatile State
570,11:09:30,7.20118,20.1415,-144.622,-9.179,-25.867,16.398,-11.8053,-107.131155,15.0224,38.3302,-24.7804,4.85635,-11.2954,-10.2162,1.43263,38.3302,570,-21.669800000000002,Volatile State
571,11:09:31,7.38294,20.8669,-147.535,-11.861,-24.4426,18.7366,-11.6537,-116.481331,12.7179,41.7874,-25.4215,5.50797,-13.5988,-9.81339,-0.952859,41.7874,571,-18.212600000000002,Volatile State
572,11:09:32,6.03665,20.8043,-142.045,-12.253,-24.3339,19.2332,-10.4874,-103.332923,9.77939,45.6094,-24.1667,5.3077,-12.4709,-9.4528,-2.32503,45.6094,572,-14.3906,Volatile State
573,11:09:33,6.28247,20.6481,-133.931,-15.051,-23.1897,20.792,-9.74178,-81.852345,10.3066,50.0609,-22.9696,4.6386,-8.03857,-11.3019,-1.79462,50.0609,573,-9.939100000000003,Volatile State
574,11:09:34,6.52315,20.5981,-128.134,-17.537,-22.3922,21.6607,-8.84738,-53.442243,10.5152,54.7112,-23.8174,5.14788,-4.74445,-12.2366,-2.31027,54.7112,574,-5.288800000000002,Volatile State
575,11:09:35,6.67776,20.3852,-124.645,-18.076,-22.939,21.3187,-7.44913,-14.588777,12.6546,58.0728,-23.9946,4.73378,-6.19832,-10.2183,-3.24309,58.0728,575,-1.9271999999999991,Volatile State
576,11:09:36,5.38391,19.4378,-120.987,-19.178,-23.6217,19.5395,-8.61009,-19.532212,14.2982,61.2828,-24.0444,3.12168,-7.06869,-7.90015,-3.67761,61.2828,576,1.2828000000000017,Volatile State
577,11:09:37,3.39871,18.9374,-114.629,-19.859,-23.4451,15.8998,-9.89384,-24.475646,14.2587,62.4659,-24.8199,1.74856,-8.08948,-7.59721,-3.91961,62.4659,577,2.4658999999999978,Volatile State
578,11:09:38,0.967334,18.6288,-107.182,-22.964,-24.014,13.649,-9.91582,-29.419081,15.0848,64.1018,-22.582,1.11305,-9.16845,-8.47507,-3.55596,64.1018,578,4.101799999999997,Volatile State
579,11:09:39,-2.94688,18.8205,-100.116,-21.122,-24.6157,11.9565,-10.3615,-50.935331,16.8341,64.5425,-20.2903,0.750604,-7.8395,-10.8652,-3.06638,64.5425,579,4.542500000000004,Volatile State
580,11:09:40,-6.10988,18.9729,-95.278,-17.79,-25.4295,8.06801,-9.04228,-84.408322,19.5748,63.6234,-20.1617,-0.372246,-5.59762,-12.562,-2.36057,63.6234,580,3.6233999999999966,Volatile State
581,11:09:41,-9.01976,19.9457,-91.074,-18.502,-27.7995,2.21943,-9.91726,-103.487963,20.0092,63.7239,-20.385,-1.42979,-3.68256,-12.4545,-0.135576,63.7239,581,3.7239000000000004,Volatile State
582,11:09:42,-11.5634,20.4068,-88.52,-19.53,-26.1378,-5.29906,-10.4104,-111.894742,21.889,63.453,-18.7221,-1.71034,-3.75487,-10.6224,1.85755,63.453,582,3.453000000000003,Volatile State
583,11:09:43,-15.1945,20.454,-93.129,-19.373,-26.9443,-13.2962,-11.0265,-110.382474,22.1545,62.5001,-18.9158,-2.33099,-5.79297,-8.18314,2.85495,62.5001,583,2.5001000000000033,Volatile State
584,11:09:44,-19.5186,19.7301,-105.08,-20.984,-27.345,-21.4598,-11.9968,-110.479118,22.7427,61.1091,-19.3688,-3.13451,-4.66909,-6.43779,5.69539,61.1091,584,1.109099999999998,Volatile State
585,11:09:45,-21.8001,18.6307,-119.243,-19.055,-25.7205,-28.1597,-12.0088,-114.225697,21.3006,61.2246,-19.4928,-3.98949,-3.07491,-6.21456,8.74695,61.2246,585,1.2246000000000024,Volatile State
586,11:09:46,-23.3256,17.623,-131.746,-18.58,-24.0358,-34.2847,-14.8689,-121.873387,19.203,62.5256,-20.0102,-4.89996,-0.839959,-6.20499,9.69404,62.5256,586,2.525599999999997,Volatile State
587,11:09:47,-27.1831,16.6876,-139.891,-18.19,-24.806,-40.9909,-15.9656,-119.679827,17.568,62.2821,-20.0795,-6.29129,0.576286,-5.45286,10.7987,62.2821,587,2.2821,Volatile State
588,11:09:48,-29.7346,15.3958,-144.992,-17.027,-23.4112,-46.5808,-16.623,-117.486266,15.4433,62.8085,-19.7641,-6.74703,1.51635,-3.37781,14.8936,62.8085,588,2.808500000000002,Volatile State
589,11:09:49,-34.3916,14.0786,-147.658,-18.025,-24.3165,-51.4392,-13.6654,-115.292706,12.6231,62.907,-19.9196,-6.30515,-0.1078,-1.61118,18.3632,62.907,589,2.9069999999999965,Volatile State
590,11:09:50,-38.3282,13.5849,-146.885,-22.83,-21.6385,-58.0856,-12.3259,-96.509575,6.5676,62.681,-19.4763,-5.94493,-1.22312,0.08758,20.27,62.681,590,2.6809999999999974,Volatile State
591,11:09:51,-42.844,14.1912,-140.731,-25.709,-21.7015,-65.2486,-13.5614,-74.071367,2.06126,63.7902,-17.7095,-6.13002,-1.89249,0.397295,23.7708,63.7902,591,3.7901999999999987,Volatile State
592,11:09:52,-46.3339,16.0202,-132.453,-23.035,-22.0477,-71.3929,-12.7253,-52.779122,-2.43187,64.1414,-16.3274,-5.09441,-2.75848,0.677628,25.4723,64.1414,592,4.141400000000004,Volatile State
593,11:09:53,-50.8205,18.5243,-121.348,-22.722,-21.4603,-76.1811,-15.5221,-33.68708,-6.02246,63.1143,-14.9327,-3.5006,-2.45747,-0.371065,25.2023,63.1143,593,3.1143,Volatile State
594,11:09:54,-53.1755,19.9536,-109.704,-24.441,-22.3196,-80.4881,-16.728,-21.822458,-8.38285,62.4123,-12.731,-2.98897,-1.24886,0.109638,25.4632,62.4123,594,2.412300000000002,Volatile State
595,11:09:55,-56.2916,19.8964,-99.227,-23.526,-21.6408,-82.6364,-18.4007,-32.510121,-10.5079,59.5876,-10.5236,-3.39665,-1.6322,0.556465,24.8576,59.5876,595,-0.4123999999999981,Volatile State
596,11:09:56,-59.9833,19.0216,-90.968,-21.624,-24.3037,-81.075,-19.2261,-62.125787,-12.3021,55.5999,-8.41474,-4.11765,-3.02083,1.57364,23.2511,55.5999,596,-4.400100000000002,Volatile State
597,11:09:57,-64.962,17.6178,-88.188,-23.087,-22.848,-79.6983,-18.1742,-106.485862,-13.4974,51.4793,-5.95488,-2.63083,-3.90204,2.24302,21.1389,51.4793,597,-8.520699999999998,Volatile State
598,11:09:58,-71.4514,16.4428,-89.368,-24.324,-23.7956,-79.8159,-17.48,-143.44101,-16.6951,48.3244,-4.73763,-0.985255,-3.75812,3.02514,21.6505,48.3244,598,-11.675600000000003,Volatile State
599,11:09:59,-78.2355,15.242,-90.157,-24.386,-24.0786,-77.8677,-16.7692,-165.174753,-18.7901,46.7696,-3.36964,0.633499,-3.87534,3.5969,21.312,46.7696,599,-13.230400000000003,Volatile State
600,11:10:00,-85.0818,13.5611,-88.843,-24.261,-23.4147,-75.0035,-14.7905,-161.970026,-20.0401,46.1308,-3.32152,1.36103,-2.46619,4.38415,20.3191,46.1308,600,-13.8692,Volatile State
601,11:10:01,-91.2609,13.5591,-84.931,-23.056,-23.0379,-73.0314,-14.0962,-161.206627,-22.1928,46.7768,-2.25265,2.87347,-1.43127,4.89422,19.6209,46.7768,601,-13.223199999999999,Volatile State
602,11:10:02,-98.1923,14.0793,-80.947,-22.833,-25.5599,-68.908,-12.1803,-155.740108,-22.2253,47.7569,-1.97194,4.9794,0.537243,4.81169,19.4223,47.7569,602,-12.243099999999998,Volatile State
603,11:10:03,-104.985,14.4516,-76.983,-23.254,-27.9941,-64.838,-13.5944,-149.119881,-21.8245,49.1509,-1.46905,7.35424,0.519694,5.03413,19.6354,49.1509,603,-10.8491,Volatile State
604,11:10:04,-111.323,15.6641,-75.725,-21.956,-29.3641,-60.7533,-13.1505,-140.104954,-19.8831,51.1811,-2.06061,8.39224,-0.199281,5.38945,18.7002,51.1811,604,-8.8189,Volatile State
605,11:10:05,-115.719,16.8726,-75.221,-19.407,-27.7544,-58.6378,-10.857,-136.094951,-17.3543,52.4615,-1.80603,8.44746,1.25707,7.66784,17.6265,52.4615,605,-7.538499999999999,Volatile State
606,11:10:06,-122.632,17.7655,-76.382,-20.357,-30.0304,-57.0708,-9.22604,-137.755195,-14.6333,54.4325,-1.03597,8.98069,4.51921,8.82256,16.894,54.4325,606,-5.567500000000003,Volatile State
607,11:10:07,-130.39,18.7872,-80.051,-18.945,-29.5507,-54.0288,-7.30992,-142.214326,-11.6793,56.0894,-0.858399,9.5022,6.19122,8.95962,16.418,56.0894,607,-3.9106000000000023,Volatile State
608,11:10:08,-138.739,19.1614,-85.241,-19.082,-30.2624,-49.6499,-5.58042,-152.0703,-7.9956,57.533,-0.59859,10.2644,6.91695,7.99269,16.9906,57.533,608,-2.4669999999999987,Volatile State
609,11:10:09,-147.729,18.7538,-90.237,-22.067,-29.4966,-45.1724,-5.93572,-180.482988,-5.73628,58.993,-1.87289,9.98322,7.43667,7.56687,18.4142,58.993,609,-1.006999999999998,Volatile State
610,11:10:10,-156.938,18.0331,-96.774,-21.306,-28.9103,-40.7969,-4.10716,-199.392696,-1.55524,60.1531,-1.74573,9.0833,6.59184,7.44987,18.7483,60.1531,610,0.153100000000002,Volatile State
611,11:10:11,-164.23,17.6893,-99.853,-17.494,-28.1006,-36.4143,-1.45644,-194.743166,-0.242455,62.9911,-1.92795,8.3063,7.02862,8.33315,18.8756,62.9911,611,2.991100000000003,Volatile State
612,11:10:12,-170.821,18.2273,-99.799,-17.048,-27.8702,-31.9466,-0.399873,-176.654868,0.934037,66.2158,-3.63796,8.9547,6.84277,8.7921,19.5662,66.2158,612,6.2158000000000015,Volatile State
613,11:10:13,-174.66,17.7514,-97.272,-18.306,-25.4205,-28.1066,0.380574,-151.685717,2.57433,70.8103,-4.74222,9.17175,8.77054,9.01514,19.5971,70.8103,613,10.810299999999998,Volatile State
614,11:10:14,-179.006,16.3471,-93.038,-16.965,-26.433,-24.8745,0.587108,-115.452439,3.22228,74.2431,-6.06582,8.25282,9.92022,8.52389,20.0339,74.2431,614,14.243099999999998,Volatile State
615,11:10:15,-183.233,14.2181,-89.912,-14.466,-24.5386,-21.8055,2.42177,-84.173204,7.34871,78.207,-6.24336,7.80965,10.5285,7.75045,20.1539,78.207,615,18.206999999999994,Volatile State
616,11:10:16,-187.19,13.7146,-92.389,-15.542,-25.0075,-21.4884,3.79682,-72.122493,12.7542,80.6711,-7.40453,7.28474,9.24637,6.14619,19.6385,80.6711,616,20.671099999999996,Volatile State
617,11:10:17,-190.754,13.4902,-95.148,-15.357,-22.314,-21.6213,5.50376,-60.071782,15.8446,78.7013,-7.20621,6.62964,6.68535,6.04793,19.0827,78.7013,617,18.701300000000003,Volatile State
618,11:10:18,-195.01,13.2631,-93.381,-14.308,-22.9736,-20.5147,3.16483,-48.021071,18.0872,73.0421,-6.58677,5.81112,5.7834,6.32887,18.3383,73.0421,618,13.042100000000005,Volatile State
619,11:10:19,-199.378,13.942,-85.293,-11.112,-22.2675,-20.1856,3.06087,-18.317633,16.9738,68.15,-5.83372,5.25117,6.52594,5.19731,18.1407,68.15,619,8.150000000000006,Volatile State
620,11:10:20,-202.967,13.9929,-71.031,-9.124,-23.3447,-21.295,1.70371,21.121105,17.4098,61.0051,-6.41316,5.85225,8.04172,4.70019,17.866,61.0051,620,1.0050999999999988,Volatile State
621,11:10:21,-203.869,13.4441,-56.052,-5.798,-22.328,-21.515,1.49852,18.79298,18.9439,53.1909,-7.08899,7.33909,8.81082,3.0802,16.5281,53.1909,621,-6.809100000000001,Volatile State
622,11:10:22,-206.166,13.6655,-41.898,-1.873,-21.2922,-22.5678,0.269299,-3.414922,22.1934,43.2233,-9.41136,7.64515,8.40347,1.67654,16.1306,43.2233,622,-16.776699999999998,Volatile State
623,11:10:23,-208.378,13.7098,-31.156,-0.492,-20.424,-26.3095,2.30253,-46.236472,25.9787,34.0898,-9.50906,7.19375,5.86587,1.67499,15.1861,34.0898,623,-25.910200000000003,Volatile State
624,11:10:24,-209.94,13.6457,-24.258,-1.271,-21.5323,-29.3693,3.18888,-91.481275,29.1227,26.3874,-10.0221,7.34865,5.32846,1.6641,17.5888,26.3874,624,-33.6126,Volatile State
625,11:10:25,-211.174,13.2718,-21.579,-0.275,-19.9756,-32.0677,3.72676,-122.151008,28.9383,20.7149,-9.77579,10.3216,6.25746,1.76263,20.2372,20.7149,625,-39.2851,Volatile State
626,11:10:26,-213.808,14.1805,-20.381,1.523,-19.2984,-33.0844,1.75555,-138.977767,28.9585,17.3451,-9.00386,13.7243,7.0434,3.34687,19.8307,17.3451,626,-42.6549,Volatile State
627,11:10:27,-216.644,14.4815,-23.588,2.571,-18.7991,-34.335,2.96834,-143.823707,26.2054,14.962,-8.84285,15.9112,7.82269,3.52415,19.2105,14.962,627,-45.038,Volatile State
628,11:10:28,-217.804,15.4248,-28.903,4.21,-16.6569,-35.5419,1.90899,-142.407719,25.7087,14.0609,-10.1892,17.2418,7.32373,3.00231,18.7774,14.0609,628,-45.939099999999996,Volatile State
629,11:10:29,-218.513,16.2786,-34.737,3.465,-14.4055,-36.7636,0.671376,-125.968225,23.4534,11.7708,-9.66798,19.0097,6.3184,2.75247,19.8422,11.7708,629,-48.2292,Volatile State
630,11:10:30,-217.968,15.8011,-43.157,3.078,-14.765,-39.8325,-0.254644,-87.272367,22.3873,9.68447,-8.72731,19.3856,4.7801,1.49535,20.4167,9.68447,630,-50.31553,Volatile State
631,11:10:31,-218.522,14.1426,-53.469,3.592,-14.4885,-42.131,-0.906847,-44.887404,20.7679,7.50134,-7.66549,19.0135,5.16739,2.14466,19.4475,7.50134,631,-52.49866,Volatile State
632,11:10:32,-219.41,12.3554,-63.316,1.112,-16.2798,-40.2134,-2.93061,-19.371782,18.0747,5.30547,-7.786,18.6622,5.80394,2.08385,18.4421,5.30547,632,-54.69453,Volatile State
633,11:10:33,-219.089,10.7698,-61.554,-3.714,-20.3359,-38.236,-2.56007,-12.122129,15.4001,2.99615,-5.78911,19.0197,7.8252,0.026653,13.8939,2.99615,633,-57.00385,Volatile State
634,11:10:34,-218.845,10.3541,-51.434,-4.191,-21.0155,-38.0598,-4.64924,-10.961952,12.4507,1.33232,-4.89022,20.3134,8.93758,-0.352997,11.3765,1.33232,634,-58.66768,Volatile State
635,11:10:35,-220.649,11.7336,-38.421,-5.743,-22.4444,-38.1262,-7.31885,-4.915025,7.63532,-0.51763,-4.88777,21.4217,9.25962,-1.53596,9.83576,-0.51763,635,-60.51763,Volatile State
636,11:10:36,-221.145,12.7357,-26.899,-7.236,-23.8281,-36.8025,-6.61307,15.855044,4.25038,-2.73848,-4.18039,22.2271,7.64571,-2.71415,8.05037,-2.73848,636,-62.73848,Volatile State
637,11:10:37,-221.919,12.0515,-17.404,-8.617,-27.0065,-36.9406,-5.41795,45.297893,-0.196123,-6.3337,-4.16909,21.9154,6.28265,-2.13897,5.78627,-6.3337,637,-66.3337,Volatile State
638,11:10:38,-223.584,12.5182,-11.223,-9.475,-27.3274,-37.2297,-3.92846,50.774879,-4.34401,-9.24456,-3.20552,21.3402,7.79512,-0.863803,3.9254,-9.24456,638,-69.24456,Volatile State
639,11:10:39,-224.98,12.8808,-8.423,-9.878,-27.5084,-39.1215,-4.41846,28.665174,-10.3521,-12.2805,0.103722,20.6947,8.12941,1.35655,3.56116,-12.2805,639,-72.2805,Volatile State
640,11:10:40,-227.219,12.0652,-7.613,-10.322,-28.0945,-41.5682,-4.1544,-13.350855,-15.2714,-14.8463,0.766544,20.4032,9.95671,1.72001,4.84073,-14.8463,640,-74.8463,Volatile State
641,11:10:41,-229.837,11.3939,-6.356,-10.528,-26.9563,-43.4905,-6.86531,-61.155031,-21.1214,-17.0795,-0.257621,19.7406,10.5312,2.47158,6.17945,-17.0795,641,-77.0795,Volatile State
642,11:10:42,-231.962,11.4488,-7.861,-12.682,-25.5092,-43.0721,-4.07768,-86.138611,-25.4671,-17.8984,-2.09972,20.2823,10.1923,3.91574,7.51783,-17.8984,642,-77.8984,Volatile State
643,11:10:43,-232.7,11.6906,-6.809,-13.833,-23.1481,-40.8215,-6.04999,-101.342159,-29.6512,-18.2451,-2.55419,20.1479,8.56436,4.9567,7.56838,-18.2451,643,-78.24510000000001,Volatile State
644,11:10:44,-232.511,13.1309,-3.0,-12.852,-22.4027,-38.5797,-6.28315,-93.949757,-33.4462,-16.7889,-3.28608,19.8746,7.72654,7.77271,7.65449,-16.7889,644,-76.7889,Volatile State
645,11:10:45,-233.345,14.2621,2.895,-13.842,-18.1254,-37.4405,-5.18576,-82.932848,-35.2189,-14.851,-3.61162,20.9789,8.5676,10.6599,8.39479,-14.851,645,-74.851,Volatile State
646,11:10:46,-234.726,15.1185,10.53,-16.9,-17.3102,-36.3174,-4.00013,-75.001006,-36.9204,-13.5738,-3.75628,20.3936,7.49128,11.1684,9.52481,-13.5738,646,-73.5738,Volatile State
647,11:10:47,-232.239,15.6092,20.621,-19.459,-14.1754,-38.9081,-3.945,-68.258534,-39.4304,-13.7035,-4.01219,19.8291,6.76106,12.6036,10.8067,-13.7035,647,-73.7035,Volatile State
648,11:10:48,-229.47,16.6089,31.399,-20.358,-12.844,-44.5535,-4.57124,-64.133621,-41.4201,-14.459,-4.3099,18.0755,5.9528,12.544,10.5745,-14.459,648,-74.459,Volatile State
649,11:10:49,-224.227,16.6015,36.7,-23.357,-13.0903,-51.7705,-4.66402,-60.050767,-43.801,-14.1551,-3.09575,15.3508,5.77503,11.7201,8.71042,-14.1551,649,-74.1551,Volatile State
650,11:10:50,-219.027,14.127,39.701,-26.208,-12.3348,-57.2742,-4.76177,-57.143627,-45.398,-14.6475,-4.72591,12.7361,7.51069,13.4022,8.85994,-14.6475,650,-74.64750000000001,Volatile State
651,11:10:51,-214.19,11.9077,41.54,-24.041,-11.299,-59.8709,-6.14253,-53.192299,-47.8317,-15.4456,-6.66066,13.0402,8.66763,14.898,10.8561,-15.4456,651,-75.4456,Volatile State
652,11:10:52,-209.075,11.2632,45.729,-21.929,-10.8843,-57.076,-7.30693,-38.123248,-47.6,-14.6197,-6.82512,12.6626,9.66511,14.9849,12.9625,-14.6197,652,-74.6197,Volatile State
653,11:10:53,-207.072,10.8461,55.018,-21.854,-10.7548,-54.803,-8.10802,-13.544737,-46.0132,-13.2423,-5.76243,11.583,11.2389,13.2211,13.8654,-13.2423,653,-73.2423,Volatile State
654,11:10:54,-204.225,11.8608,64.451,-22.049,-11.7436,-53.5102,-9.93998,13.502553,-43.9399,-10.6754,-4.89877,10.5635,12.0605,9.67195,13.521,-10.6754,654,-70.6754,Volatile State
655,11:10:55,-202.732,13.0738,75.702,-20.84,-11.8341,-53.1585,-10.9908,24.57784,-40.724,-7.97642,-7.03295,9.96711,13.9083,8.9228,12.4491,-7.97642,655,-67.97642,Volatile State
656,11:10:56,-202.006,14.4166,83.282,-21.58566667,-10.3866,-54.2756,-9.95286,38.57028,-36.8744,-3.2245,-9.34767,9.29041,15.7651,9.13432,12.3206,-3.2245,656,-63.2245,Volatile State
657,11:10:57,-203.053,16.035,87.204,-22.33133333,-10.7753,-53.5001,-8.20168,44.91592,-30.6032,0.511618,-10.1488,8.1116,17.0564,10.3896,12.6894,0.511618,657,-59.488382,Volatile State
658,11:10:58,-204.126,16.7894,87.547,-23.077,-10.0929,-52.0722,-6.29482,31.015536,-23.1933,6.11841,-11.5745,6.29659,19.4393,12.237,12.532,6.11841,658,-53.88159,Volatile State
659,11:10:59,-205.967,16.1026,91.555,-21.309,-10.0996,-49.8751,-6.43219,12.242493,-17.724,10.5084,-13.3958,5.10855,19.7559,12.2585,12.2502,10.5084,659,-49.4916,Volatile State
660,11:11:00,-207.636,15.6821,96.672,-20.944,-10.7334,-50.3195,-7.29514,-12.929221,-11.7718,13.353,-14.9024,2.73067,18.0139,11.0552,12.3887,13.353,660,-46.647,Volatile State
661,11:11:01,-209.182,14.7702,98.555,-18.875,-11.0637,-51.4308,-8.22803,-37.568363,-5.37393,14.5817,-16.3734,1.50215,16.5388,8.80328,11.6175,14.5817,661,-45.4183,Volatile State
662,11:11:02,-210.751,14.7957,95.283,-17.504,-12.4523,-54.0739,-6.6966,-59.702875,-0.396318,16.5263,-18.1111,-0.160781,16.5977,8.75854,12.6249,16.5263,662,-43.4737,Volatile State
663,11:11:03,-211.245,14.5599,90.934,-17.003,-13.2407,-56.0461,-7.34265,-68.979803,6.21525,18.9339,-18.701,-2.93664,16.4206,9.42586,14.3311,18.9339,663,-41.0661,Volatile State
664,11:11:04,-212.441,13.5728,84.954,-17.285,-14.671,-57.0951,-4.92076,-55.107686,10.6351,21.307,-20.5129,-5.79849,14.651,9.86212,16.73,21.307,664,-38.693,Volatile State
665,11:11:05,-214.567,13.4168,78.072,-16.044,-15.4945,-59.2517,-2.75432,-30.90922,15.3345,21.922,-23.6053,-8.3152,13.2327,8.61964,18.6237,21.922,665,-38.078,Volatile State
666,11:11:06,-217.281,12.9947,76.631,-18.07,-16.5541,-59.6376,-2.96707,-25.140057,18.4168,21.8365,-26.3682,-10.4374,12.8446,6.38718,20.5467,21.8365,666,-38.1635,Volatile State
667,11:11:07,-219.838,12.3403,79.29,-18.845,-18.1386,-61.7222,-2.18783,-29.559651,18.6054,21.3953,-27.4595,-12.8547,11.8123,3.90311,20.204,21.3953,667,-38.6047,Volatile State
668,11:11:08,-222.644,12.2122,84.016,-16.771,-19.5153,-61.4005,-1.84455,-35.347331,19.2622,19.8919,-27.7144,-14.6445,11.3574,3.0813,19.9534,19.8919,668,-40.1081,Volatile State
669,11:11:09,-223.474,11.4642,87.329,-15.764,-21.7117,-59.7114,-2.35057,-55.639923,16.0545,17.5798,-27.6014,-15.6337,12.9474,1.71963,21.8234,17.5798,669,-42.4202,Volatile State
670,11:11:10,-224.522,10.0302,87.02,-17.136,-23.103,-56.7704,-0.376274,-62.794794,16.2695,14.2614,-28.0169,-16.1025,14.0778,1.18854,22.4124,14.2614,670,-45.7386,Volatile State
671,11:11:11,-222.562,8.75984,80.806,-19.068,-23.5708,-53.318,0.294631,-61.600144,13.8495,10.5755,-28.5278,-17.7973,13.3977,0.00256,22.6626,10.5755,671,-49.4245,Volatile State
672,11:11:12,-220.17,8.22309,74.988,-19.09,-24.1858,-52.2357,0.781053,-53.277448,14.0862,8.17699,-28.0214,-18.2752,11.848,-1.90079,24.2958,8.17699,672,-51.82301,Volatile State
673,11:11:13,-215.741,7.9477,72.302,-20.022,-25.1775,-55.4272,1.85618,-50.903991,14.4601,5.268,-28.086,-18.7337,10.1768,-4.01696,25.0966,5.268,673,-54.732,Volatile State
674,11:11:14,-209.328,8.14308,74.064,-18.961,-25.1107,-57.5934,3.29838,-59.692035,17.1829,2.55884,-26.8267,-20.1025,9.62207,-5.44137,24.7677,2.55884,674,-57.441159999999996,Volatile State
675,11:11:15,-202.984,8.50026,80.531,-15.436,-24.7539,-59.7072,0.48015,-74.438193,20.1276,0.140491,-26.3169,-20.2154,9.74071,-6.10637,24.527,0.140491,675,-59.859509,Volatile State
676,11:11:16,-194.579,9.28888,88.275,-14.264,-24.5962,-61.154,0.236253,-79.742713,24.3543,-1.50504,-26.9917,-19.6002,9.77075,-5.93703,24.0626,-1.50504,676,-61.50504,Volatile State
677,11:11:17,-183.862,11.0602,94.965,-12.829,-24.1684,-63.5311,-0.406913,-89.552147,27.2379,-2.37472,-25.4641,-17.7532,8.13266,-6.7115,23.8074,-2.37472,677,-62.374719999999996,Volatile State
678,11:11:18,-175.34,13.7672,99.821,-11.334,-23.2657,-64.0235,1.06802,-83.907276,28.2253,-2.89834,-24.5979,-16.9287,6.21463,-8.23325,24.4535,-2.89834,678,-62.89834,Volatile State
679,11:11:19,-168.08,16.2505,101.71,-12.227,-22.0345,-63.8143,2.62215,-69.859926,25.6908,-1.97552,-22.7128,-16.0681,7.88899,-9.48851,23.683,-1.97552,679,-61.97552,Volatile State
680,11:11:20,-158.801,18.4162,100.011,-15.947,-21.6096,-63.9523,4.05279,-50.732989,19.2934,-0.121878,-22.3566,-14.2518,10.0375,-9.68432,21.4368,-0.121878,680,-60.121878,Volatile State
681,11:11:21,-153.265,19.7138,94.623,-17.041,-22.5966,-62.6912,6.74075,-25.508945,10.6599,2.22666,-22.3256,-12.9762,12.2383,-8.50534,18.6745,2.22666,681,-57.77334,Volatile State
682,11:11:22,-149.841,20.1575,85.837,-15.242,-22.759,-62.9919,7.0821,1.818539,0.002209,5.20957,-21.7818,-13.6687,12.8003,-7.02985,17.9158,5.20957,682,-54.79043,Volatile State
683,11:11:23,-145.267,20.1201,73.11,-13.575,-22.6111,-63.8128,10.4371,26.518635,-9.65043,8.22978,-20.5448,-13.3673,12.1781,-6.70752,17.7336,8.22978,683,-51.77022,Volatile State
684,11:11:24,-141.797,18.6378,60.467,-13.672,-20.8066,-64.791,10.4002,39.409489,-15.775,9.74536,-18.8624,-13.0641,11.0531,-7.85207,16.6221,9.74536,684,-50.25464,Volatile State
685,11:11:25,-138.732,17.5129,50.133,-15.074,-21.2716,-65.2566,11.2778,30.536781,-21.1817,13.4784,-20.5757,-11.4671,9.6834,-8.13677,15.0951,13.4784,685,-46.5216,Volatile State
686,11:11:26,-137.192,16.1301,47.825,-14.148,-20.6369,-66.393,11.2905,20.669288,-25.9418,18.1959,-20.658,-10.1596,8.98089,-8.09375,12.9208,18.1959,686,-41.8041,Volatile State
687,11:11:27,-131.347,14.3346,50.574,-16.289,-20.8889,-67.9749,11.4576,27.351887,-31.6375,21.8017,-21.5033,-8.99811,8.09501,-7.87053,10.7998,21.8017,687,-38.1983,Volatile State
688,11:11:28,-126.598,13.9286,57.971,-19.57,-20.1935,-70.9638,12.8319,44.326591,-34.3953,22.5284,-22.7204,-8.49423,6.00366,-7.29767,10.2031,22.5284,688,-37.471599999999995,Volatile State
689,11:11:29,-123.885,14.0694,68.341,-22.182,-20.4734,-72.2079,13.5562,46.740776,-37.6108,22.76,-25.3407,-6.80397,5.04472,-5.91429,10.8998,22.76,689,-37.239999999999995,Volatile State
690,11:11:30,-122.661,13.0757,78.776,-17.956,-19.7451,-72.0326,13.7841,22.215945,-35.9445,22.5162,-24.9129,-7.0404,3.62065,-5.54171,10.5322,22.5162,690,-37.4838,Volatile State
691,11:11:31,-120.107,11.9462,87.022,-15.832,-19.9901,-71.2881,14.7427,-29.109305,-34.2715,21.4731,-24.3238,-6.98704,3.255,-7.409,9.1857,21.4731,691,-38.5269,Volatile State
692,11:11:32,-117.578,11.8678,94.696,-17.611,-18.9344,-68.448,14.4745,-78.83517,-31.5019,21.0269,-24.7047,-7.52778,1.90393,-10.3587,7.68957,21.0269,692,-38.9731,Volatile State
693,11:11:33,-114.445,12.9333,98.782,-19.759,-18.969,-65.0792,15.4702,-89.275761,-29.6061,21.0518,-22.5208,-8.13793,0.030162,-11.7864,6.28647,21.0518,693,-38.9482,Volatile State
694,11:11:34,-109.291,13.2421,96.44,-18.309,-19.596,-63.827,14.7653,-71.621721,-28.7581,23.0978,-22.8196,-7.46155,-0.046637,-13.1417,6.04601,23.0978,694,-36.9022,Volatile State
695,11:11:35,-104.684,13.6323,90.139,-19.152,-22.7335,-63.3215,13.7252,-48.154645,-29.6312,25.0523,-22.6716,-6.54963,-0.282136,-15.709,5.96659,25.0523,695,-34.9477,Volatile State
696,11:11:36,-100.016,14.126,81.887,-21.178,-24.0688,-62.3012,13.458,-56.496652,-32.6903,26.9952,-24.8302,-5.87554,1.54227,-18.1215,5.94895,26.9952,696,-33.0048,Volatile State
697,11:11:37,-93.4076,14.7949,78.312,-25.436,-23.3497,-60.9491,12.9284,-77.933969,-36.5781,29.6035,-26.1203,-6.3493,1.77756,-19.3263,3.71025,29.6035,697,-30.3965,Volatile State
698,11:11:38,-87.0527,15.5843,76.818,-28.17,-25.2252,-59.6706,12.6129,-96.750708,-41.7378,30.9862,-26.0389,-7.33766,1.43933,-21.3805,1.9206,30.9862,698,-29.0138,Volatile State
699,11:11:39,-78.8996,15.5585,75.759,-25.19,-26.8426,-57.7399,13.0875,-99.460946,-47.0902,33.3447,-24.5504,-7.9012,0.055207,-23.7829,0.667034,33.3447,699,-26.655299999999997,Volatile State
700,11:11:40,-70.4749,14.7926,72.617,-23.354,-27.1727,-57.2187,13.5442,-90.553081,-50.9375,35.0031,-23.2602,-6.66284,-0.895734,-25.8793,1.48742,35.0031,700,-24.996899999999997,Volatile State
701,11:11:41,-62.0279,14.2609,68.715,-21.649,-27.2553,-57.8511,14.4197,-49.099198,-55.1643,35.2722,-24.4527,-6.58209,-1.64338,-27.027,3.2225,35.2722,701,-24.727800000000002,Volatile State
702,11:11:42,-53.7208,13.1431,63.888,-22.005,-28.4507,-61.0124,14.6101,-9.35392,-58.1761,34.1706,-25.9745,-6.14114,-0.766845,-26.5259,3.81448,34.1706,702,-25.8294,Volatile State
703,11:11:43,-46.347,11.5743,59.668,-19.063,-30.0027,-65.9486,15.5272,-20.515942,-62.5006,33.5315,-27.868,-6.29192,0.399882,-26.515,4.13438,33.5315,703,-26.4685,Volatile State
704,11:11:44,-39.4817,9.7021,55.228,-15.273,-28.8387,-69.4657,16.1632,-50.651459,-65.6218,32.8983,-27.8476,-5.54753,1.10871,-26.7716,6.16356,32.8983,704,-27.1017,Volatile State
705,11:11:45,-33.7256,8.3646,50.986,-15.364,-26.3937,-72.6257,15.2068,-67.536371,-70.1423,34.3818,-28.2762,-5.16686,1.64051,-26.9717,8.99712,34.3818,705,-25.6182,Volatile State
706,11:11:46,-29.9496,7.01717,50.437,-16.721,-26.0508,-76.0301,15.9461,-74.525431,-72.5558,35.3249,-27.3356,-6.0147,1.67433,-27.1794,11.4937,35.3249,706,-24.6751,Volatile State
707,11:11:47,-27.4362,6.33975,51.63,-17.423,-23.7487,-79.8417,17.5262,-72.852069,-74.9137,37.8425,-27.639,-8.61477,2.10799,-27.1173,13.3018,37.8425,707,-22.1575,Volatile State
708,11:11:48,-26.3372,5.62017,50.496,-16.233,-24.0754,-80.9053,14.1888,-63.099078,-74.8508,41.5082,-26.058,-11.2578,5.2518,-25.8198,13.8015,41.5082,708,-18.491799999999998,Volatile State
709,11:11:49,-25.7844,4.77276,47.226,-11.795,-22.9751,-80.3432,15.0799,-70.170379,-73.3497,44.3638,-25.455,-12.9251,8.03372,-24.8779,14.2885,44.3638,709,-15.636200000000002,Volatile State
710,11:11:50,-24.1149,4.77566,45.492,-11.616,-21.3665,-78.7587,13.0858,-98.704027,-73.4513,47.3164,-26.482,-14.1697,9.95849,-22.472,15.9798,47.3164,710,-12.683599999999998,Volatile State
711,11:11:51,-24.1932,5.09387,41.343,-13.166,-21.4821,-77.1168,12.6243,-111.68633,-71.694,48.3134,-28.1571,-14.9946,8.86772,-22.0249,17.0158,48.3134,711,-11.686599999999999,Volatile State
712,11:11:52,-23.8226,5.98718,36.243,-11.309,-22.5249,-74.5902,12.3927,-102.528845,-70.3509,48.3803,-27.9684,-16.2059,7.81286,-21.2221,17.0108,48.3803,712,-11.619700000000002,Volatile State
713,11:11:53,-22.4993,6.80101,29.332,-11.66,-21.0274,-70.261,11.5707,-74.585959,-66.2563,47.5251,-25.6067,-15.7604,7.92524,-19.8433,15.5629,47.5251,713,-12.474899999999998,Volatile State
714,11:11:54,-22.3819,8.21329,21.926,-9.962,-21.3444,-68.0144,12.2625,-52.120042,-64.3501,44.0888,-25.6855,-15.0315,7.99194,-19.1932,15.6232,44.0888,714,-15.911200000000001,Volatile State
715,11:11:55,-19.1607,9.69993,17.443,-12.316,-21.5489,-66.9631,12.6898,-40.609533,-59.2804,38.696,-25.0184,-14.9273,9.08637,-18.9992,14.1511,38.696,715,-21.304000000000002,Volatile State
716,11:11:56,-19.2402,11.0033,12.294,-10.069,-20.4471,-66.9611,12.2919,-29.099024,-55.5584,32.5138,-22.7952,-15.1559,10.6949,-19.1853,11.8163,32.5138,716,-27.486199999999997,Volatile State
717,11:11:57,-16.2618,12.3545,6.384,-6.81,-20.6044,-65.3573,10.1028,-17.588515,-50.8553,27.888,-20.0772,-16.1886,11.4145,-17.3177,10.022,27.888,717,-32.111999999999995,Volatile State
718,11:11:58,-14.2756,13.9144,2.031,-9.054,-19.2754,-63.3551,9.49772,-14.046619,-44.7683,23.3391,-18.7909,-17.2911,10.3465,-17.3235,7.05779,23.3391,718,-36.6609,Volatile State
719,11:11:59,-10.0892,14.9534,-1.932,-9.35,-19.9334,-61.7953,6.54188,-11.646492,-39.6514,19.2559,-18.8752,-17.4967,9.95188,-17.6535,4.0863,19.2559,719,-40.7441,Volatile State
720,11:12:00,-5.23522,15.3515,-2.749,-10.054,-19.0543,-60.8716,5.20594,-30.38617,-33.9382,17.4572,-21.6021,-16.3731,10.537,-19.4815,2.26569,17.4572,720,-42.5428,Volatile State
721,11:12:01,-0.521742,15.1965,-0.032,-9.508,-20.4218,-61.5106,4.38173,-55.977156,-29.3442,17.2104,-25.8109,-15.3887,12.078,-20.6673,1.60039,17.2104,721,-42.7896,Volatile State
722,11:12:02,2.40149,14.7044,2.906,-9.986,-21.5313,-62.3048,2.65858,-65.146044,-25.4724,19.7097,-25.6759,-14.0099,13.0917,-21.7882,1.34804,19.7097,722,-40.2903,Volatile State
723,11:12:03,7.60422,13.7887,9.263,-10.765,-23.5425,-65.7505,3.07216,-65.541792,-19.1123,24.334,-27.3943,-14.0904,13.5151,-22.3515,-0.011042,24.334,723,-35.666,Volatile State
724,11:12:04,12.1643,11.5846,13.941,-13.782,-23.7151,-68.1954,1.30334,-66.239696,-13.8098,27.5265,-30.949,-14.5257,12.5563,-22.1431,-1.27434,27.5265,724,-32.4735,Volatile State
725,11:12:05,17.0211,9.32249,12.464,-14.199,-23.1651,-69.6826,-0.162166,-66.407733,-6.20822,29.8621,-30.5698,-15.2961,11.6954,-20.7357,-2.08854,29.8621,725,-30.1379,Volatile State
726,11:12:06,24.9805,8.15829,9.507,-10.676,-22.2304,-71.7241,0.055182,-60.17983,-2.02116,30.2154,-29.7828,-15.9616,11.3994,-20.3011,-1.38963,30.2154,726,-29.7846,Volatile State
727,11:12:07,32.8746,7.0847,5.512,-11.582,-20.6826,-73.9281,2.09934,-49.839626,2.40534,30.647,-30.1276,-15.9253,13.5073,-22.1779,-0.974931,30.647,727,-29.353,Volatile State
728,11:12:08,41.4537,6.64341,5.066,-15.128,-21.3104,-76.1179,4.03077,-45.218115,4.57777,31.5676,-30.0156,-14.7062,15.6611,-23.7751,-1.42429,31.5676,728,-28.4324,Volatile State
729,11:12:09,48.6894,7.16854,7.311,-16.702,-22.1354,-77.0773,7.02762,-45.648409,6.64578,32.1613,-32.1445,-12.9067,16.8515,-23.9504,-2.74856,32.1613,729,-27.838700000000003,Volatile State
730,11:12:10,55.4563,8.00132,9.356,-17.155,-20.3888,-80.1785,7.50678,-44.095675,7.14575,33.022,-34.0426,-10.3056,16.6919,-23.1565,-4.08842,33.022,730,-26.978,Volatile State
731,11:12:11,62.6194,9.50878,9.933,-15.87,-23.1296,-84.3229,7.75528,-36.931462,7.65036,32.5761,-35.8462,-8.50781,15.1756,-21.3315,-4.65139,32.5761,731,-27.423900000000003,Volatile State
732,11:12:12,69.1896,11.9754,7.097,-16.02,-22.5549,-86.127,10.4524,-24.867014,8.74024,32.2219,-37.297,-5.89993,13.6128,-18.4623,-4.01383,32.2219,732,-27.778100000000002,Volatile State
733,11:12:13,75.4484,14.815,-1.414,-15.918,-24.7685,-84.0311,11.8771,-18.254652,9.31301,30.7909,-37.9027,-4.11024,13.3636,-15.6266,-4.53507,30.7909,733,-29.2091,Volatile State
734,11:12:14,84.0166,15.2896,-10.312,-11.66,-27.0415,-79.991,11.0398,-16.647383,9.99718,29.0536,-37.6461,-2.76127,14.1622,-13.7374,-5.86974,29.0536,734,-30.9464,Volatile State
735,11:12:15,91.5369,15.0867,-17.202,-12.545,-26.5248,-75.923,9.92456,-32.066549,10.7842,27.0303,-36.127,-1.93342,14.9826,-12.3346,-9.01282,27.0303,735,-32.9697,Volatile State
736,11:12:16,99.5436,14.8544,-18.836,-15.128,-28.7438,-73.6663,8.98785,-52.528752,12.6161,24.2539,-35.9521,-0.963546,15.056,-12.2623,-9.53306,24.2539,736,-35.7461,Volatile State
737,11:12:17,105.606,14.2265,-16.224,-16.73,-30.9167,-69.9157,10.492,-74.118043,12.1353,20.944,-36.8073,0.074569,14.3301,-9.99454,-8.61964,20.944,737,-39.056,Volatile State
738,11:12:18,111.964,13.3783,-12.244,-16.032,-32.6214,-65.2464,9.68534,-91.158498,9.96715,19.4485,-36.4087,0.495007,13.0307,-7.90707,-7.65911,19.4485,738,-40.551500000000004,Volatile State
739,11:12:19,119.2,12.7181,-8.25,-15.559,-34.0284,-62.1459,10.425,-75.329967,8.11732,15.9156,-35.6405,1.40037,14.5217,-6.72135,-5.60964,15.9156,739,-44.0844,Volatile State
740,11:12:20,127.58,12.7284,-10.034,-13.143,-35.8902,-61.6764,8.69464,-42.593965,7.66368,13.2148,-34.2315,3.04087,17.7498,-7.63293,-3.02759,13.2148,740,-46.7852,Volatile State
741,11:12:21,135.706,13.8645,-12.241,-13.273,-37.6896,-60.6724,6.89594,-6.537253,6.76417,9.31711,-33.7295,4.25034,20.3126,-10.0762,0.164999,9.31711,741,-50.68289,Volatile State
742,11:12:22,143.918,14.6268,-13.165,-14.553,-39.672,-56.5752,9.22259,17.440195,5.23018,8.39491,-34.1883,4.83523,21.162,-11.4472,0.252847,8.39491,742,-51.605090000000004,Volatile State
743,11:12:23,150.111,14.5071,-10.608,-11.543,-39.4853,-48.0215,9.50045,29.959907,4.52653,9.3494,-33.2794,4.87344,20.2928,-12.0783,1.34032,9.3494,743,-50.6506,Volatile State
744,11:12:24,155.558,15.1353,-4.176,-12.791,-38.6806,-37.5336,7.6757,19.037847,2.48063,11.5765,-33.1023,4.98979,19.1694,-13.9618,3.10156,11.5765,744,-48.423500000000004,Volatile State
745,11:12:25,160.227,14.0568,4.718,-16.744,-39.6194,-23.2236,5.85214,1.509704,-0.887117,14.2826,-33.5495,5.84579,17.7163,-15.1691,5.52443,14.2826,745,-45.7174,Volatile State
746,11:12:26,163.72,12.5434,13.825,-18.427,-39.0704,-9.67878,4.58704,-15.500357,-5.85727,17.0373,-34.5168,7.11371,18.6015,-14.6949,7.09038,17.0373,746,-42.9627,Volatile State
747,11:12:27,168.804,12.5641,21.583,-16.938,-38.2295,0.821501,3.84612,-18.717031,-9.77777,18.5861,-34.198,8.45946,18.6788,-15.5283,8.10414,18.5861,747,-41.4139,Volatile State
748,11:12:28,172.039,12.256,25.756,-19.248,-36.5128,10.2591,5.76259,-18.329616,-17.9643,20.2368,-34.6684,8.00255,16.9374,-17.2002,9.16322,20.2368,748,-39.7632,Volatile State
749,11:12:29,175.209,11.5922,28.3,-20.167,-35.054,17.1222,7.2969,-20.985494,-27.905,21.4689,-34.882,7.15789,14.2175,-18.3096,9.11707,21.4689,749,-38.531099999999995,Volatile State
750,11:12:30,178.281,11.3461,28.304,-17.919,-35.0193,22.3232,7.93913,-24.620812,-40.7179,21.0643,-34.2155,6.64092,10.2514,-17.1581,8.91772,21.0643,750,-38.9357,Volatile State
751,11:12:31,180.285,11.047,26.37,-17.073,-32.3424,28.3757,8.69027,-17.962282,-53.461,19.5799,-34.1689,5.48352,8.20107,-15.1628,8.64051,19.5799,751,-40.420100000000005,Volatile State
752,11:12:32,183.205,10.7039,22.642,-15.758,-31.4001,35.3026,8.49945,-0.476234,-64.4053,19.8143,-33.7539,3.13326,6.42368,-13.3421,8.97874,19.8143,752,-40.1857,Volatile State
753,11:12:33,182.989,10.8851,23.891,-16.25,-29.4823,39.6225,7.22986,24.065073,-75.2655,22.1165,-33.1829,0.045461,4.72116,-12.6189,9.49607,22.1165,753,-37.8835,Volatile State
754,11:12:34,183.235,11.026,27.131,-16.974,-28.5441,40.8141,4.97114,36.508,-83.9966,25.2421,-33.5463,-0.451621,5.31836,-12.5589,11.1149,25.2421,754,-34.7579,Volatile State
755,11:12:35,181.065,11.5242,28.434,-17.499,-27.8391,43.0359,2.61407,31.250414,-91.2525,25.86,-33.4286,-0.113063,4.59807,-13.2845,12.4196,25.86,755,-34.14,Volatile State
756,11:12:36,180.546,12.4434,28.996,-15.097,-27.3554,44.3303,2.38791,21.05607,-96.9829,26.4589,-33.0445,-1.30801,3.69145,-13.3978,11.7637,26.4589,756,-33.5411,Volatile State
757,11:12:37,178.673,13.3044,32.573,-11.837,-26.8599,45.474,2.93335,16.742271,-100.493,27.4122,-31.2513,-4.35313,2.57965,-12.9249,12.4781,27.4122,757,-32.5878,Volatile State
758,11:12:38,175.781,14.7901,34.228,-12.7,-28.0876,45.9097,3.3786,14.571641,-102.039,27.6552,-30.1084,-5.70835,2.20596,-12.3242,12.733,27.6552,758,-32.3448,Volatile State
759,11:12:39,173.126,16.2364,31.551,-13.471,-29.2947,47.0392,6.54157,12.90544,-101.778,27.6963,-28.4596,-5.07981,3.63949,-11.9027,13.2559,27.6963,759,-32.3037,Volatile State
760,11:12:40,170.625,15.7466,27.263,-11.819,-30.481,46.6967,5.58376,8.239912,-100.191,25.8111,-26.5622,-3.49059,3.96961,-10.9841,14.7363,25.8111,760,-34.188900000000004,Volatile State
761,11:12:41,168.711,16.0682,26.62,-14.061,-29.7946,45.3414,3.6411,-0.591185,-97.9677,23.6808,-24.8034,-3.7415,5.05934,-10.5498,15.0867,23.6808,761,-36.319199999999995,Volatile State
762,11:12:42,166.064,16.7812,29.222,-17.106,-30.0336,41.6782,4.74019,-26.604932,-94.6301,22.594,-23.2233,-5.23344,7.25933,-10.2317,15.4891,22.594,762,-37.406,Volatile State
763,11:12:43,163.481,15.736,35.371,-15.517,-31.2111,39.2734,3.22652,-56.193394,-90.645,22.4419,-22.6648,-5.51962,7.92036,-9.18594,14.1788,22.4419,763,-37.558099999999996,Volatile State
764,11:12:44,161.672,14.5957,43.468,-10.984,-32.7156,37.1745,5.31923,-82.463444,-83.5068,23.6329,-22.3517,-5.77083,8.47524,-7.78213,13.6012,23.6329,764,-36.3671,Volatile State
765,11:12:45,159.848,13.4417,54.223,-9.403,-31.6637,35.8404,6.6911,-105.328063,-75.7034,27.1361,-21.6943,-6.05121,9.44459,-6.0416,14.246,27.1361,765,-32.8639,Volatile State
766,11:12:46,158.884,12.2374,67.303,-7.889,-31.8367,32.6348,7.09795,-116.987712,-66.7567,30.3987,-19.949,-6.79191,10.7576,-5.48342,14.87,30.3987,766,-29.6013,Volatile State
767,11:12:47,158.069,12.0346,79.135,-8.36,-31.6633,28.0514,3.4989,-122.467769,-58.5493,32.7526,-19.1936,-6.46553,12.4115,-4.77637,15.686,32.7526,767,-27.2474,Volatile State
768,11:12:48,158.501,12.885,85.508,-5.716,-31.1246,23.1749,3.76075,-104.100153,-49.8784,34.3548,-18.6214,-4.61822,12.8317,-3.90835,13.0744,34.3548,768,-25.645200000000003,Volatile State
769,11:12:49,161.136,13.7494,91.077,-4.941,-28.356,19.3427,6.82991,-85.732538,-40.6367,33.3815,-18.3456,-3.07832,14.0417,-4.85959,11.0737,33.3815,769,-26.618499999999997,Volatile State
770,11:12:50,164.718,15.154,88.263,-4.47,-28.894,12.78,6.9612,-67.364922,-32.7076,34.1122,-17.5092,-3.69045,13.7429,-5.65791,10.5188,34.1122,770,-25.8878,Volatile State
771,11:12:51,166.183,16.2363,84.024,-3.081,-28.4934,6.0276,8.766,-40.834997,-24.7989,34.8392,-17.3929,-4.51027,14.037,-4.72733,11.8951,34.8392,771,-25.160800000000002,Volatile State
772,11:12:52,168.015,16.4009,75.744,-0.466,-27.1682,2.08913,8.43679,-3.285925,-16.3004,37.4767,-17.84,-4.7882,15.6882,-4.71748,11.6984,37.4767,772,-22.5233,Volatile State
773,11:12:53,171.013,16.8777,62.973,0.542,-27.3355,-2.35464,11.0527,28.236495,-8.02396,40.1531,-18.7917,-3.9271,17.2095,-5.65516,10.075,40.1531,773,-19.846899999999998,Volatile State
774,11:12:54,173.29,16.6477,50.347,1.11,-26.6684,-7.39448,10.4619,42.479535,-0.911904,42.831,-19.528,-3.18537,17.52,-6.23826,6.17156,42.831,774,-17.168999999999997,Volatile State
775,11:12:55,173.834,15.7666,39.474,1.34,-27.414,-12.1976,9.99181,45.608061,6.20769,44.8283,-19.0732,-2.56398,15.7417,-8.02759,4.23659,44.8283,775,-15.171700000000001,Volatile State
776,11:12:56,172.554,14.7794,36.061,2.88,-26.6092,-15.4505,10.4122,37.256742,10.3216,47.8218,-18.5472,-2.10094,13.2591,-8.98591,5.63084,47.8218,776,-12.178199999999997,Volatile State
777,11:12:57,170.657,13.2791,39.084,6.86,-27.4764,-18.7833,11.3047,28.905424,14.5872,51.0345,-17.396,-1.57195,13.1599,-10.2391,7.92419,51.0345,777,-8.965499999999999,Volatile State
778,11:12:58,167.86,11.5332,46.428,5.196,-25.5777,-23.8908,14.2534,20.554105,17.2567,53.9576,-17.34,0.054534,12.454,-10.1535,8.01765,53.9576,778,-6.042400000000001,Volatile State
779,11:12:59,163.948,10.61,54.454,2.241,-26.0994,-26.949,16.1781,19.938774,20.5143,55.9589,-18.9544,1.76252,12.7906,-10.2626,6.60457,55.9589,779,-4.0411,Volatile State
780,11:13:00,160.97,10.6398,63.401,3.944,-26.2527,-28.286,17.8136,3.063678,21.3635,58.6297,-21.4893,2.50992,13.1371,-10.1924,6.08828,58.6297,780,-1.3703000000000003,Volatile State
781,11:13:01,158.268,11.7159,76.53,7.071,-25.9515,-30.6738,18.8703,-33.419341,22.653,60.1659,-23.5322,4.50048,13.5397,-10.6106,5.64247,60.1659,781,0.1659000000000006,Volatile State
782,11:13:02,156.423,12.6848,90.824,6.107,-25.3771,-34.821,21.6442,-67.909551,24.343,61.3301,-23.1824,5.86662,13.6498,-10.4206,5.58328,61.3301,782,1.3301000000000016,Volatile State
783,11:13:03,155.724,14.2337,101.965,6.525,-23.1769,-37.4992,21.9089,-83.027208,26.2301,59.603,-22.3316,6.91854,13.1569,-9.13191,5.52918,59.603,783,-0.39699999999999847,Volatile State
784,11:13:04,155.44,15.9913,107.072,8.533,-24.1201,-38.3285,20.1197,-90.12743,31.0505,59.6711,-20.2759,6.53524,15.2334,-8.70484,4.86664,59.6711,784,-0.3288999999999973,Volatile State
785,11:13:05,153.201,16.2326,105.933,11.031,-21.9363,-38.0256,20.2068,-76.702251,33.8227,59.1546,-19.7229,6.50187,17.1619,-9.28365,3.84426,59.1546,785,-0.8453999999999979,Volatile State
786,11:13:06,150.373,15.6735,96.488,10.864,-20.5415,-38.7826,19.3649,-53.200769,34.069,58.1332,-20.7965,6.60512,17.733,-9.95191,4.20986,58.1332,786,-1.8667999999999978,Volatile State
787,11:13:07,148.136,14.8121,84.98,9.555,-20.6569,-37.8127,19.3549,-24.864235,34.2981,57.7403,-22.0963,7.1976,15.5527,-9.20316,4.75014,57.7403,787,-2.2597000000000023,Volatile State
788,11:13:08,145.986,13.837,75.019,9.815,-18.0257,-36.124,20.9036,2.217754,33.9086,55.1138,-22.471,8.53238,15.6981,-8.45997,5.31254,55.1138,788,-4.886200000000002,Volatile State
789,11:13:09,146.158,13.516,66.604,8.561,-17.8014,-35.1169,20.3027,23.077532,34.8282,51.6352,-22.4257,9.90842,16.3585,-8.60113,5.29897,51.6352,789,-8.364800000000002,Volatile State
790,11:13:10,145.996,12.9327,60.716,10.9,-17.1955,-34.7175,19.2425,31.552875,36.6449,48.0441,-23.2613,9.9583,15.7366,-8.19966,5.53252,48.0441,790,-11.9559,Volatile State
791,11:13:11,145.317,14.0163,56.897,12.411,-16.229,-33.7757,20.5248,24.961367,35.8993,45.8989,-22.1843,9.6018,16.3374,-7.8017,5.2539,45.8989,791,-14.101100000000002,Volatile State
792,11:13:12,143.108,14.9863,57.265,10.581,-15.5065,-33.1798,20.7304,-5.207712,37.3142,43.1462,-20.3303,9.58526,16.1769,-7.90574,5.27076,43.1462,792,-16.8538,Volatile State
793,11:13:13,142.759,14.8267,62.598,10.647,-16.4955,-34.6522,20.0375,-50.861555,35.8203,41.1158,-20.4492,10.1305,16.1527,-8.36609,6.96066,41.1158,793,-18.8842,Volatile State
794,11:13:14,143.35,14.7183,65.974,11.457,-14.833,-37.4881,19.5619,-85.196782,33.6891,40.1255,-21.526,10.1772,14.5937,-9.01386,7.47037,40.1255,794,-19.874499999999998,Volatile State
795,11:13:15,143.863,14.3456,68.33,6.455,-13.4567,-37.5383,18.6258,-101.970963,31.6723,41.0751,-22.5975,10.0707,14.5475,-8.85481,8.539,41.0751,795,-18.9249,Volatile State
796,11:13:16,142.77,13.8792,72.33,4.942,-12.8356,-36.4434,18.0223,-111.86852,28.1326,42.3517,-23.2128,10.3008,15.6131,-8.81857,7.3605,42.3517,796,-17.6483,Volatile State
797,11:13:17,141.137,13.6478,78.689,7.29,-12.7768,-37.1181,17.0478,-116.680942,25.3352,45.6439,-23.4049,9.80985,15.7758,-7.9298,7.42939,45.6439,797,-14.356099999999998,Volatile State
798,11:13:18,137.871,12.8533,82.958,4.44,-11.9946,-38.8597,15.7823,-117.155214,18.6977,46.8882,-22.0619,8.14893,14.9554,-8.51898,8.73021,46.8882,798,-13.111800000000002,Volatile State
799,11:13:19,136.526,12.6217,89.195,2.035,-12.9358,-42.7825,15.8354,-105.286791,11.9417,47.7915,-20.8096,5.82771,13.7035,-10.5976,10.3503,47.7915,799,-12.2085,Volatile State
800,11:13:20,135.477,13.1728,97.131,5.284,-13.0009,-46.2685,14.5603,-95.428797,4.78069,48.0292,-21.7978,4.5533,11.1851,-12.9956,12.0619,48.0292,800,-11.970799999999997,Volatile State
801,11:13:21,136.649,15.4741,103.442,7.991,-13.9165,-49.6309,15.3838,-93.428431,0.165091,47.6786,-22.387,3.57992,9.53306,-13.4017,12.6026,47.6786,801,-12.321399999999997,Volatile State
802,11:13:22,138.82,17.3776,106.875,4.394,-15.5311,-53.3575,16.6538,-90.759561,-3.63265,47.052,-21.2303,2.50014,9.05272,-13.1692,13.1804,47.052,802,-12.948,Volatile State
803,11:13:23,140.555,17.3062,103.55,3.031,-16.1276,-55.816,18.3216,-73.063993,-4.75389,46.1705,-20.8507,1.42432,8.32558,-15.155,14.7171,46.1705,803,-13.829500000000003,Volatile State
804,11:13:24,140.718,16.3354,90.922,8.174,-17.0719,-56.6721,17.1674,-54.902117,-7.50473,45.4795,-18.9533,-1.00861,7.89786,-16.9539,14.3573,45.4795,804,-14.520499999999998,Volatile State
805,11:13:25,142.258,15.5843,68.418,8.72,-17.1238,-55.8753,14.8546,-43.013141,-7.41808,44.6595,-17.6756,-2.811,7.42084,-18.929,13.5149,44.6595,805,-15.340499999999999,Volatile State
806,11:13:26,139.287,14.8546,43.615,4.079,-16.727,-55.2827,14.4119,-33.782633,-8.36002,43.2382,-17.8467,-2.73596,7.04308,-20.8881,12.0964,43.2382,806,-16.7618,Volatile State
807,11:13:27,136.889,14.3486,22.409,5.094,-16.9406,-56.5041,13.7718,-34.014415,-9.10796,43.8285,-19.0548,-1.81614,8.43977,-20.1285,11.8074,43.8285,807,-16.1715,Volatile State
808,11:13:28,136.142,14.557,13.097,9.918,-15.9719,-57.7646,16.0065,-45.103701,-8.83268,45.4037,-21.2652,-1.49053,9.42242,-19.5802,11.5369,45.4037,808,-14.5963,Volatile State
809,11:13:29,137.786,14.5893,11.564,7.817,-15.6307,-58.3697,19.9468,-45.579314,-8.47388,44.7987,-22.3887,-2.00142,10.3965,-19.4593,12.2251,44.7987,809,-15.201300000000003,Volatile State
810,11:13:30,138.066,14.6329,14.801,5.95,-16.9919,-59.4024,22.1824,-42.266879,-10.015,42.9372,-21.768,-2.28453,9.54426,-17.5241,13.6202,42.9372,810,-17.062800000000003,Volatile State
811,11:13:31,137.829,14.8449,21.941,9.599,-17.3581,-61.4442,23.1758,-31.947802,-10.045,40.7997,-22.4268,-1.85232,8.50122,-17.5958,13.5015,40.7997,811,-19.2003,Volatile State
812,11:13:32,137.482,15.0036,31.185,9.857,-16.6005,-63.4962,22.7141,-9.172994,-10.9942,39.1099,-23.0934,-1.67441,7.93568,-18.0537,14.4136,39.1099,812,-20.890099999999997,Volatile State
813,11:13:33,137.428,15.2358,39.695,8.208,-18.4061,-64.2603,22.2562,9.197441,-12.3433,36.3657,-22.8925,-2.30496,10.1194,-19.3429,14.2568,36.3657,813,-23.634300000000003,Volatile State
814,11:13:34,137.476,15.799,45.48,9.225,-19.7138,-62.5742,21.4471,17.409546,-13.4852,33.9104,-23.8158,-3.83038,11.0642,-18.3608,14.8951,33.9104,814,-26.089599999999997,Volatile State
815,11:13:35,136.005,17.311,49.041,9.8,-19.2622,-60.3072,22.7393,11.184668,-15.7483,31.921,-24.2522,-5.1969,12.9073,-16.8518,16.7153,31.921,815,-28.079,Volatile State
816,11:13:36,135.792,17.8018,51.296,9.814,-19.3777,-56.6081,23.0169,-9.585991,-18.6123,30.4733,-23.1268,-5.08425,15.3031,-16.2969,19.0844,30.4733,816,-29.5267,Volatile State
817,11:13:37,134.867,16.5291,49.731,9.708,-19.4699,-52.3507,22.6726,-28.047808,-22.8452,30.5413,-22.3682,-4.64258,17.0034,-16.0812,21.2906,30.5413,817,-29.4587,Volatile State
818,11:13:38,133.71,14.6504,43.541,7.385,-18.1429,-50.1387,22.1213,-35.663792,-27.0046,31.3751,-22.7766,-5.39194,16.7183,-17.5681,23.1093,31.3751,818,-28.6249,Volatile State
819,11:13:39,131.698,12.8355,32.67,8.731,-18.1497,-51.5625,19.6009,-49.304819,-31.6898,31.5915,-23.4534,-6.53187,18.6634,-17.7507,24.4799,31.5915,819,-28.4085,Volatile State
820,11:13:40,130.347,11.7786,23.259,8.323,-19.5278,-52.5531,20.0298,-56.547547,-34.0973,31.5197,-23.0623,-7.37698,19.8827,-16.6291,24.8019,31.5197,820,-28.4803,Volatile State
821,11:13:41,129.745,12.1163,13.525,6.918,-16.7687,-55.1421,20.5341,-62.27924,-35.4464,30.6828,-24.1742,-7.79631,22.3789,-14.5086,26.9299,30.6828,821,-29.3172,Volatile State
822,11:13:42,127.973,12.6678,8.033,5.825,-17.225,-56.6661,18.1124,-50.01921,-35.5426,30.5492,-24.8393,-8.38608,23.5486,-12.7461,26.5155,30.5492,822,-29.4508,Volatile State
823,11:13:43,122.142,13.8698,6.898,6.663,-18.5619,-56.8281,17.9134,-28.801077,-36.0475,29.4442,-24.0531,-9.63506,22.6504,-10.5908,26.5297,29.4442,823,-30.5558,Volatile State
824,11:13:44,119.826,15.8325,6.228,7.489,-17.8293,-57.3493,17.0515,-12.436717,-37.5404,29.2406,-23.1003,-10.5164,21.5682,-10.5596,24.971,29.2406,824,-30.7594,Volatile State
825,11:13:45,117.099,16.7307,0.762,5.966,-16.9061,-58.0506,16.897,-19.055869,-38.1428,29.4862,-22.9161,-11.4137,21.233,-11.1352,23.019,29.4862,825,-30.5138,Volatile State
826,11:13:46,116.714,16.9158,-10.512,-0.361,-17.5699,-57.0642,16.2883,-34.594515,-38.7165,28.6274,-24.156,-14.5212,19.7845,-11.9683,22.5906,28.6274,826,-31.3726,Volatile State
827,11:13:47,114.444,17.3635,-26.609,-1.481,-17.3033,-56.0078,13.9948,-48.456812,-37.3839,27.0918,-25.5342,-16.9849,19.5962,-11.4423,21.99,27.0918,827,-32.9082,Volatile State
828,11:13:48,112.519,17.3847,-39.398,0.858,-15.7313,-56.4576,15.5187,-46.047066,-35.4101,24.8315,-25.5027,-16.2267,18.8185,-9.72309,22.7601,24.8315,828,-35.1685,Volatile State
829,11:13:49,108.409,16.5398,-42.111,-1.175,-13.7873,-56.1058,12.9148,-43.637319,-33.3979,21.6538,-24.1819,-14.3877,16.7585,-8.92074,23.1285,21.6538,829,-38.346199999999996,Volatile State
830,11:13:50,105.264,15.7087,-36.596,-3.608,-14.6925,-53.9478,10.5569,-41.227573,-32.1939,18.5182,-22.6617,-12.0449,13.4948,-8.79652,23.1849,18.5182,830,-41.4818,Volatile State
831,11:13:51,99.7223,16.1516,-31.493,-1.105,-14.7975,-52.3673,9.57429,-26.005469,-30.1892,15.0947,-23.9925,-10.7586,11.1457,-8.88284,23.2777,15.0947,831,-44.9053,Volatile State
832,11:13:52,95.2178,19.3262,-29.561,-1.853,-14.9916,-52.5108,10.2552,-20.561316,-27.329,11.4307,-25.4139,-11.3105,11.3655,-9.8156,24.6246,11.4307,832,-48.5693,Volatile State
833,11:13:53,91.1384,21.9935,-33.151,-6.537,-14.0904,-53.6728,9.41375,-31.864203,-23.8648,7.35689,-26.4992,-11.0233,10.3143,-10.0711,24.7661,7.35689,833,-52.64311,Volatile State
834,11:13:54,86.0331,22.9077,-42.037,-5.728,-13.4549,-54.5038,8.62823,-41.984874,-19.3709,3.98001,-26.8227,-10.1696,10.1774,-10.7905,25.916,3.98001,834,-56.01999,Volatile State
835,11:13:55,82.4171,22.9354,-51.164,-1.309,-14.0798,-55.2736,8.77555,-39.181181,-16.0865,-0.606914,-26.3018,-10.0367,8.52649,-11.9071,26.6146,-0.606914,835,-60.606914,Volatile State
836,11:13:56,77.916,23.3131,-61.855,0.074,-13.9281,-55.088,7.68983,-38.49465,-13.4886,-5.59897,-25.0558,-10.5211,6.01802,-13.2646,26.9202,-5.59897,836,-65.59897,Volatile State
837,11:13:57,75.3336,23.4562,-68.261,-1.665,-11.4198,-55.4646,7.38987,-30.837989,-11.6227,-10.6934,-25.0597,-9.82662,4.61463,-12.6365,24.8117,-10.6934,837,-70.6934,Volatile State
838,11:13:58,71.4595,23.3805,-73.316,-0.826,-11.9079,-57.0415,9.04393,-16.667371,-7.869,-14.3569,-25.8759,-7.18184,5.23761,-12.2,22.2757,-14.3569,838,-74.3569,Volatile State
839,11:13:59,66.3343,24.0706,-79.331,0.204,-12.6365,-59.4393,8.86346,-20.735633,-5.72259,-18.5921,-26.3183,-4.50486,6.33615,-14.5418,22.3738,-18.5921,839,-78.5921,Volatile State
840,11:14:00,60.3329,25.7752,-85.874,0.583,-12.8818,-61.5254,9.52971,-38.77339,-4.405,-23.2201,-26.2251,-3.19665,7.57905,-16.8463,22.3995,-23.2201,840,-83.2201,Volatile State
841,11:14:01,53.5876,26.197,-90.073,-3.503,-12.8629,-62.9398,9.71907,-56.811147,-2.31458,-27.5742,-23.7163,-2.48703,9.35276,-19.0145,21.6519,-27.5742,841,-87.5742,Volatile State
842,11:14:02,46.9825,25.3976,-93.487,-1.853,-15.2978,-64.7551,10.1307,-74.848904,-2.63624,-30.9131,-21.6197,-1.25898,9.94086,-20.3197,19.893,-30.9131,842,-90.9131,Volatile State
843,11:14:03,40.3733,23.8461,-99.082,1.408,-14.9975,-65.7514,9.83899,-84.245163,0.094639,-34.2397,-19.126,-0.44498,9.72884,-20.7901,18.1963,-34.2397,843,-94.2397,Volatile State
844,11:14:04,33.6203,22.7659,-112.009,1.05,-16.5942,-66.6226,9.70111,-85.931015,-1.6085,-36.6958,-18.9134,-0.178236,10.4223,-21.8002,18.306,-36.6958,844,-96.69579999999999,Volatile State
845,11:14:05,27.2677,21.4898,-130.097,-0.232,-18.2158,-67.2701,11.5826,-92.576823,0.710264,-39.0041,-19.7174,0.763147,10.9183,-23.4504,19.5442,-39.0041,845,-99.0041,Volatile State
846,11:14:06,24.8699,19.9513,-150.634,-0.456,-18.2964,-67.1692,8.10258,-98.765214,-3.05368,-40.6003,-19.334,1.99507,10.565,-25.6413,20.3806,-40.6003,846,-100.6003,Volatile State
847,11:14:07,21.5664,18.493,-164.383,2.217,-19.2537,-67.7275,7.22434,-96.196872,-1.46229,-40.8764,-19.1868,4.64662,10.1806,-27.014,21.1658,-40.8764,847,-100.87639999999999,Volatile State
848,11:14:08,18.1848,18.354,-168.64,3.68,-21.8092,-67.031,6.17912,-84.882359,-5.73629,-40.8636,-19.9076,5.93858,9.90066,-27.9478,20.6034,-40.8636,848,-100.86359999999999,Volatile State
849,11:14:09,14.2713,19.441,-166.149,1.947,-22.1233,-65.8098,5.42067,-77.182527,-3.73358,-39.3252,-18.8184,5.62121,9.01455,-27.477,19.3298,-39.3252,849,-99.3252,Volatile State
850,11:14:10,10.7484,21.0221,-163.779,-0.391,-24.5433,-64.604,4.49172,-69.83959,-5.76159,-36.5642,-18.3121,5.20704,9.08558,-27.6911,21.6986,-36.5642,850,-96.5642,Volatile State
851,11:14:11,7.04982,22.6678,-162.349,0.962,-24.385,-62.3106,2.17595,-55.975428,-4.40134,-31.1318,-19.1591,5.82265,10.2157,-28.2273,22.2953,-31.1318,851,-91.1318,Volatile State
852,11:14:12,5.32766,23.8756,-158.852,3.058,-26.086,-58.3126,2.69094,-44.834987,-4.45437,-25.5049,-21.2767,6.30993,10.8322,-27.8026,22.9538,-25.5049,852,-85.50489999999999,Volatile State
853,11:14:13,1.96381,23.9788,-155.852,2.463,-27.5563,-52.4452,4.51511,-52.356044,-4.56868,-19.4047,-22.5761,6.72355,10.0654,-27.4327,22.5566,-19.4047,853,-79.40469999999999,Volatile State
854,11:14:14,-0.188298,24.1088,-150.962,2.586,-30.0396,-46.5472,2.50667,-59.478973,-4.36832,-13.9547,-23.3996,8.66979,9.17173,-26.1421,23.909,-13.9547,854,-73.9547,Volatile State
855,11:14:15,-1.71208,23.8023,-145.146,2.714,-30.3692,-40.5094,0.160713,-60.811386,-7.13897,-7.01917,-22.4872,8.74929,8.83333,-25.2969,24.1277,-7.01917,855,-67.01917,Volatile State
856,11:14:16,-5.30247,23.3865,-141.525,4.883,-29.3266,-33.8312,-1.76512,-64.733619,-7.82576,0.486972,-21.94,9.09634,8.77603,-25.3816,25.1307,0.486972,856,-59.513028,Volatile State
857,11:14:17,-8.13435,23.6208,-141.269,4.709,-29.0416,-26.4504,-1.27511,-81.979393,-8.31522,8.0063,-22.7023,9.60801,11.0285,-23.9447,26.5835,8.0063,857,-51.993700000000004,Volatile State
858,11:14:18,-11.3526,23.9463,-140.312,3.153,-27.5083,-19.0797,-1.7546,-107.864726,-9.16715,15.7535,-24.2953,9.77255,13.3996,-22.117,27.8021,15.7535,858,-44.2465,Volatile State
859,11:14:19,-10.9541,24.1944,-137.578,5.415,-25.4401,-11.8549,-1.33423,-114.617696,-6.77064,22.8879,-26.0849,9.3104,14.5194,-20.199,28.2765,22.8879,859,-37.1121,Volatile State
860,11:14:20,-10.6063,24.3451,-131.244,6.565,-25.4775,-5.32827,-1.37468,-117.989267,-4.79836,28.7441,-26.4993,8.61438,15.0336,-19.8543,29.7843,28.7441,860,-31.2559,Volatile State
861,11:14:21,-12.1705,24.2648,-123.368,4.872,-24.3815,-1.30771,-2.22915,-125.045247,-0.570268,33.1083,-26.9657,8.57301,14.5447,-19.8607,31.1903,33.1083,861,-26.8917,Volatile State
862,11:14:22,-14.7397,23.9423,-118.844,5.751,-22.8616,2.85255,-2.47812,-123.249942,2.16266,35.9442,-27.3508,8.69573,15.0766,-20.3839,30.7919,35.9442,862,-24.055799999999998,Volatile State
863,11:14:23,-15.4206,23.0934,-121.018,6.38,-22.1921,7.74716,-2.61307,-118.301069,3.65331,36.6321,-26.852,9.16717,15.6591,-20.0925,28.2587,36.6321,863,-23.3679,Volatile State
864,11:14:24,-13.6975,21.9761,-127.06,4.923,-20.8328,12.4805,-3.19112,-125.903067,4.66185,36.8718,-26.7094,9.80778,15.8953,-19.8142,25.4484,36.8718,864,-23.1282,Volatile State
865,11:14:25,-13.521,21.9747,-137.071,6.003,-20.9956,14.9765,-3.00694,-124.195404,6.03731,36.581,-26.2384,9.98912,14.9752,-19.6156,25.9047,36.581,865,-23.418999999999997,Volatile State
866,11:14:26,-13.1294,22.7996,-149.226,3.792,-18.5143,16.3678,-3.7112,-117.742367,5.00381,38.3435,-26.7746,8.21511,14.5342,-20.3134,26.6364,38.3435,866,-21.6565,Volatile State
867,11:14:27,-12.3965,23.2997,-161.157,-0.22,-19.3986,17.1908,-4.34264,-117.427702,4.83574,40.0996,-26.7122,7.36849,13.0721,-20.0512,27.9586,40.0996,867,-19.900399999999998,Volatile State
868,11:14:28,-12.13,23.0317,-173.426,0.522,-20.1726,16.7832,-4.41883,-130.487887,4.27334,43.3048,-25.6163,7.79774,10.928,-20.3967,28.5333,43.3048,868,-16.6952,Volatile State
869,11:14:29,-11.966,23.0086,-186.794,3.544,-19.7128,16.2931,-4.81564,-128.211726,3.22551,46.103,-24.7729,7.77297,9.01133,-21.2232,30.6561,46.103,869,-13.896999999999998,Volatile State
870,11:14:30,-11.3463,23.4013,-197.6,3.718,-20.5952,14.9062,-6.00752,-107.940148,1.90574,48.7943,-24.5096,6.89893,8.53838,-21.5726,31.3653,48.7943,870,-11.2057,Volatile State
871,11:14:31,-12.0768,23.0142,-205.638,2.388,-20.5224,11.8278,-5.7032,-98.402582,-0.052927,50.6008,-24.3294,5.77076,7.20484,-21.496,30.7193,50.6008,871,-9.3992,Volatile State
872,11:14:32,-13.7667,22.2969,-209.74,-1.288,-21.9627,7.38464,-5.74246,-108.205882,-1.30022,51.6585,-24.0698,4.93265,6.15349,-22.2008,31.3882,51.6585,872,-8.341500000000003,Volatile State
873,11:14:33,-13.8036,21.2097,-206.632,-0.338,-22.0425,2.69658,-7.38179,-126.823408,-0.868644,53.8138,-22.5302,4.48231,3.59309,-22.7221,32.2505,53.8138,873,-6.1861999999999995,Volatile State
874,11:14:34,-13.5238,20.8492,-200.211,0.491,-23.3554,-3.32906,-7.52505,-154.188269,-2.77265,55.4112,-20.7479,3.57902,1.87561,-23.3242,33.0829,55.4112,874,-4.588799999999999,Volatile State
875,11:14:35,-13.8543,21.745,-197.44,0.053,-23.7637,-9.62062,-6.59535,-175.855857,-3.76055,57.7507,-20.2379,1.0651,0.602082,-23.4347,32.2364,57.7507,875,-2.249299999999998,Volatile State
876,11:14:36,-12.7366,23.0456,-200.06,-2.818,-24.147,-17.2179,-5.91007,-183.728137,-7.38618,59.5292,-20.1694,-0.719101,-0.395305,-22.7625,31.5297,59.5292,876,-0.470799999999997,Volatile State
877,11:14:37,-10.5794,22.8797,-203.903,-1.499,-24.7485,-25.0667,-5.96142,-169.573434,-8.41916,59.2616,-20.5421,-1.37113,-1.46117,-20.9787,31.8912,59.2616,877,-0.7383999999999986,Volatile State
878,11:14:38,-10.5868,22.6011,-209.374,3.075,-24.1327,-32.0548,-6.49787,-150.199229,-11.0824,57.1447,-19.603,-0.857297,-2.18524,-20.7314,31.4108,57.1447,878,-2.8552999999999997,Volatile State
879,11:14:39,-11.4833,22.9222,-214.441,3.448,-22.7263,-37.4931,-8.50078,-131.27215,-13.981,55.4587,-18.9249,-1.48778,-2.90464,-20.2911,31.2901,55.4587,879,-4.5413,Volatile State
880,11:14:40,-11.8973,22.9435,-221.306,0.632,-24.7302,-42.2198,-8.26682,-115.515148,-15.0955,52.1015,-19.4199,-2.49351,-4.83347,-20.9173,32.2355,52.1015,880,-7.8984999999999985,Volatile State
881,11:14:41,-13.7037,21.9848,-225.399,1.588,-23.1017,-45.433,-9.65399,-106.577841,-16.3791,49.3661,-20.3841,-2.93203,-5.44228,-20.2858,31.3074,49.3661,881,-10.633899999999997,Volatile State
882,11:14:42,-15.0933,20.1913,-228.029,1.837,-22.1247,-49.1138,-8.85691,-109.050114,-18.9734,46.5943,-21.5111,-3.46996,-6.36028,-20.7137,30.222,46.5943,882,-13.405700000000003,Volatile State
883,11:14:43,-17.2135,18.6123,-228.51,0.23,-21.6812,-53.7725,-8.40711,-124.621153,-20.696,41.963,-21.9582,-4.82096,-6.31962,-20.8488,29.8765,41.963,883,-18.037,Volatile State
884,11:14:44,-21.4982,18.5687,-228.836,0.805,-21.733,-58.3849,-11.5416,-145.628622,-24.112,36.0125,-22.6573,-5.88968,-5.00741,-20.3752,30.7195,36.0125,884,-23.987499999999997,Volatile State
885,11:14:45,-25.0837,19.1072,-227.193,2.539,-21.2478,-63.138,-13.2193,-152.660727,-27.2196,28.7572,-21.9116,-5.10662,-3.0396,-19.408,32.679,28.7572,885,-31.2428,Volatile State
886,11:14:46,-26.6136,18.987,-223.288,1.662,-20.9583,-67.1085,-14.3609,-148.563187,-29.573,21.481,-21.9905,-5.24323,0.642574,-20.1384,31.029,21.481,886,-38.519,Volatile State
887,11:14:47,-27.6315,19.4471,-218.469,-0.58,-22.054,-72.2259,-14.9771,-130.408457,-31.9396,16.1577,-21.4146,-4.90943,2.80802,-19.7104,30.6891,16.1577,887,-43.8423,Volatile State
888,11:14:48,-28.2347,20.2662,-217.716,-0.391,-21.4672,-77.3096,-18.1534,-100.993382,-33.6395,13.4676,-21.0399,-5.17168,2.56451,-19.7745,28.4101,13.4676,888,-46.5324,Volatile State
889,11:14:49,-27.3277,20.5381,-221.418,4.86,-18.7258,-81.9544,-20.0733,-79.767043,-34.9441,11.7769,-19.772,-5.60512,2.62032,-20.6486,24.8461,11.7769,889,-48.2231,Volatile State
890,11:14:50,-26.4017,19.7971,-226.946,2.874,-17.1362,-85.2155,-19.9679,-71.512437,-35.6444,10.3365,-20.6777,-5.6365,4.68666,-20.7655,24.7036,10.3365,890,-49.6635,Volatile State
891,11:14:51,-24.932,18.1472,-233.029,3.066,-13.997,-88.6559,-21.4163,-74.619844,-36.8444,9.4219,-21.1523,-4.72837,9.69736,-19.9284,24.1891,9.4219,891,-50.5781,Volatile State
892,11:14:52,-24.1495,17.1697,-238.733,5.389,-10.9197,-91.1086,-18.4218,-85.533759,-37.0641,8.51607,-20.5399,-3.41878,13.3945,-20.3046,23.2179,8.51607,892,-51.48393,Volatile State
893,11:14:53,-23.5436,16.9346,-245.266,3.177,-10.2194,-91.3696,-19.6059,-93.336417,-38.1368,8.12391,-20.8936,-2.0773,14.6757,-20.0894,21.2006,8.12391,893,-51.87609,Volatile State
894,11:14:54,-22.8128,17.161,-252.347,1.72,-7.40272,-91.1879,-20.7931,-90.402718,-38.55,8.32697,-21.5844,-0.302096,15.3184,-19.9538,18.9757,8.32697,894,-51.67303,Volatile State
895,11:14:55,-22.4864,17.7669,-258.589,1.51,-8.14249,-91.0618,-21.226,-95.63917,-39.4863,8.32695,-21.3203,2.01979,16.2115,-19.4269,18.8128,8.32695,895,-51.67305,Volatile State
896,11:14:56,-23.0301,18.7562,-261.686,2.766,-8.07019,-91.1276,-21.042,-99.318619,-38.344,8.54906,-22.8037,3.52875,16.2513,-19.7699,17.7544,8.54906,896,-51.45094,Volatile State
897,11:14:57,-23.0937,19.9489,-260.939,4.5,-7.70126,-95.3042,-22.3818,-119.239852,-39.4766,8.43877,-23.3251,4.4681,16.0298,-19.1353,17.0147,8.43877,897,-51.56123,Volatile State
898,11:14:58,-21.7163,20.7904,-258.629,4.427,-7.74986,-95.7394,-21.188,-142.930544,-38.0632,9.41542,-23.4818,4.34749,17.9752,-17.8875,15.511,9.41542,898,-50.58458,Volatile State
899,11:14:59,-21.4877,21.3303,-256.89,5.773,-9.18067,-94.4829,-21.9159,-160.565466,-39.8447,12.9108,-23.2339,5.28874,18.584,-16.6517,14.3051,12.9108,899,-47.0892,Volatile State
900,11:15:00,-18.4821,21.6989,-251.672,8.249,-8.38315,-92.7998,-23.5224,-164.954569,-41.2149,17.8402,-23.828,6.8005,17.4172,-15.5939,13.6712,17.8402,900,-42.159800000000004,Volatile State
901,11:15:01,-15.3362,21.7349,-245.893,5.433,-10.3475,-90.5503,-24.5767,-170.523661,-43.7474,25.6089,-24.8612,7.1927,16.9756,-14.9882,11.3936,25.6089,901,-34.3911,Volatile State
902,11:15:02,-12.9277,21.5124,-238.521,5.414,-10.0669,-85.3663,-24.9126,-179.234468,-47.3143,32.2769,-24.7134,6.89155,17.7376,-16.3194,10.2849,32.2769,902,-27.723100000000002,Volatile State
903,11:15:03,-11.5546,20.9725,-227.112,4.157,-12.8334,-80.9878,-23.5878,-188.861607,-49.7274,37.354,-25.0062,6.65363,16.6993,-16.4326,10.1349,37.354,903,-22.646,Volatile State
904,11:15:04,-9.33647,20.2315,-218.021,5.289,-13.2204,-77.091,-23.3709,-189.536799,-52.8985,39.5635,-26.0988,6.28209,16.4901,-15.1343,9.10757,39.5635,904,-20.436500000000002,Volatile State
905,11:15:05,-4.98066,20.0088,-215.501,8.349,-10.3386,-71.0685,-25.2174,-175.091802,-54.0977,40.3922,-27.0428,5.92202,18.4841,-12.9359,9.31908,40.3922,905,-19.607799999999997,Volatile State
906,11:15:06,-1.54459,19.7531,-220.725,8.418,-10.5993,-63.3348,-27.9937,-148.820348,-53.3976,40.324,-26.184,5.55854,19.4159,-12.4008,9.91694,40.324,906,-19.676000000000002,Volatile State
907,11:15:07,0.303211,19.2082,-232.249,7.662,-10.271,-56.6417,-29.0652,-127.892755,-50.5268,38.4987,-26.7555,5.48989,19.3771,-13.8216,10.6507,38.4987,907,-21.5013,Volatile State
908,11:15:08,2.02138,18.4751,-244.588,8.474,-11.2747,-51.0531,-29.8278,-108.117432,-46.6397,33.8186,-24.6969,7.30055,17.5354,-15.5598,12.1538,33.8186,908,-26.181399999999996,Volatile State
909,11:15:09,3.62462,17.8611,-255.436,9.858,-13.1049,-45.7275,-29.1891,-93.192724,-41.2363,28.9663,-22.9767,10.2323,16.6157,-15.9297,14.5588,28.9663,909,-31.0337,Volatile State
910,11:15:10,4.27966,16.6977,-265.51,9.7,-11.0129,-41.9779,-27.7336,-85.107376,-35.8576,22.0387,-22.2869,11.5465,14.2261,-16.0996,15.2511,22.0387,910,-37.9613,Volatile State
911,11:15:11,3.40703,15.9068,-269.52,8.135,-13.2453,-40.7476,-27.6151,-88.78501,-31.3715,16.2599,-23.9928,11.4379,13.7851,-15.5083,14.1323,16.2599,911,-43.7401,Volatile State
912,11:15:12,1.80472,15.4197,-264.45,11.262,-9.17926,-39.2324,-25.1249,-102.198077,-27.6368,9.93397,-25.7768,11.9951,12.227,-15.9721,13.345,9.93397,912,-50.06603,Volatile State
913,11:15:13,2.17489,15.36,-252.139,12.166,-10.7334,-39.168,-25.7584,-115.580328,-25.0731,5.86429,-27.8734,13.8279,10.2245,-17.6369,12.8069,5.86429,913,-54.13571,Volatile State
914,11:15:14,3.05608,15.9351,-235.821,10.682,-10.9197,-39.0774,-27.4832,-124.678948,-21.232,1.39271,-29.8181,15.2429,9.07763,-20.6541,13.5002,1.39271,914,-58.60729,Volatile State
915,11:15:15,7.7987,15.8044,-218.877,7.556,-11.523,-37.7906,-27.3906,-128.866154,-17.7869,-0.536234,-31.189,15.0669,7.44308,-22.5821,13.9323,-0.536234,915,-60.536234,Volatile State
916,11:15:16,9.56079,15.7856,-204.494,5.8,-12.6607,-34.678,-26.516,-151.902291,-12.3366,-1.64619,-31.0819,14.4211,6.25531,-23.3295,12.3404,-1.64619,916,-61.64619,Volatile State
917,11:15:17,11.9172,15.2898,-197.24,7.738,-12.4374,-31.702,-24.1611,-167.202152,-7.90449,-1.11627,-31.1184,14.3589,5.10129,-21.7997,11.6621,-1.11627,917,-61.11627,Volatile State
918,11:15:18,14.4051,16.2319,-201.347,7.483,-14.0185,-27.0587,-21.1957,-184.479417,-3.35481,0.25431,-32.7841,15.1965,4.54051,-20.0519,9.90828,0.25431,918,-59.74569,Volatile State
919,11:15:19,16.1376,17.5722,-214.167,4.183,-15.6789,-25.5965,-22.4191,-179.402086,2.05445,1.57952,-34.2172,15.0695,4.1093,-17.915,8.14923,1.57952,919,-58.42048,Volatile State
920,11:15:20,17.7922,19.2641,-232.791,6.82,-15.2796,-26.1556,-22.8936,-154.419991,8.04509,2.41871,-35.6845,13.6388,3.92428,-17.3615,8.47442,2.41871,920,-57.58129,Volatile State
921,11:15:21,18.6558,20.3324,-252.377,9.327,-17.0576,-26.9334,-22.0974,-128.705507,13.4484,3.59999,-35.1916,12.7925,2.24801,-18.1131,9.69928,3.59999,921,-56.40001,Volatile State
922,11:15:22,18.7752,21.4852,-268.826,6.809,-14.1686,-26.6491,-19.6259,-102.991022,18.5243,4.67906,-34.094,11.6985,0.74967,-19.4631,9.53806,4.67906,922,-55.32094,Volatile State
923,11:15:23,19.832,21.5415,-270.371,5.932,-13.6333,-25.1672,-17.9262,-77.276538,21.182,5.68614,-32.7567,10.9862,-0.908584,-18.5745,7.27368,5.68614,923,-54.31386,Volatile State
924,11:15:24,17.9886,21.1441,-260.715,9.169,-13.4625,-23.7902,-17.5811,-74.754698,23.0185,7.14092,-32.2919,8.59836,-0.750739,-17.0679,5.61036,7.14092,924,-52.85908,Volatile State
925,11:15:25,14.8629,20.5535,-240.853,8.886,-13.5405,-21.3332,-14.4248,-75.501358,23.6966,9.41242,-32.5593,7.4859,-2.03486,-15.2756,6.56618,9.41242,925,-50.58758,Volatile State
926,11:15:26,12.531,20.0259,-217.035,7.457,-11.3978,-21.175,-14.5262,-87.865177,23.4427,10.0842,-32.798,6.39624,-3.21898,-15.6332,8.26808,10.0842,926,-49.915800000000004,Volatile State
927,11:15:27,8.42557,19.7989,-194.982,7.015,-10.0603,-23.246,-14.6911,-96.412284,23.773,8.05583,-31.8374,7.82125,-5.00002,-16.4521,9.87773,8.05583,927,-51.94417,Volatile State
928,11:15:28,5.38045,18.5914,-178.331,7.903,-9.55118,-27.2317,-13.8506,-102.452836,26.8928,3.75787,-29.6999,8.39869,-5.55136,-17.6446,11.135,3.75787,928,-56.24213,Volatile State
929,11:15:29,4.55804,17.7422,-172.084,8.205,-9.89389,-33.2898,-14.1938,-117.803393,31.2335,-0.943409,-28.7327,7.43587,-4.80613,-19.8915,10.6574,-0.943409,929,-60.943409,Volatile State
930,11:15:30,4.30709,16.9991,-174.909,5.73,-9.07493,-38.7946,-11.496,-125.810524,35.4126,-4.04564,-25.9559,5.60426,-4.76849,-20.1582,12.5076,-4.04564,930,-64.04564,Volatile State
931,11:15:31,3.4099,16.1059,-177.61,7.579,-9.99854,-45.6031,-9.17751,-131.293548,39.6545,-7.31445,-23.9285,6.40378,-5.26222,-18.4307,14.4738,-7.31445,931,-67.31445,Volatile State
932,11:15:32,1.7993,14.603,-170.585,7.524,-9.3512,-51.9629,-10.0254,-125.728042,42.7243,-8.7855,-23.3239,9.0418,-5.56629,-17.3002,15.9508,-8.7855,932,-68.7855,Volatile State
933,11:15:33,3.17221,13.3068,-161.06,5.585,-10.0625,-56.9175,-11.073,-129.489949,45.3681,-9.49463,-22.6373,12.4402,-6.27452,-15.9124,16.6714,-9.49463,933,-69.49463,Volatile State
934,11:15:34,4.71573,12.1395,-152.345,6.401,-10.9742,-61.1785,-10.1312,-135.137485,47.7394,-9.04217,-22.0352,15.0147,-6.56523,-15.9538,15.5627,-9.04217,934,-69.04217,Volatile State
935,11:15:35,7.75879,12.3164,-147.437,4.356,-11.0328,-65.0023,-10.2942,-149.880219,50.5194,-7.80092,-19.9618,16.6783,-5.01273,-16.6287,14.7977,-7.80092,935,-67.80092,Volatile State
936,11:15:36,11.8821,12.8935,-138.982,1.736,-9.70198,-68.6532,-10.0464,-154.15302,52.3576,-7.36771,-19.6471,17.9722,-3.51432,-17.7513,15.1436,-7.36771,936,-67.36771,Volatile State
937,11:15:37,15.7714,13.674,-130.64,1.075,-11.2217,-71.8862,-8.98105,-148.81977,53.6066,-4.71983,-18.3657,17.8253,-2.81191,-16.272,15.4126,-4.71983,937,-64.71983,Volatile State
938,11:15:38,17.5619,14.4823,-125.07,1.741,-8.34547,-74.3855,-9.56546,-153.026692,54.0703,-1.00136,-18.4919,17.1078,-3.90098,-14.2614,13.785,-1.00136,938,-61.00136,Volatile State
939,11:15:39,19.6291,15.897,-121.139,-1.172,-12.2249,-74.1814,-9.54352,-164.075963,52.8524,4.82505,-18.7227,17.3819,-3.05691,-12.101,11.0653,4.82505,939,-55.17495,Volatile State
940,11:15:40,21.7216,17.4459,-120.737,-1.398,-9.88049,-74.7917,-9.26171,-164.368962,49.3914,8.93325,-19.6384,17.0183,-1.09391,-10.5586,10.2747,8.93325,940,-51.06675,Volatile State
941,11:15:41,25.4888,17.4154,-123.895,-1.829,-11.4988,-74.948,-9.81779,-154.904839,48.6644,12.0995,-20.6105,17.141,0.964966,-12.3283,8.82581,12.0995,941,-47.9005,Volatile State
942,11:15:42,28.6384,16.4574,-124.426,-4.542,-9.21497,-73.8828,-10.1748,-149.304646,44.3189,13.0393,-20.9806,17.0762,0.85226,-13.7544,9.26846,13.0393,942,-46.9607,Volatile State
943,11:15:43,31.882,16.1425,-117.171,-4.931,-6.79566,-73.5388,-8.07721,-147.272392,42.7909,11.9626,-20.5557,16.0468,2.98365,-13.0431,10.7002,11.9626,943,-48.0374,Volatile State
944,11:15:44,34.6953,17.429,-107.33,-3.429,-8.32618,-72.6195,-6.2255,-148.043482,40.3821,10.5397,-18.8367,13.7633,6.06176,-11.3105,11.3557,10.5397,944,-49.460300000000004,Volatile State
945,11:15:45,37.7464,18.1758,-101.348,-6.257,-4.41084,-72.4176,-5.19878,-157.132738,38.0401,9.45486,-17.195,13.2601,6.97623,-10.1948,11.8558,9.45486,945,-50.54514,Volatile State
946,11:15:46,40.3942,18.1479,-102.478,-11.609,-2.77301,-74.0689,-3.40103,-159.190644,36.0724,10.0858,-16.3726,13.8374,10.0262,-10.0652,12.8327,10.0858,946,-49.9142,Volatile State
947,11:15:47,42.724,17.967,-110.553,-10.9,-2.53572,-76.3248,-2.19416,-164.608069,32.5515,9.21492,-16.3598,11.7346,13.6815,-12.1875,13.7773,9.21492,947,-50.78508,Volatile State
948,11:15:48,43.1418,18.295,-120.133,-11.837,-0.201395,-77.2317,-2.43043,-170.000621,28.5962,9.0325,-17.4504,9.71944,14.9139,-13.3151,14.3228,9.0325,948,-50.9675,Volatile State
949,11:15:49,43.4551,19.2495,-133.471,-14.572,0.783512,-78.446,-3.55376,-168.024726,24.999,7.32845,-19.3033,9.86189,17.5656,-13.6821,13.7941,7.32845,949,-52.671549999999996,Volatile State
950,11:15:50,44.325,19.8383,-146.288,-17.795,1.53789,-80.7433,-2.58036,-158.971085,21.8368,5.16972,-21.5594,11.4754,20.2684,-13.2199,13.125,5.16972,950,-54.83028,Volatile State
951,11:15:51,48.0549,19.2601,-154.204,-16.746,3.09943,-82.4062,-2.51024,-156.630715,20.0825,3.07343,-21.686,12.0992,21.1939,-11.7274,12.4137,3.07343,951,-56.92657,Volatile State
952,11:15:52,51.3839,17.5797,-156.973,-18.441,1.88688,-84.3431,-2.63799,-162.855946,18.8606,0.077804,-21.8616,11.3324,21.577,-11.6692,13.7592,0.077804,952,-59.922196,Volatile State
953,11:15:53,56.9752,15.8259,-155.044,-20.46,2.32158,-87.7656,0.813175,-173.324122,16.7411,-3.31669,-23.274,10.7695,21.3566,-11.043,14.1782,-3.31669,953,-63.31669,Volatile State
954,11:15:54,62.8087,14.1012,-146.128,-24.439,2.67262,-89.2153,0.776402,-161.268403,16.5759,-7.14506,-24.5114,12.0702,19.9942,-11.3595,13.2954,-7.14506,954,-67.14506,Volatile State
955,11:15:55,70.0092,13.0099,-140.39,-27.016,1.76103,-89.3993,0.310287,-143.886526,18.2922,-9.50366,-25.3897,12.4083,18.8511,-10.7652,12.3741,-9.50366,955,-69.50366,Volatile State
956,11:15:56,78.9107,12.0409,-139.928,-23.088,0.368576,-87.9146,1.23079,-127.865083,19.8298,-10.9378,-25.9726,11.355,18.1635,-10.4952,9.43249,-10.9378,956,-70.9378,Volatile State
957,11:15:57,87.0673,11.7126,-143.251,-21.897,1.60454,-84.0718,0.140091,-107.837255,20.1272,-13.0044,-26.9702,9.83911,17.0168,-10.1146,6.98003,-13.0044,957,-73.0044,Volatile State
958,11:15:58,95.3229,11.8734,-144.199,-22.987,0.581472,-79.2458,-2.06665,-102.261906,19.923,-14.9704,-26.9898,9.59186,14.9039,-10.7125,7.0077,-14.9704,958,-74.9704,Volatile State
959,11:15:59,103.216,12.7385,-141.647,-24.456,-1.31544,-73.7271,0.656677,-108.241918,18.6017,-17.5223,-26.5488,10.7315,13.7156,-11.494,7.05128,-17.5223,959,-77.5223,Volatile State
960,11:16:00,109.409,12.7111,-134.197,-23.491,2.01625,-67.3349,1.35352,-123.559316,17.9446,-20.4543,-25.3243,11.3592,11.8913,-12.6776,8.50411,-20.4543,960,-80.4543,Volatile State
961,11:16:01,115.846,12.1284,-120.028,-23.468,-1.33725,-60.0117,3.30445,-136.136047,15.9163,-23.5821,-25.4192,10.8598,10.7951,-14.6678,7.74882,-23.5821,961,-83.5821,Volatile State
962,11:16:02,123.026,11.7427,-104.036,-25.717,-4.22483,-53.7586,3.40594,-140.225309,14.279,-26.0909,-25.1335,9.60673,8.97187,-15.6348,7.4337,-26.0909,962,-86.0909,Volatile State
963,11:16:03,128.307,11.6756,-88.461,-25.933,-4.81897,-46.3667,3.85275,-133.057341,10.5549,-26.8886,-25.8068,9.33915,8.95619,-16.1158,7.59289,-26.8886,963,-86.8886,Volatile State
964,11:16:04,133.305,12.0395,-76.49,-24.069,-6.05015,-38.7273,2.13035,-130.042209,6.24226,-26.5139,-25.7173,9.78671,8.23921,-15.5022,7.79403,-26.5139,964,-86.5139,Volatile State
965,11:16:05,137.81,12.7849,-65.736,-21.568,-7.66063,-28.4113,1.46857,-128.103438,-0.339983,-25.9315,-27.3987,9.48092,7.09028,-15.2312,9.38227,-25.9315,965,-85.9315,Volatile State
966,11:16:06,141.278,12.9999,-60.854,-19.574,-7.02024,-20.1538,2.96393,-130.532328,-7.57023,-25.8637,-28.1967,7.98195,6.75446,-15.0525,11.1124,-25.8637,966,-85.8637,Volatile State
967,11:16:07,143.762,13.1492,-63.104,-19.088,-9.17514,-14.5045,2.1106,-128.292399,-16.0025,-27.0354,-28.8845,6.46979,4.80124,-14.6127,12.1483,-27.0354,967,-87.0354,Volatile State
968,11:16:08,145.416,12.9434,-69.958,-19.562,-8.47306,-10.3174,2.75359,-120.951823,-22.785,-28.6279,-29.6743,5.67158,2.7555,-15.3183,12.6188,-28.6279,968,-88.6279,Volatile State
969,11:16:09,145.495,12.434,-71.933,-18.631,-10.9848,-2.5208,3.02923,-100.024959,-30.1626,-30.8453,-31.2772,5.30215,1.64247,-14.9293,11.3751,-30.8453,969,-90.84530000000001,Volatile State
970,11:16:10,148.06,11.0469,-65.381,-15.457,-11.1777,7.58031,1.325,-92.002887,-36.9762,-34.4615,-31.4461,4.27547,0.085713,-15.7525,12.8917,-34.4615,970,-94.4615,Volatile State
971,11:16:11,148.633,8.98393,-54.287,-17.69,-11.0198,16.6389,0.198343,-85.739198,-45.1266,-38.4516,-31.2732,3.7574,-1.45187,-15.9004,12.8307,-38.4516,971,-98.4516,Volatile State
972,11:16:12,148.145,6.98579,-40.908,-15.168,-11.8702,23.5627,1.12159,-99.588403,-49.8594,-41.4138,-30.6289,2.84693,-3.87304,-15.3239,11.3865,-41.4138,972,-101.41380000000001,Volatile State
973,11:16:13,148.502,6.10218,-26.955,-10.32,-13.5394,32.2181,-2.0491,-112.552207,-54.7414,-44.0381,-28.5278,3.58513,-5.40663,-15.2243,9.82101,-44.0381,973,-104.0381,Volatile State
974,11:16:14,148.344,6.4057,-15.579,-10.901,-14.1313,40.0685,-2.79679,-119.167671,-58.0879,-45.4188,-27.0204,2.80851,-6.20331,-15.7032,11.5551,-45.4188,974,-105.4188,Volatile State
975,11:16:15,149.062,8.11393,-9.728,-14.822,-15.0375,45.227,-5.33601,-119.061823,-59.6628,-45.2198,-25.9661,1.68918,-6.53707,-16.6124,13.1093,-45.2198,975,-105.21979999999999,Volatile State
976,11:16:16,149.592,10.2728,-10.147,-14.487,-15.1669,46.9241,-4.71616,-109.779726,-62.0107,-44.4136,-24.2289,1.23691,-6.93922,-15.8943,12.7349,-44.4136,976,-104.4136,Volatile State
977,11:16:17,148.768,11.5237,-15.618,-12.796,-17.49,46.4521,-5.07715,-94.559369,-62.3315,-43.4496,-21.8188,1.82012,-6.6182,-14.4236,12.3059,-43.4496,977,-103.4496,Volatile State
978,11:16:18,147.173,12.1043,-17.605,-11.181,-17.343,47.3624,-5.50244,-83.362285,-62.3311,-42.5487,-20.7369,0.793826,-7.01257,-13.9858,11.6936,-42.5487,978,-102.5487,Volatile State
979,11:16:19,144.776,12.3169,-12.653,-11.255,-17.4055,48.6906,-5.43923,-80.445339,-61.0243,-42.5315,-19.2162,0.459479,-8.02349,-13.2878,12.2261,-42.5315,979,-102.5315,Volatile State
980,11:16:20,142.711,12.3359,0.975,-9.173,-16.9968,48.723,-5.05057,-88.397134,-58.8854,-41.5169,-19.3599,0.442193,-8.5565,-13.1179,12.4241,-41.5169,980,-101.51689999999999,Volatile State
981,11:16:21,138.989,12.48,18.043,-7.387,-16.9702,48.4623,-5.78556,-104.317646,-55.9627,-40.5979,-19.1213,1.54535,-9.94578,-13.1733,14.1444,-40.5979,981,-100.59790000000001,Volatile State
982,11:16:22,133.75,12.3891,34.262,-8.162,-15.8346,47.3676,-6.24911,-112.979576,-52.5206,-39.4724,-18.1678,2.74757,-9.82269,-13.7405,16.5656,-39.4724,982,-99.4724,Volatile State
983,11:16:23,129.95,12.4348,44.436,-9.875,-14.4754,45.7156,-4.63542,-126.576715,-47.7585,-37.9545,-18.0561,4.07071,-8.81494,-13.3994,16.6664,-37.9545,983,-97.9545,Volatile State
984,11:16:24,126.146,12.1409,44.889,-10.034,-12.1264,42.0254,-6.10611,-152.70143,-43.4064,-36.6479,-18.3493,4.85723,-6.57073,-11.5977,17.3263,-36.6479,984,-96.64789999999999,Volatile State
985,11:16:25,124.537,11.9382,35.09,-10.381,-9.33859,34.593,-2.77546,-170.777652,-38.1695,-35.4432,-18.4159,6.40147,-4.71654,-10.9017,16.8429,-35.4432,985,-95.44319999999999,Volatile State
986,11:16:26,124.022,11.9846,26.991,-12.555,-9.19508,26.2121,-3.62874,-178.487469,-34.3865,-35.8268,-18.9827,7.59434,-4.63324,-11.3693,17.3011,-35.8268,986,-95.82679999999999,Volatile State
987,11:16:27,123.488,12.5727,27.739,-12.69,-8.24579,18.1459,-3.11569,-171.39892,-28.448,-35.5232,-19.4956,8.60224,-5.14019,-12.5991,18.2308,-35.5232,987,-95.5232,Volatile State
988,11:16:28,121.629,13.3151,34.047,-10.161,-10.6988,10.005,-0.988135,-159.175727,-23.222,-35.1009,-18.8194,9.97646,-5.07642,-12.2677,19.0941,-35.1009,988,-95.1009,Volatile State
989,11:16:29,119.223,13.6138,43.1,-11.999,-9.28751,0.124091,-1.34024,-130.826054,-16.9851,-35.1435,-17.5771,11.4137,-3.77524,-10.9075,20.5877,-35.1435,989,-95.1435,Volatile State
990,11:16:30,117.315,13.9882,51.405,-13.772,-11.2627,-8.16761,-0.23797,-102.319781,-11.2231,-34.6366,-15.1563,12.6743,-1.94388,-8.8461,20.2408,-34.6366,990,-94.6366,Volatile State
991,11:16:31,115.849,14.2316,54.421,-12.999,-11.5738,-15.7222,-2.34371,-69.189538,-6.09993,-34.6766,-12.0559,14.5694,-2.34613,-5.84147,20.0272,-34.6766,991,-94.67660000000001,Volatile State
992,11:16:32,113.937,14.5833,53.06,-12.927,-12.3191,-24.7175,0.649634,-62.3607,-0.922111,-35.7342,-10.4182,16.684,-0.490601,-4.6362,20.225,-35.7342,992,-95.7342,Volatile State
993,11:16:33,110.04,14.8932,47.593,-13.06,-12.9798,-31.0414,-0.913178,-55.531862,3.54807,-36.3769,-10.7675,19.1032,-1.0088,-5.42012,20.5501,-36.3769,993,-96.3769,Volatile State
994,11:16:34,105.107,15.0458,44.139,-14.776,-13.0649,-36.3399,0.290229,-48.703024,8.74143,-37.7717,-11.6426,20.1235,-1.49153,-6.22262,19.2254,-37.7717,994,-97.77170000000001,Volatile State
995,11:16:35,100.771,15.1641,42.227,-15.993,-13.2134,-43.2233,0.636484,-75.717461,14.9887,-41.0132,-11.2097,21.6675,-1.08727,-8.21149,17.2855,-41.0132,995,-101.0132,Volatile State
996,11:16:36,96.1648,15.2527,42.575,-14.249,-12.6611,-49.3536,0.267981,-107.574311,22.0013,-42.9057,-10.5826,21.8032,-0.258292,-8.3709,13.6512,-42.9057,996,-102.9057,Volatile State
997,11:16:37,92.8919,14.4576,43.451,-13.874,-13.0292,-55.9599,0.662958,-138.720912,30.5136,-44.5577,-9.33698,21.3257,0.18361,-7.47329,9.98418,-44.5577,997,-104.5577,Volatile State
998,11:16:38,92.4636,12.9053,43.143,-13.056,-11.6346,-61.037,0.496345,-152.504025,37.3178,-48.7235,-8.61856,21.2866,0.673898,-6.55436,8.32786,-48.7235,998,-108.7235,Volatile State
999,11:16:39,94.3816,12.6893,43.201,-14.97,-11.9537,-65.3453,-0.131303,-149.32776,41.9446,-51.7682,-10.2838,24.1724,0.470846,-5.72847,8.30883,-51.7682,999,-111.76820000000001,Volatile State
1000,11:16:40,93.8332,12.5783,48.007,-11.355,-10.2701,-70.2409,2.71854,-141.069606,46.4704,-55.6609,-12.0575,23.9977,0.3993,-6.28401,7.93599,-55.6609,1000,-115.6609,Volatile State
1001,11:16:41,95.7347,12.3535,52.321,-9.934,-10.9226,-75.9872,1.79444,-128.025748,48.692,-58.005,-13.4286,23.9046,0.373365,-6.76236,8.27746,-58.005,1001,-118.005,Volatile State
1002,11:16:42,98.3249,11.8741,54.407,-10.806,-11.4366,-81.698,2.69877,-118.836154,50.4787,-59.8018,-14.8453,23.4526,-0.064437,-6.4621,6.93552,-59.8018,1002,-119.8018,Volatile State
1003,11:16:43,101.984,11.6856,62.183,-13.446,-9.6778,-86.7416,3.41531,-108.196061,52.4182,-60.1025,-14.107,23.5327,-0.645973,-4.81467,4.92642,-60.1025,1003,-120.10249999999999,Volatile State
1004,11:16:44,104.089,12.0236,73.89,-14.04,-8.5181,-89.7708,3.48981,-91.212324,53.1765,-62.2353,-12.2376,23.8517,1.43517,-1.61847,2.46831,-62.2353,1004,-122.2353,Volatile State
1005,11:16:45,105.628,12.2395,91.871,-13.387,-7.46037,-88.2891,3.20165,-84.877674,52.0438,-61.8616,-11.2686,22.7074,3.62593,-0.575274,2.67305,-61.8616,1005,-121.86160000000001,Volatile State
1006,11:16:46,107.665,12.4351,111.542,-13.024,-6.66999,-84.0518,2.73602,-91.821238,49.7332,-61.8024,-11.4108,21.9289,3.59941,-0.130524,4.69518,-61.8024,1006,-121.8024,Volatile State
1007,11:16:47,112.84,12.4508,128.019,-17.687,-5.50844,-79.4736,3.71176,-91.34788,47.6607,-60.9779,-11.8353,21.3633,3.07594,-0.74797,4.78937,-60.9779,1007,-120.9779,Volatile State
1008,11:16:48,116.903,12.6104,133.147,-19.683,-4.93566,-75.4437,4.15376,-86.351553,44.6753,-59.3457,-11.7829,21.1614,1.55887,-0.292319,6.48863,-59.3457,1008,-119.3457,Volatile State
1009,11:16:49,119.734,13.7023,131.904,-18.963,-2.57945,-71.7135,5.5323,-95.480385,40.919,-57.5981,-10.379,20.7029,0.334026,1.51426,7.01137,-57.5981,1009,-117.5981,Volatile State
1010,11:16:50,122.958,14.5274,129.934,-18.744,-2.49563,-68.5548,3.48842,-112.977768,36.7429,-55.8314,-7.67693,20.9414,2.15715,4.47978,7.13847,-55.8314,1010,-115.8314,Volatile State
1011,11:16:51,126.952,13.9267,132.598,-20.825,-2.38443,-65.5923,3.48692,-116.947194,30.4261,-54.1193,-5.06253,20.5519,4.74171,5.78571,7.60977,-54.1193,1011,-114.11930000000001,Volatile State
1012,11:16:52,128.528,13.3063,141.73,-24.086,-2.83293,-61.3014,3.77475,-118.352822,23.7048,-51.8745,-3.37192,19.6912,7.19508,7.52785,7.13679,-51.8745,1012,-111.8745,Volatile State
1013,11:16:53,129.138,13.3181,153.239,-27.881,-1.53375,-57.3379,4.15438,-121.559129,14.6457,-49.9181,-1.89043,18.3355,8.57283,8.38743,6.03578,-49.9181,1013,-109.91810000000001,Volatile State
1014,11:16:54,130.68,12.6058,164.692,-27.633,-4.83341,-53.2791,3.24055,-146.197104,5.74432,-49.072,-0.668705,17.2037,9.08708,8.99985,5.76132,-49.072,1014,-109.072,Volatile State
1015,11:16:55,132.842,11.6903,166.263,-28.355,-5.36744,-49.8038,4.44705,-173.653108,-3.40877,-48.2148,-1.18794,17.9879,8.56038,10.2255,5.70716,-48.2148,1015,-108.2148,Volatile State
1016,11:16:56,135.518,10.2727,161.258,-27.959,-5.93521,-46.7892,6.14937,-180.749155,-12.9866,-48.5778,-2.31891,19.0279,10.3727,12.7952,3.5906,-48.5778,1016,-108.5778,Volatile State
1017,11:16:57,136.708,9.16279,154.824,-24.347,-6.19061,-44.529,6.6994,-162.545025,-23.6854,-48.073,-3.32649,18.1854,10.0933,15.8884,2.54348,-48.073,1017,-108.07300000000001,Volatile State
1018,11:16:58,137.137,8.80021,148.758,-19.97,-5.89216,-42.8335,6.92814,-141.016502,-33.89,-49.4587,-3.8018,18.5003,11.4602,17.8087,3.09842,-49.4587,1018,-109.4587,Volatile State
1019,11:16:59,136.354,8.62412,141.868,-19.289,-5.83064,-36.7503,7.35608,-123.330701,-44.6358,-50.1749,-4.45348,17.7343,11.5652,17.2376,1.68081,-50.1749,1019,-110.17490000000001,Volatile State
1020,11:17:00,133.928,9.16074,135.203,-21.211,-5.67475,-28.9455,10.0219,-116.978106,-54.2026,-49.9159,-3.95553,15.8037,10.5416,16.7954,0.705172,-49.9159,1020,-109.9159,Volatile State
1021,11:17:01,130.846,9.10968,128.905,-23.335,-6.83402,-21.4265,9.85705,-110.685394,-65.1246,-50.0349,-5.03741,11.3387,9.6396,16.8367,-2.3886,-50.0349,1021,-110.0349,Volatile State
1022,11:17:02,127.678,8.74752,124.083,-22.645,-10.6103,-14.711,11.5504,-107.642379,-74.0069,-49.5304,-7.72385,7.63359,8.56397,16.3054,-4.89584,-49.5304,1022,-109.5304,Volatile State
1023,11:17:03,125.422,9.11536,122.606,-23.882,-11.4638,-9.72284,10.0627,-120.833621,-82.9722,-50.5888,-10.2183,6.34093,8.93076,16.4399,-6.17039,-50.5888,1023,-110.58879999999999,Volatile State
1024,11:17:04,123.349,9.12819,123.554,-21.944,-13.2874,-5.56505,10.9317,-152.095088,-89.541,-51.1047,-12.007,5.82083,8.46837,17.8034,-7.68748,-51.1047,1024,-111.10470000000001,Volatile State
1025,11:17:05,123.25,9.0717,126.815,-20.601,-14.9755,-2.1997,12.2877,-184.828605,-94.9839,-51.7717,-12.3789,5.02468,9.14495,18.4498,-7.57223,-51.7717,1025,-111.77170000000001,Volatile State
1026,11:17:06,122.085,9.58955,127.346,-18.484,-18.5232,0.688846,11.5862,-209.592114,-98.3145,-52.7667,-12.5527,2.97274,7.53663,17.897,-6.80234,-52.7667,1026,-112.7667,Volatile State
1027,11:17:07,121.414,9.79994,126.451,-13.654,-20.0606,2.37803,11.4063,-216.642734,-100.503,-53.0122,-13.2438,2.09741,6.34193,16.2851,-7.79835,-53.0122,1027,-113.0122,Volatile State
1028,11:17:08,119.23,8.86228,121.903,-14.904,-19.8164,3.78691,10.1318,-210.561861,-101.141,-54.9563,-13.1207,2.93093,7.03025,14.4236,-9.66341,-54.9563,1028,-114.9563,Volatile State
1029,11:17:09,117.936,7.4214,116.343,-17.488,-22.8599,5.22649,10.2301,-189.198117,-102.669,-55.142,-14.8778,3.37892,7.38904,14.8028,-10.6427,-55.142,1029,-115.142,Volatile State
1030,11:17:10,115.791,6.86959,108.937,-16.544,-20.9913,6.36412,10.9396,-169.787187,-102.419,-55.1612,-18.2339,1.95654,9.32843,15.3829,-11.2012,-55.1612,1030,-115.16120000000001,Volatile State
1031,11:17:11,113.216,5.50713,102.469,-10.277,-18.8322,7.85804,9.8788,-158.783314,-101.986,-56.9964,-21.3198,1.21454,10.6391,16.1886,-11.5525,-56.9964,1031,-116.9964,Volatile State
1032,11:17:12,111.327,4.22183,96.537,-10.8,-19.1047,10.6123,8.76533,-161.757725,-98.3488,-57.3667,-23.3458,2.02554,11.7795,15.4406,-11.5348,-57.3667,1032,-117.36670000000001,Volatile State
1033,11:17:13,108.374,4.45827,91.516,-14.585,-16.7385,12.3756,6.97211,-166.847287,-94.2336,-57.695,-24.9092,3.33785,11.7381,13.5067,-12.483,-57.695,1033,-117.695,Volatile State
1034,11:17:14,105.636,4.42265,88.704,-10.792,-16.6695,12.3452,5.92017,-175.505061,-87.8086,-57.5846,-23.7403,4.14704,10.9108,11.6553,-14.1077,-57.5846,1034,-117.5846,Volatile State
1035,11:17:15,104.065,3.38316,89.059,-8.679,-15.9424,11.0329,6.28615,-192.496919,-79.9441,-57.0725,-22.6431,4.23693,10.5722,11.3633,-16.1236,-57.0725,1035,-117.07249999999999,Volatile State
1036,11:17:16,103.3,2.0503,96.779,-10.091,-14.0342,7.70515,6.45817,-214.670907,-71.4748,-57.5635,-22.0732,3.41298,10.2026,12.4949,-16.8784,-57.5635,1036,-117.5635,Volatile State
1037,11:17:17,101.877,1.4278,106.684,-10.853,-14.01,3.78819,7.08542,-218.512902,-61.714,-58.1568,-23.5125,3.29423,9.18303,12.4697,-15.0639,-58.1568,1037,-118.1568,Volatile State
1038,11:17:18,99.7143,0.442828,117.8,-11.022,-15.3368,1.72265,5.40123,-206.615286,-52.0933,-57.5449,-23.3796,3.79524,8.52791,12.3613,-13.0095,-57.5449,1038,-117.5449,Volatile State
1039,11:17:19,98.1554,-0.777742,125.437,-12.558,-16.0498,1.56719,5.53791,-185.658905,-43.1697,-59.016,-22.1108,2.92154,6.23349,12.4862,-12.1965,-59.016,1039,-119.01599999999999,Volatile State
1040,11:17:20,98.3172,-1.78893,126.281,-10.598,-14.3612,1.32044,5.99317,-173.444019,-34.8262,-59.7436,-21.3175,1.05485,3.52282,12.0045,-13.2432,-59.7436,1040,-119.7436,Volatile State
1041,11:17:21,98.8756,-2.5713,123.073,-12.797,-12.9434,0.237153,5.76867,-172.79546,-26.4281,-58.9739,-20.4125,-0.243184,1.05929,12.1901,-13.1586,-58.9739,1041,-118.9739,Volatile State
1042,11:17:22,98.898,-3.60219,120.127,-15.747,-13.6865,-2.478,5.13398,-165.4549,-18.4856,-56.8206,-19.6976,-0.347176,-1.08748,11.5081,-12.4401,-56.8206,1042,-116.8206,Volatile State
1043,11:17:23,100.282,-5.37894,119.276,-12.217,-15.3281,-4.91989,6.02757,-160.884761,-10.8033,-55.0675,-19.1061,-0.707902,-3.64517,12.1924,-11.1745,-55.0675,1043,-115.0675,Volatile State
1044,11:17:24,99.5231,-6.3393,123.422,-11.279,-15.4191,-7.00801,5.5328,-159.398282,-4.57979,-53.0971,-19.6948,-2.16323,-5.93297,11.6287,-9.7778,-53.0971,1044,-113.0971,Volatile State
1045,11:17:25,101.071,-7.55969,134.812,-12.168,-14.7313,-10.5224,6.88667,-157.390154,0.151536,-49.541,-20.0391,-3.09759,-9.12087,11.2628,-8.34043,-49.541,1045,-109.541,Volatile State
1046,11:17:26,101.63,-9.16088,146.381,-9.984333333,-17.1405,-16.7201,6.02806,-143.439169,4.11582,-48.6868,-19.1962,-4.08615,-10.6754,11.2403,-9.29852,-48.6868,1046,-108.6868,Volatile State
1047,11:17:27,101.942,-10.8592,156.369,-7.800666667,-16.0233,-24.2401,4.30238,-134.611311,6.34516,-47.0522,-19.1847,-3.7803,-13.8107,10.9343,-9.78866,-47.0522,1047,-107.0522,Volatile State
1048,11:17:28,100.82,-12.6906,166.809,-5.617,-15.1555,-31.2417,7.23631,-132.840629,9.85374,-46.4461,-19.4749,-4.32226,-16.1974,11.4785,-9.26105,-46.4461,1048,-106.4461,Volatile State
1049,11:17:29,99.6398,-13.9017,180.347,-6.364,-14.8278,-38.1849,5.85613,-144.451227,13.8445,-47.8539,-19.9622,-5.36841,-18.9893,12.5362,-8.07128,-47.8539,1049,-107.85390000000001,Volatile State
1050,11:17:30,98.1758,-14.7784,190.777,-9.722,-16.15,-45.5992,5.75023,-151.210275,18.7058,-49.8567,-19.9741,-6.66916,-20.8383,12.8211,-8.04827,-49.8567,1050,-109.85669999999999,Volatile State
1051,11:17:31,98.2349,-15.9112,199.575,-10.182,-16.9157,-54.0346,5.86695,-154.070588,21.2625,-53.4627,-19.585,-7.77243,-22.2569,13.0802,-9.10763,-53.4627,1051,-113.4627,Volatile State
1052,11:17:32,97.3762,-16.6443,205.378,-7.509,-15.8936,-62.2303,6.8193,-147.379711,20.6318,-58.7802,-20.416,-8.37604,-23.9153,12.7083,-9.9348,-58.7802,1052,-118.78020000000001,Volatile State
1053,11:17:33,95.4682,-16.4554,204.275,-6.321,-15.0552,-69.2779,8.76925,-142.546771,19.1873,-63.9644,-20.3897,-8.70318,-25.2163,12.9504,-10.0351,-63.9644,1053,-123.9644,Volatile State
1054,11:17:34,94.8969,-15.8618,198.582,-8.878,-13.5986,-76.1081,10.9598,-140.433779,18.8991,-67.7722,-19.5464,-8.88958,-26.6267,14.1022,-10.6887,-67.7722,1054,-127.7722,Volatile State
1055,11:17:35,97.3987,-16.5708,193.801,-10.18,-11.4531,-82.1547,10.0275,-145.511222,16.9294,-70.8393,-18.117,-9.62913,-28.3127,15.5861,-11.8935,-70.8393,1055,-130.83929999999998,Volatile State
1056,11:17:36,96.2463,-16.797,192.654,-8.037,-10.4964,-85.7247,9.96857,-143.039901,15.4549,-72.3484,-19.1297,-10.7375,-29.3101,16.945,-12.0324,-72.3484,1056,-132.3484,Volatile State
1057,11:17:37,95.9756,-16.8681,191.447,-8.106,-7.81367,-87.1629,11.3629,-139.046701,13.6603,-72.0096,-20.8561,-12.017,-28.0432,16.4498,-11.7388,-72.0096,1057,-132.0096,Volatile State
1058,11:17:38,94.3825,-18.0645,193.428,-10.479,-8.31296,-88.789,10.8434,-140.178393,11.6168,-70.5019,-19.9873,-12.4987,-26.3972,14.9471,-11.9201,-70.5019,1058,-130.5019,Volatile State
1059,11:17:39,93.7584,-19.0055,200.126,-11.631,-6.57352,-90.6575,9.9106,-143.036995,10.335,-66.8228,-19.6618,-12.7684,-25.6389,14.5949,-10.6395,-66.8228,1059,-126.8228,Volatile State
1060,11:17:40,90.9407,-19.4037,209.822,-9.711,-5.4458,-91.3457,8.54153,-150.541281,7.55379,-62.6293,-20.1423,-12.6615,-24.0321,16.2002,-9.49795,-62.6293,1060,-122.6293,Volatile State
1061,11:17:41,90.3476,-19.5261,221.619,-10.647,-5.24644,-91.1828,7.94858,-161.626885,7.09363,-59.9873,-20.2337,-11.8275,-22.8535,17.7166,-8.05105,-59.9873,1061,-119.9873,Volatile State
1062,11:17:42,88.5247,-19.3644,232.013,-14.302,-2.08341,-90.3246,6.17881,-167.971235,5.03698,-55.9846,-18.752,-10.0411,-23.0372,19.5076,-6.547,-55.9846,1062,-115.9846,Volatile State
1063,11:17:43,86.9232,-18.4758,241.391,-13.821,-0.267163,-88.8921,6.50914,-167.393793,2.0266,-53.4469,-18.0475,-10.0799,-21.3204,20.5726,-6.48957,-53.4469,1063,-113.4469,Volatile State
1064,11:17:44,88.8972,-17.6518,248.435,-14.841,3.17236,-87.6742,4.19267,-160.638343,-1.33776,-51.741,-19.3336,-11.8175,-19.8766,19.3204,-7.57007,-51.741,1064,-111.741,Volatile State
1065,11:17:45,88.4803,-17.5677,252.289,-17.838,6.00325,-85.3464,1.21451,-145.104794,-5.00665,-49.039,-21.3484,-14.2256,-19.6157,17.7548,-7.57465,-49.039,1065,-109.039,Volatile State
1066,11:17:46,86.9531,-17.2729,251.777,-17.626,8.23137,-82.3894,-0.640258,-128.539062,-6.68818,-48.2093,-23.5182,-16.2792,-19.2792,18.3805,-6.05665,-48.2093,1066,-108.2093,Volatile State
1067,11:17:47,83.8131,-16.2489,250.612,-15.685,11.9914,-79.7523,-1.75886,-124.518744,-9.19032,-47.3579,-24.8405,-18.2085,-19.5363,19.8235,-5.63412,-47.3579,1067,-107.3579,Volatile State
1068,11:17:48,81.6895,-15.6683,253.37,-16.766,14.1677,-77.0897,-0.908569,-127.007478,-10.1074,-47.1078,-24.2755,-18.9848,-19.598,21.2056,-3.41846,-47.1078,1068,-107.1078,Volatile State
1069,11:17:49,80.0232,-15.7155,259.542,-17.459,15.5003,-73.0087,-2.39982,-129.147608,-11.4026,-47.3929,-24.2118,-18.4312,-19.5489,21.6841,-1.13647,-47.3929,1069,-107.3929,Volatile State
1070,11:17:50,76.3773,-15.3073,267.207,-13.612,17.3414,-69.0998,-1.97515,-124.88338,-11.4602,-48.3006,-25.7639,-17.3255,-17.9842,21.0184,0.686601,-48.3006,1070,-108.3006,Volatile State
1071,11:17:51,74.8919,-14.8986,271.757,-12.578,16.3882,-65.2034,-2.21127,-103.485999,-11.7304,-50.0262,-26.4268,-17.8366,-16.069,19.0313,1.59647,-50.0262,1071,-110.0262,Volatile State
1072,11:17:52,73.6416,-14.8623,272.838,-14.589,15.1686,-62.247,-4.35299,-80.272995,-11.3321,-48.6892,-26.7766,-18.7304,-14.938,17.0592,3.31808,-48.6892,1072,-108.6892,Volatile State
1073,11:17:53,71.7521,-15.1673,269.893,-13.664,16.0711,-60.7226,-5.47062,-50.310744,-10.315,-48.5217,-27.3702,-19.6856,-15.4494,17.7244,6.56008,-48.5217,1073,-108.52170000000001,Volatile State
1074,11:17:54,68.69,-15.4574,264.537,-11.491,13.3464,-57.6295,-5.2164,-30.685779,-10.9487,-49.6095,-27.7261,-19.7383,-16.9872,17.1727,9.27108,-49.6095,1074,-109.6095,Volatile State
1075,11:17:55,67.277,-16.8555,263.594,-14.906,13.3239,-55.0751,-5.19374,-25.712932,-10.9721,-50.7374,-27.9572,-20.2769,-15.5503,17.7618,9.31037,-50.7374,1075,-110.73740000000001,Volatile State
1076,11:17:56,66.5698,-17.5746,266.234,-16.21,12.1355,-51.5351,-6.82358,-25.979707,-12.045,-51.398,-25.2437,-19.3203,-11.7526,16.1934,7.33747,-51.398,1076,-111.398,Volatile State
1077,11:17:57,64.9716,-18.3831,268.572,-14.628,9.85919,-48.1563,-8.85783,-21.176599,-12.5199,-51.6166,-22.8659,-15.8477,-8.33296,14.953,5.39465,-51.6166,1077,-111.6166,Volatile State
1078,11:17:58,60.9627,-19.1307,267.431,-14.589,7.36583,-44.4663,-9.52602,-24.604501,-13.3197,-51.2007,-21.0953,-14.015,-8.7479,13.2826,5.15735,-51.2007,1078,-111.2007,Volatile State
1079,11:17:59,56.6146,-20.0793,264.137,-17.634,4.15942,-42.112,-10.0289,-24.356681,-13.5585,-50.6214,-19.9844,-13.4145,-9.17408,13.8406,6.36901,-50.6214,1079,-110.6214,Volatile State
1080,11:18:00,54.2762,-20.8233,259.445,-16.069,-0.275207,-40.3701,-9.88888,-13.563296,-13.4896,-51.4502,-19.4034,-11.8516,-10.0125,14.2068,6.27424,-51.4502,1080,-111.4502,Volatile State
1081,11:18:01,50.5298,-21.421,257.227,-12.072,-2.62649,-37.6366,-11.5183,-7.07061,-13.3565,-52.6781,-19.5982,-11.3948,-11.8837,13.2039,5.32508,-52.6781,1081,-112.6781,Volatile State
1082,11:18:02,46.4786,-21.518,258.173,-10.211,-5.09538,-33.0559,-14.3788,-10.754636,-16.7911,-54.788,-18.7064,-11.222,-13.5861,12.595,2.05795,-54.788,1082,-114.788,Volatile State
1083,11:18:03,40.3513,-21.7019,263.445,-9.318,-7.33772,-27.9559,-16.2141,-35.625268,-18.6481,-56.8878,-17.364,-9.97165,-13.7273,12.1807,-0.765008,-56.8878,1083,-116.8878,Volatile State
1084,11:18:04,34.1935,-21.4781,268.399,-11.759,-8.81124,-22.9438,-15.9696,-53.242174,-23.6124,-57.0435,-16.031,-8.45375,-15.032,12.3546,0.068436,-57.0435,1084,-117.0435,Volatile State
1085,11:18:05,29.2199,-20.9018,271.579,-12.464,-9.40702,-17.5621,-13.8935,-63.23185,-26.0637,-55.3441,-15.3265,-6.94946,-15.931,12.2646,1.03256,-55.3441,1085,-115.3441,Volatile State
1086,11:18:06,23.2445,-20.6814,274.875,-12.535,-11.022,-11.8772,-16.4228,-57.041221,-28.8226,-54.8068,-13.8084,-4.9788,-17.6879,12.293,2.21166,-54.8068,1086,-114.80680000000001,Volatile State
1087,11:18:07,17.531,-21.009,277.544,-12.188,-10.394,-6.68767,-16.3307,-41.367414,-31.3662,-54.9463,-13.0587,-2.27666,-18.263,12.7154,3.55664,-54.9463,1087,-114.94630000000001,Volatile State
1088,11:18:08,11.4828,-20.4605,278.534,-12.725,-10.9712,-0.874839,-18.3268,-16.4714,-33.5865,-54.9457,-14.3964,-0.118112,-16.1006,11.7048,4.10819,-54.9457,1088,-114.9457,Volatile State
1089,11:18:09,6.71423,-19.4622,280.829,-13.641,-9.84265,4.13295,-18.2945,2.391099,-34.9763,-55.3761,-15.8852,1.37031,-13.0688,10.6456,4.95152,-55.3761,1089,-115.37610000000001,Volatile State
1090,11:18:10,0.547675,-18.6722,281.767,-10.701,-9.12192,6.47067,-20.1475,10.251057,-36.8499,-56.7013,-17.831,3.73778,-10.0012,10.5197,5.86655,-56.7013,1090,-116.7013,Volatile State
1091,11:18:11,-5.92813,-18.3497,281.564,-12.469,-8.79953,8.83949,-20.1263,-2.03313,-36.8396,-59.0,-18.3796,5.70402,-9.24498,11.2292,7.89779,-59.0,1091,-119.0,Volatile State
1092,11:18:12,-10.411,-18.8093,282.677,-17.08,-9.27306,10.9171,-18.0981,-12.473272,-35.9382,-60.6333,-18.1736,6.40241,-8.88521,10.984,9.39876,-60.6333,1092,-120.63329999999999,Volatile State
1093,11:18:13,-14.0362,-18.8996,282.956,-19.114,-9.44762,13.1206,-17.3914,-49.046412,-34.4861,-64.0311,-17.7615,7.91376,-7.73495,10.7196,8.74062,-64.0311,1093,-124.0311,Volatile State
1094,11:18:14,-17.242,-19.6238,278.359,-15.235,-10.7775,14.1374,-16.6678,-80.715846,-32.5902,-68.6454,-17.8332,8.95292,-7.2735,9.22048,8.05739,-68.6454,1094,-128.6454,Volatile State
1095,11:18:15,-19.1967,-20.2807,270.263,-13.159,-9.76488,12.8851,-16.2293,-97.172884,-30.7939,-73.611,-18.9162,8.59625,-7.40722,7.86213,7.61009,-73.611,1095,-133.611,Volatile State
1096,11:18:16,-22.0886,-20.3685,261.082,-15.373,-9.37388,9.38793,-13.9217,-87.972697,-28.5728,-77.6379,-19.6285,7.61906,-7.91122,7.08436,7.39929,-77.6379,1096,-137.6379,Volatile State
1097,11:18:17,-24.7516,-20.4531,249.037,-16.932,-11.9582,4.17375,-14.4665,-80.377762,-25.8239,-79.3591,-20.7107,7.13638,-7.63804,6.93513,7.91936,-79.3591,1097,-139.3591,Volatile State
1098,11:18:18,-29.9692,-21.4563,237.702,-16.392,-12.283,-0.180213,-17.5226,-56.410388,-22.8855,-80.1181,-20.9225,6.33109,-8.86448,7.86848,8.41703,-80.1181,1098,-140.1181,Volatile State
1099,11:18:19,-34.5569,-21.7308,228.013,-16.412,-12.4175,-5.66213,-17.8422,-43.213035,-19.131,-80.9076,-20.0374,5.16604,-8.83049,7.81513,7.71306,-80.9076,1099,-140.9076,Volatile State
1100,11:18:20,-37.9526,-21.7058,225.507,-18.103,-12.4076,-10.813,-19.5926,-40.776378,-14.4135,-78.615,-18.3303,3.49346,-8.0602,7.19445,7.21385,-78.615,1100,-138.615,Volatile State
1101,11:18:21,-40.954,-21.0006,227.394,-17.904,-12.3839,-13.5658,-17.3566,-43.912307,-10.2189,-75.6332,-17.2266,2.5408,-8.70299,6.55679,5.84371,-75.6332,1101,-135.6332,Volatile State
1102,11:18:22,-44.3401,-20.2415,231.981,-16.158,-12.7186,-17.8411,-16.1903,-64.763874,-4.96151,-73.2091,-17.5682,1.70092,-9.344,5.59233,4.51552,-73.2091,1102,-133.2091,Volatile State
1103,11:18:23,-45.7161,-19.8143,232.247,-14.283,-12.3281,-21.0927,-15.9356,-80.572055,-0.308451,-72.6092,-15.9643,-1.113,-11.0417,5.15249,3.603,-72.6092,1103,-132.6092,Volatile State
1104,11:18:24,-47.4059,-18.6773,232.088,-14.534,-14.0388,-25.3888,-12.5446,-98.303208,5.44075,-72.7824,-15.5765,-3.86224,-13.0708,6.16359,1.71797,-72.7824,1104,-132.7824,Volatile State
1105,11:18:25,-46.4949,-17.7141,230.675,-15.81,-14.8856,-30.3904,-14.3772,-111.495041,8.74616,-72.736,-15.7881,-5.58275,-13.2991,6.39451,0.532549,-72.736,1105,-132.736,Volatile State
1106,11:18:26,-45.6955,-17.3441,235.9,-18.013,-16.0106,-35.2391,-12.9837,-111.72248,10.2593,-72.9199,-16.1113,-6.80135,-13.3965,4.14623,-1.06751,-72.9199,1106,-132.91989999999998,Volatile State
1107,11:18:27,-44.9363,-17.0542,250.06,-17.508,-16.3368,-40.9687,-12.3798,-100.407001,11.5775,-73.0231,-15.4263,-7.82932,-12.8173,1.28392,-2.61118,-73.0231,1107,-133.0231,Volatile State
1108,11:18:28,-44.2495,-17.5172,268.901,-14.279,-14.3922,-46.2897,-12.6208,-88.634376,12.3316,-71.7154,-13.9645,-7.39456,-12.5155,-1.64321,-3.16642,-71.7154,1108,-131.7154,Volatile State
1109,11:18:29,-44.0701,-18.0702,281.234,-16.841,-15.1179,-51.0119,-11.0351,-89.622172,15.5061,-70.208,-13.6882,-8.17472,-11.1342,-2.51051,-4.11594,-70.208,1109,-130.208,Volatile State
1110,11:18:30,-42.8735,-18.4775,285.439,-17.492,-15.3893,-55.9144,-9.30374,-97.300434,16.4847,-70.8051,-13.9992,-8.63352,-11.7081,-4.00879,-3.54867,-70.8051,1110,-130.80509999999998,Volatile State
1111,11:18:31,-42.7547,-17.5091,280.616,-14.528,-15.734,-61.9418,-8.50534,-108.109136,16.0526,-75.1727,-14.7429,-10.2201,-11.6235,-5.91188,-2.43656,-75.1727,1111,-135.17270000000002,Volatile State
1112,11:18:32,-44.3662,-16.4984,273.243,-13.426,-14.0358,-65.7946,-5.95151,-115.03769,16.8328,-81.1364,-15.4962,-11.0429,-12.8591,-6.33065,-2.24147,-81.1364,1112,-141.13639999999998,Volatile State
1113,11:18:33,-44.8605,-15.4097,269.7,-16.048,-13.9298,-68.0449,-5.10499,-105.028157,16.0313,-85.6624,-16.5713,-12.2257,-13.4979,-4.28155,-4.65791,-85.6624,1113,-145.6624,Volatile State
1114,11:18:34,-46.4839,-14.4142,267.542,-17.23,-15.2926,-69.2136,-2.49771,-90.763551,15.8659,-89.9723,-17.6054,-13.701,-12.3648,-3.34824,-7.90184,-89.9723,1114,-149.97230000000002,Volatile State
1115,11:18:35,-46.1112,-13.896,261.917,-15.385,-16.334,-69.7212,-3.91347,-86.332524,16.2438,-92.8089,-17.7412,-15.3466,-11.2204,-6.49118,-9.13789,-92.8089,1115,-152.8089,Volatile State
1116,11:18:36,-45.3191,-13.7673,259.051,-15.014,-16.9971,-71.2132,-2.09503,-90.785841,17.556,-95.3653,-17.9932,-14.2487,-11.0821,-8.17754,-9.39034,-95.3653,1116,-155.3653,Volatile State
1117,11:18:37,-43.7544,-13.2914,258.849,-15.141,-19.0825,-72.8049,-0.942728,-97.685804,20.5131,-98.2585,-17.875,-12.3283,-11.1282,-8.4764,-10.4974,-98.2585,1117,-158.2585,Volatile State
1118,11:18:38,-46.4474,-12.708,260.173,-17.786,-19.5781,-73.0898,-1.51986,-106.454116,22.4703,-98.9477,-18.0774,-13.0336,-10.8574,-5.84403,-12.5331,-98.9477,1118,-158.9477,Volatile State
1119,11:18:39,-47.1183,-12.2865,262.221,-18.35,-21.7122,-72.4663,0.131029,-107.227705,22.9737,-98.757,-19.9542,-14.8016,-9.11047,-1.27059,-15.2369,-98.757,1119,-158.757,Volatile State
1120,11:18:40,-46.0797,-11.6319,262.975,-16.837,-21.0238,-72.0719,1.6408,-107.194643,23.0005,-99.6944,-20.8225,-14.8833,-7.62124,-0.039225,-17.6696,-99.6944,1120,-159.6944,Volatile State
1121,11:18:41,-46.3116,-10.4386,259.662,-15.627,-21.6638,-70.8807,2.16079,-131.211004,24.8466,-100.615,-19.5438,-14.5936,-4.39248,-0.959443,-18.0905,-100.615,1121,-160.615,Volatile State
1122,11:18:42,-47.0293,-9.13359,253.43,-18.959,-23.6532,-68.8274,0.632584,-134.884649,26.0363,-100.114,-19.5122,-14.9471,-1.96462,-3.42337,-17.1409,-100.114,1122,-160.114,Volatile State
1123,11:18:43,-48.1232,-8.55058,244.786,-21.239,-21.1665,-67.6906,1.12953,-134.774288,26.2163,-96.7128,-17.0677,-16.7678,0.225666,-6.45627,-15.748,-96.7128,1123,-156.71280000000002,Volatile State
1124,11:18:44,-49.1737,-10.204,237.137,-19.001,-19.8885,-68.7657,0.720738,-143.29386,25.7225,-92.5615,-16.8359,-17.0002,1.88786,-7.93424,-15.6921,-92.5615,1124,-152.5615,Volatile State
1125,11:18:45,-48.4447,-9.37974,227.725,-17.475,-16.2867,-68.1377,-0.537211,-154.452233,22.7314,-88.6302,-16.0193,-16.9359,3.41174,-6.34236,-16.712,-88.6302,1125,-148.6302,Volatile State
1126,11:18:46,-46.6018,-11.4262,216.874,-18.018,-15.1659,-64.3473,-1.788,-164.664393,20.8532,-84.9885,-16.8079,-15.8015,5.57313,-4.94993,-16.4905,-84.9885,1126,-144.9885,Volatile State
1127,11:18:47,-44.2897,-12.8303,206.714,-18.971,-13.2892,-63.2725,-0.10684,-164.044388,18.1778,-81.5336,-16.5905,-15.7386,8.69954,-3.89927,-16.2376,-81.5336,1127,-141.5336,Volatile State
1128,11:18:48,-42.9273,-14.0717,196.876,-17.813,-11.2624,-63.598,-1.22596,-154.179003,16.7926,-79.2101,-16.4339,-17.4659,11.5735,-6.59717,-14.7595,-79.2101,1128,-139.2101,Volatile State
1129,11:18:49,-41.3863,-14.8836,183.43,-17.172,-11.4865,-63.8428,-0.220033,-156.437764,11.9459,-76.6956,-14.9878,-19.0764,13.8845,-9.72695,-13.2574,-76.6956,1129,-136.6956,Volatile State
1130,11:18:50,-40.3133,-15.9216,167.853,-18.585,-10.8041,-64.899,0.201268,-161.544109,9.59342,-75.6791,-14.8679,-20.4879,13.8572,-11.971,-12.8143,-75.6791,1130,-135.6791,Volatile State
1131,11:18:51,-38.3527,-15.3914,154.702,-18.089,-8.73366,-63.5904,1.54131,-168.687381,6.72156,-75.5929,-14.7661,-21.0165,15.3104,-12.4466,-10.9914,-75.5929,1131,-135.5929,Volatile State
1132,11:18:52,-37.8197,-13.8141,148.94,-19.055,-10.2874,-58.4096,0.679295,-167.652096,5.82822,-77.6805,-14.7424,-21.9139,15.8062,-10.694,-9.0996,-77.6805,1132,-137.6805,Volatile State
1133,11:18:53,-35.5689,-12.0264,151.821,-20.491,-9.48177,-52.2805,0.317004,-185.885935,7.78813,-80.0049,-14.3901,-23.3581,17.3162,-8.82681,-8.87391,-80.0049,1133,-140.00490000000002,Volatile State
1134,11:18:54,-32.8947,-10.9561,154.658,-19.816,-11.1977,-47.2747,-1.43137,-211.64636,8.34501,-81.0097,-15.4996,-24.3303,18.2155,-8.09895,-9.38105,-81.0097,1134,-141.0097,Volatile State
1135,11:18:55,-28.3471,-10.3911,156.729,-23.286,-10.8987,-42.4226,-3.56512,-234.328488,11.8203,-81.6998,-14.8787,-24.1794,21.0399,-8.64604,-9.25224,-81.6998,1135,-141.69979999999998,Volatile State
1136,11:18:56,-25.3339,-13.4381,157.192,-26.499,-12.0588,-38.6061,-2.82218,-233.216913,13.4182,-81.7739,-13.1317,-23.9928,21.9654,-9.98765,-8.32881,-81.7739,1136,-141.7739,Volatile State
1137,11:18:57,-22.0183,-17.3026,156.951,-22.108,-12.9565,-36.8841,-3.01905,-204.538315,13.248,-83.0659,-9.9842,-24.7144,21.5152,-9.99929,-7.49903,-83.0659,1137,-143.0659,Volatile State
1138,11:18:58,-19.4044,-19.5864,155.264,-22.186,-12.6176,-35.7227,-3.10712,-180.97766,9.5257,-83.65,-6.56972,-26.4382,21.2471,-8.39361,-7.52049,-83.65,1138,-143.65,Volatile State
1139,11:18:59,-15.4502,-20.6385,156.377,-24.695,-11.9802,-35.9028,-1.45473,-170.598584,7.10182,-84.4143,-3.94416,-27.6769,19.636,-7.3926,-7.61077,-84.4143,1139,-144.4143,Volatile State
1140,11:19:00,-13.5643,-20.692,156.49,-25.094,-9.07497,-34.3662,-0.697367,-157.573261,7.12562,-85.4244,-2.45133,-26.9774,18.6263,-6.87229,-7.73079,-85.4244,1140,-145.4244,Volatile State
1141,11:19:01,-11.8516,-20.7332,157.545,-24.898,-9.40356,-32.7962,0.11466,-144.842521,7.20406,-85.1812,-2.05297,-26.7887,16.145,-7.49968,-8.99678,-85.1812,1141,-145.1812,Volatile State
1142,11:19:02,-10.5366,-20.8213,159.444,-23.15,-9.17895,-31.2629,0.306722,-131.965356,8.55948,-84.8032,-1.5536,-27.129,15.5546,-8.40742,-9.49063,-84.8032,1142,-144.8032,Volatile State
1143,11:19:03,-9.97673,-20.486,161.279,-22.073,-10.7774,-28.031,0.833707,-133.500482,12.796,-85.4564,-1.23689,-28.2595,14.5736,-8.90741,-9.90352,-85.4564,1143,-145.4564,Volatile State
1144,11:19:04,-9.85047,-20.2147,164.348,-26.178,-12.062,-25.2187,0.827873,-135.649363,19.7694,-84.5611,-0.811854,-28.9825,13.3546,-9.08158,-10.419,-84.5611,1144,-144.5611,Volatile State
1145,11:19:05,-11.6065,-20.2714,167.268,-23.878,-11.9485,-21.8725,1.72201,-142.62191,30.8751,-84.596,0.439976,-29.9688,11.2509,-8.86562,-10.8864,-84.596,1145,-144.596,Volatile State
1146,11:19:06,-11.6925,-20.4267,172.52,-23.306,-14.2789,-18.6373,1.33403,-149.878569,40.53,-85.7341,2.46603,-29.4655,9.81143,-10.3778,-12.1352,-85.7341,1146,-145.7341,Volatile State
1147,11:19:07,-10.2681,-20.3448,175.27,-23.806,-15.1565,-16.412,0.496721,-153.048387,50.7331,-86.9214,2.77995,-29.2422,9.23019,-12.2831,-13.9784,-86.9214,1147,-146.9214,Volatile State
1148,11:19:08,-7.7741,-20.3578,172.76,-21.394,-16.7453,-16.7934,0.324714,-153.850692,60.8822,-88.736,3.61633,-29.4443,8.2398,-14.9836,-15.2887,-88.736,1148,-148.736,Volatile State
1149,11:19:09,-5.26605,-19.3895,165.492,-20.922,-19.5005,-16.8448,-0.143332,-156.805685,68.9179,-88.9162,2.55166,-29.0804,7.15734,-17.0808,-13.9529,-88.9162,1149,-148.9162,Volatile State
1150,11:19:10,-1.28072,-18.0413,153.732,-17.87,-21.1083,-18.227,0.256117,-159.437753,74.6675,-87.817,2.42011,-28.3597,6.8623,-17.9278,-12.2847,-87.817,1150,-147.817,Volatile State
1151,11:19:11,3.75285,-16.2609,137.109,-13.266,-25.4671,-20.8933,0.279966,-169.203305,80.2454,-86.4827,1.94104,-26.9447,8.21559,-17.8477,-12.2621,-86.4827,1151,-146.4827,Volatile State
1152,11:19:12,3.46221,-15.1069,117.119,-16.275,-24.7384,-26.2602,0.523149,-169.764978,84.0313,-87.0974,1.57352,-26.6468,8.16784,-17.4311,-12.0623,-87.0974,1152,-147.0974,Volatile State
1153,11:19:13,2.62089,-15.7916,98.822,-17.307,-27.4264,-33.3765,-1.67259,-151.32676,86.5589,-89.8466,0.595536,-26.2452,7.74391,-16.6479,-12.0383,-89.8466,1153,-149.8466,Volatile State
1154,11:19:14,0.452331,-16.4055,87.881,-12.944,-27.1208,-39.2355,-1.95837,-141.664996,85.5854,-93.2636,0.093668,-25.2928,6.04926,-16.0057,-10.3494,-93.2636,1154,-153.2636,Volatile State
1155,11:19:15,-0.277014,-16.3995,84.074,-5.509,-25.1997,-43.8045,-1.96539,-155.585417,82.1172,-96.7475,-1.49958,-24.7697,3.18293,-15.7655,-7.76493,-96.7475,1155,-156.7475,Volatile State
1156,11:19:16,-4.15107,-16.9692,86.149,-6.934,-23.8039,-47.7628,-4.86747,-160.52661,78.9079,-100.857,-2.97806,-23.6946,1.76962,-15.8128,-5.37519,-100.857,1156,-160.857,Volatile State
1157,11:19:17,-5.44928,-17.2577,92.414,-10.115,-25.1982,-52.5462,-4.67386,-150.848744,75.1914,-105.993,-5.12892,-22.6625,0.235725,-14.4175,-3.46036,-105.993,1157,-165.993,Volatile State
1158,11:19:18,-8.23023,-16.9077,98.133,-8.103,-24.9701,-57.3783,-4.47582,-143.119027,72.1523,-110.952,-6.83574,-22.1132,-0.793603,-12.809,-3.42873,-110.952,1158,-170.952,Volatile State
1159,11:19:19,-10.1996,-16.2352,102.727,-2.988,-24.0218,-62.0556,-5.23523,-131.382093,67.9719,-116.255,-5.97205,-20.2766,-0.856391,-11.6935,-2.67771,-116.255,1159,-176.255,Volatile State
1160,11:19:20,-10.7431,-16.2492,106.445,-4.092,-25.4786,-67.3795,-7.0756,-126.409237,62.5638,-121.827,-5.09253,-18.8215,-2.33114,-10.6166,-1.2108,-121.827,1160,-181.827,Volatile State
1161,11:19:21,-12.0835,-16.4422,113.361,-6.377,-28.3422,-70.5029,-7.02118,-134.39069,56.3583,-124.869,-4.82577,-17.7338,-4.31807,-9.99667,1.49584,-124.869,1161,-184.869,Volatile State
1162,11:19:22,-12.5259,-16.4755,115.993,-3.858,-27.8992,-71.5656,-8.04591,-148.792669,47.6407,-126.822,-5.50778,-18.6154,-5.20513,-9.10788,3.66663,-126.822,1162,-186.822,Volatile State
1163,11:19:23,-12.1124,-17.1208,112.297,-1.196,-30.8055,-72.4662,-7.85408,-159.565525,37.1095,-127.699,-5.92676,-19.9201,-3.94455,-7.86699,4.15548,-127.699,1163,-187.699,Volatile State
1164,11:19:24,-11.864,-17.9691,105.062,-0.129,-30.2791,-72.6939,-9.00075,-149.997506,26.9029,-127.464,-7.82446,-21.942,-1.67523,-7.42899,3.80484,-127.464,1164,-187.464,Volatile State
1165,11:19:25,-10.3711,-17.8235,96.31,-1.869,-31.1603,-71.9084,-7.97166,-133.900473,16.37,-126.287,-8.07264,-23.2606,-0.123473,-6.6638,3.80509,-126.287,1165,-186.287,Volatile State
1166,11:19:26,-9.3283,-17.5135,90.795,-2.03,-30.9213,-70.313,-7.11752,-117.301503,6.0069,-126.534,-8.75032,-24.6852,0.430137,-6.08577,4.20967,-126.534,1166,-186.534,Volatile State
1167,11:19:27,-8.27651,-17.0802,89.058,-1.016,-30.458,-66.8301,-7.39489,-108.647312,-7.21809,-125.509,-8.66595,-24.5756,0.476251,-5.16078,6.84245,-125.509,1167,-185.50900000000001,Volatile State
1168,11:19:28,-8.79312,-17.1236,88.873,0.708,-32.5363,-64.8912,-6.23327,-105.48676,-20.0523,-123.702,-7.0747,-24.7397,-0.412002,-4.78904,8.81635,-123.702,1168,-183.702,Volatile State
1169,11:19:29,-9.15006,-16.8555,86.519,-1.185,-31.0202,-62.141,-5.34736,-109.261288,-31.7341,-120.274,-7.37221,-23.7294,-0.260262,-4.24947,8.85531,-120.274,1169,-180.274,Volatile State
1170,11:19:30,-9.13163,-16.474,85.395,-6.027,-28.5062,-61.9417,-2.97696,-106.177668,-40.098,-116.202,-8.08864,-23.0986,2.18219,-2.68872,7.62302,-116.202,1170,-176.202,Volatile State
1171,11:19:31,-9.31764,-16.6051,87.35,-4.74,-27.1272,-64.1695,-2.5168,-111.989061,-48.8285,-114.641,-7.54131,-23.0991,6.77744,-1.56875,7.78327,-114.641,1171,-174.64100000000002,Volatile State
1172,11:19:32,-10.4058,-16.2836,90.181,-1.989,-25.8717,-65.6398,-4.38012,-125.344852,-56.6501,-114.474,-8.05998,-24.0059,10.2309,-0.852788,9.53914,-114.474,1172,-174.474,Volatile State
1173,11:19:33,-13.567,-15.3551,88.412,-3.428,-23.0763,-65.2654,-5.38481,-132.243026,-63.7368,-114.396,-8.12009,-24.6342,11.5248,-0.177533,12.4851,-114.396,1173,-174.39600000000002,Volatile State
1174,11:19:34,-15.6834,-13.9924,82.029,-6.946,-19.8568,-63.9937,-3.66163,-127.483222,-71.6643,-113.849,-9.70581,-23.639,11.413,-0.210118,14.2981,-113.849,1174,-173.849,Volatile State
1175,11:19:35,-16.7751,-13.0959,73.168,-7.045,-20.4498,-61.922,-3.70277,-122.711592,-77.7919,-113.054,-10.1761,-22.5783,12.349,-0.98955,14.6733,-113.054,1175,-173.054,Volatile State
1176,11:19:36,-17.6628,-13.7486,60.731,-3.544,-18.6636,-59.262,-3.24085,-109.799619,-83.3823,-111.839,-10.4631,-21.817,13.6463,-1.32041,14.0842,-111.839,1176,-171.839,Volatile State
1177,11:19:37,-17.6085,-14.838,46.997,-4.371,-17.2452,-56.98,-2.8692,-102.924545,-87.4213,-110.001,-9.98586,-20.1435,16.5679,-3.02965,15.1243,-110.001,1177,-170.001,Volatile State
1178,11:19:38,-20.2378,-15.3773,31.462,-7.553,-16.3067,-54.477,-1.36677,-100.909079,-89.8242,-108.181,-9.47656,-18.794,18.1526,-3.23007,17.1562,-108.181,1178,-168.18099999999998,Volatile State
1179,11:19:39,-20.4301,-13.8363,17.939,-4.53,-16.6546,-52.9098,-1.15153,-98.494625,-90.2141,-109.072,-8.812,-16.6661,19.1526,-4.10781,18.3102,-109.072,1179,-169.072,Volatile State
1180,11:19:40,-21.1954,-12.1023,9.477,-7.527,-14.6764,-51.5439,0.214661,-88.629143,-90.3584,-111.426,-9.13475,-15.9169,18.2979,-3.96227,18.6098,-111.426,1180,-171.426,Volatile State
1181,11:19:41,-22.5301,-10.4077,8.66,-7.364,-13.6898,-49.3106,0.934588,-77.073261,-89.1079,-112.118,-9.3467,-15.2102,15.0019,-3.83005,18.7639,-112.118,1181,-172.118,Volatile State
1182,11:19:42,-24.7938,-9.17171,8.981,-7.427,-12.2643,-44.781,-0.264772,-73.01409,-87.2154,-112.267,-8.00275,-14.3549,13.1084,-5.18704,20.5909,-112.267,1182,-172.267,Volatile State
1183,11:19:43,-26.4817,-8.18661,4.345,-6.777,-11.2877,-41.4197,-0.940536,-67.393543,-84.4621,-114.053,-5.7498,-11.897,13.2242,-6.02601,22.6469,-114.053,1183,-174.053,Volatile State
1184,11:19:44,-26.5997,-8.04813,-3.783,-9.641,-11.6688,-37.6098,-3.12877,-68.431345,-79.4539,-117.134,-3.31763,-8.55576,13.7703,-6.85495,23.9807,-117.134,1184,-177.13400000000001,Volatile State
1185,11:19:45,-26.5975,-7.16978,-11.929,-9.573,-10.6159,-32.7538,-3.34785,-74.403479,-72.4414,-119.46,-3.8714,-4.78584,13.5383,-6.66795,24.118,-119.46,1185,-179.45999999999998,Volatile State
1186,11:19:46,-25.2474,-6.8173,-17.166,-9.295,-10.8301,-27.9665,-4.08193,-84.611254,-63.9417,-122.447,-4.56975,-1.2543,14.1488,-5.18142,23.1345,-122.447,1186,-182.447,Volatile State
1187,11:19:47,-26.5324,-6.33403,-19.942,-11.74,-11.4787,-24.6304,-3.24907,-96.05051,-53.9293,-123.957,-3.21652,1.56723,12.6178,-2.8095,22.6121,-123.957,1187,-183.957,Volatile State
1188,11:19:48,-26.2898,-5.39731,-20.488,-17.461,-11.4222,-20.8856,-5.98944,-109.99297,-43.8651,-125.374,-3.10679,2.89284,11.9992,-1.62172,21.914,-125.374,1188,-185.374,Volatile State
1189,11:19:49,-28.0341,-3.97722,-20.871,-18.026,-12.3883,-16.7748,-6.8654,-122.064957,-34.1049,-126.183,-3.39379,4.00776,11.2335,-0.576909,22.9843,-126.183,1189,-186.183,Volatile State
1190,11:19:50,-29.8302,-3.56164,-19.341,-17.176,-12.0961,-14.4938,-5.64046,-131.354703,-23.8158,-126.643,-3.00953,5.06488,11.7336,-0.056733,23.6223,-126.643,1190,-186.643,Volatile State
1191,11:19:51,-30.4999,-3.39022,-14.173,-20.102,-13.1963,-12.6496,-7.50287,-152.811183,-15.9373,-126.971,-3.35413,4.42339,10.8565,0.949173,24.6703,-126.971,1191,-186.971,Volatile State
1192,11:19:52,-31.9709,-3.68783,-3.874,-21.915,-14.7595,-10.2099,-7.76857,-176.141402,-6.69764,-128.463,-3.21522,4.64531,10.3347,2.6555,25.5747,-128.463,1192,-188.463,Volatile State
1193,11:19:53,-32.6768,-3.26794,5.174,-17.951,-12.8889,-6.82997,-9.17746,-186.052615,2.09347,-128.062,-4.82235,5.4296,9.65439,4.59592,26.9352,-128.062,1193,-188.062,Volatile State
1194,11:19:54,-32.1937,-0.745473,14.693,-17.88266667,-13.631,-2.96562,-9.5883,-189.738506,10.91,-127.139,-6.23132,7.36565,7.38648,6.12941,27.6413,-127.139,1194,-187.139,Volatile State
1195,11:19:55,-31.3399,4.48273,19.982,-17.81433333,-12.4772,1.27911,-7.58218,-190.329227,20.2385,-127.292,-6.02856,9.85126,6.3894,6.63557,25.8994,-127.292,1195,-187.292,Volatile State
1196,11:19:56,-31.747,9.32003,18.787,-17.746,-14.2982,5.13523,-7.69119,-187.654974,29.6186,-126.936,-6.38981,12.4217,5.75234,7.01425,25.3578,-126.936,1196,-186.936,Volatile State
1197,11:19:57,-28.7347,13.8295,9.39,-19.78,-16.0554,8.98838,-9.8153,-188.059741,38.6879,-125.888,-5.35543,14.0614,5.44809,6.86612,25.1135,-125.888,1197,-185.888,Volatile State
1198,11:19:58,-24.7968,16.9921,-5.07,-19.223,-16.536,11.4104,-10.7112,-184.498757,43.7121,-124.237,-4.46667,14.4995,5.80492,7.23339,24.7321,-124.237,1198,-184.237,Volatile State
1199,11:19:59,-22.0827,18.9038,-14.161,-15.634,-15.0347,12.0415,-10.2083,-175.214365,48.0113,-121.329,-5.48972,15.4432,5.70746,7.79577,22.969,-121.329,1199,-181.329,Volatile State
1200,11:20:00,-19.9635,19.4472,-19.493,-18.737,-18.5232,11.1762,-11.1578,-152.863594,46.8225,-119.679,-5.08156,15.8248,6.93965,7.42664,20.053,-119.679,1200,-179.679,Volatile State
1201,11:20:01,-19.4299,19.4488,-21.26,-23.526,-21.357,9.83999,-10.8285,-128.248865,46.3539,-118.738,-5.34506,16.3079,8.30735,7.56126,18.5811,-118.738,1201,-178.738,Volatile State
1202,11:20:02,-17.8159,18.9754,-22.796,-22.485,-23.7163,8.84508,-11.0887,-121.160075,43.9425,-117.563,-4.73443,17.4349,9.27921,6.72252,17.1002,-117.563,1202,-177.563,Volatile State
1203,11:20:03,-18.0808,17.7491,-25.787,-21.117,-26.0018,6.9613,-11.9104,-121.108278,42.4076,-118.21,-5.35372,17.7406,9.51582,6.05503,16.2565,-118.21,1203,-178.20999999999998,Volatile State
1204,11:20:04,-15.1697,16.437,-29.264,-18.941,-27.3043,3.89151,-11.1503,-119.505656,39.613,-118.302,-4.14096,18.8052,8.05235,5.07333,15.5579,-118.302,1204,-178.30200000000002,Volatile State
1205,11:20:05,-11.056,15.8546,-31.747,-21.423,-28.7875,1.7214,-11.2023,-133.416394,37.747,-119.113,-2.81951,20.1554,5.8324,4.8808,15.938,-119.113,1205,-179.113,Volatile State
1206,11:20:06,-8.92023,14.9886,-28.89,-24.058,-30.3112,-2.03955,-11.8616,-161.777269,35.7604,-120.195,-2.23382,21.5811,4.15539,5.07712,14.208,-120.195,1206,-180.195,Volatile State
1207,11:20:07,-7.31685,14.7598,-24.295,-23.867,-32.2046,-7.97178,-14.6808,-188.246595,33.9178,-122.146,-3.32598,20.2218,2.98821,5.4867,12.1928,-122.146,1207,-182.14600000000002,Volatile State
1208,11:20:08,-6.15853,15.1326,-22.25,-25.31,-32.2341,-14.1651,-15.4882,-198.382896,32.5971,-123.451,-3.94991,19.4487,1.24471,5.28567,10.9953,-123.451,1208,-183.451,Volatile State
1209,11:20:09,-4.99251,15.7984,-24.665,-26.613,-32.8417,-18.2751,-16.1451,-190.868477,29.5122,-124.505,-5.1941,19.2568,-1.37023,4.25189,11.0266,-124.505,1209,-184.505,Volatile State
1210,11:20:10,-5.47628,16.1053,-30.801,-27.134,-32.9927,-22.3786,-16.3186,-174.296442,26.0258,-124.495,-6.25683,19.0166,-3.7849,2.62244,11.269,-124.495,1210,-184.495,Volatile State
1211,11:20:11,-5.61763,16.7918,-40.03,-28.214,-34.8094,-25.7306,-16.5036,-168.370291,21.5872,-124.916,-6.69246,17.9703,-3.84708,1.88674,11.0563,-124.916,1211,-184.916,Volatile State
1212,11:20:12,-5.15195,17.4586,-50.277,-20.64,-35.0587,-30.498,-16.9101,-172.065185,19.3576,-124.864,-7.91406,17.7434,-3.97492,2.20846,10.7158,-124.864,1212,-184.864,Volatile State
1213,11:20:13,-5.1453,17.6153,-61.616,-19.655,-36.1276,-33.8993,-16.3328,-185.676984,17.337,-125.066,-6.93252,18.2737,-2.44499,2.86613,7.9558,-125.066,1213,-185.066,Volatile State
1214,11:20:14,-6.0119,17.0381,-72.462,-22.947,-36.8775,-38.0321,-15.6504,-186.252415,14.3045,-127.051,-5.02043,17.9008,-1.01445,2.24962,5.59112,-127.051,1214,-187.051,Volatile State
1215,11:20:15,-5.52667,16.2362,-83.053,-24.199,-36.6405,-40.0746,-16.1653,-183.292621,12.2455,-128.303,-4.20005,16.0517,-1.5259,0.855398,4.84049,-128.303,1215,-188.303,Volatile State
1216,11:20:16,-4.35918,15.5425,-93.252,-21.823,-32.5334,-39.1203,-16.1475,-184.460076,8.32589,-131.244,-5.3069,14.2441,-2.74076,0.066337,4.6146,-131.244,1216,-191.244,Volatile State
1217,11:20:17,-5.37329,15.3387,-101.768,-17.481,-29.2376,-35.3392,-16.3525,-177.221818,6.36863,-134.844,-6.20026,12.0111,-2.96519,-0.413023,4.74655,-134.844,1217,-194.844,Volatile State
1218,11:20:18,-7.60464,15.7779,-101.389,-18.822,-23.5634,-30.985,-14.9437,-172.661419,4.79175,-138.428,-7.17489,9.56726,-0.922079,0.318862,3.79564,-138.428,1218,-198.428,Volatile State
1219,11:20:19,-7.95387,15.8448,-94.228,-20.858,-20.936,-26.7851,-15.2663,-168.101021,3.50662,-143.071,-7.0067,9.41938,1.645,1.32635,3.6235,-143.071,1219,-203.071,Volatile State
1220,11:20:20,-6.92296,15.3547,-86.364,-18.937,-16.0039,-21.4791,-13.6916,-163.540622,2.01305,-147.031,-5.97372,9.34297,2.74303,2.18156,4.68857,-147.031,1220,-207.031,Volatile State
1221,11:20:21,-7.48781,14.3281,-80.116,-14.002,-12.8037,-17.2368,-12.8919,-158.01186,0.747794,-150.909,-6.12275,8.26842,3.43683,3.29932,6.51697,-150.909,1221,-210.909,Volatile State
1222,11:20:22,-7.76603,13.4642,-78.452,-13.691,-10.2357,-13.214,-11.7644,-153.575684,-1.04719,-153.161,-6.17273,6.05298,5.51437,3.06904,6.52568,-153.161,1222,-213.161,Volatile State
1223,11:20:23,-10.6024,12.9478,-80.827,-18.977,-8.84703,-11.5679,-10.8987,-148.354929,-3.5954,-156.053,-6.19584,4.18705,7.56264,1.39316,8.32655,-156.053,1223,-216.053,Volatile State
1224,11:20:24,-10.8397,13.3244,-86.67,-18.436,-6.95706,-12.0375,-11.3323,-145.497241,-6.88788,-159.282,-5.94687,4.69331,9.58188,-0.851056,8.51157,-159.282,1224,-219.282,Volatile State
1225,11:20:25,-12.8655,13.9821,-92.523,-15.177,-4.02586,-14.8201,-10.2705,-132.725644,-11.1209,-161.022,-6.69036,3.46154,9.73417,-1.62908,7.62152,-161.022,1225,-221.022,Volatile State
1226,11:20:26,-14.5659,14.0651,-93.604,-12.359,-3.70067,-20.529,-10.1151,-121.728722,-14.6122,-163.518,-8.44071,1.70185,9.39572,-1.89743,7.21198,-163.518,1226,-223.518,Volatile State
1227,11:20:27,-14.2373,13.8281,-88.54,-14.549,-1.78106,-25.9554,-9.98929,-106.916942,-18.0055,-162.369,-8.22302,2.04923,8.19966,-1.90923,7.07823,-162.369,1227,-222.369,Volatile State
1228,11:20:28,-15.1834,14.2568,-77.642,-15.519,-2.71494,-30.7714,-8.95103,-92.279404,-20.5825,-162.84,-6.98189,2.55751,7.90169,-1.74992,6.51718,-162.84,1228,-222.84,Volatile State
1229,11:20:29,-17.2302,14.4689,-61.458,-14.102,-1.72386,-36.6471,-9.65883,-94.708421,-23.1033,-161.999,-7.85394,3.4441,8.3833,-1.45297,6.06797,-161.999,1229,-221.999,Volatile State
1230,11:20:30,-17.9519,14.7061,-43.57,-13.214,-0.824841,-43.3363,-11.8595,-110.919917,-25.1251,-162.249,-8.19059,4.48059,8.534,-0.894153,4.3944,-162.249,1230,-222.249,Volatile State
1231,11:20:31,-18.0691,14.2984,-34.22,-15.707,-0.197077,-48.9778,-12.4683,-114.93892,-27.803,-159.692,-8.23718,5.04621,10.1841,-1.15001,1.73661,-159.692,1231,-219.692,Volatile State
1232,11:20:32,-19.2655,13.2688,-36.892,-16.563,-1.37166,-50.9441,-12.717,-112.495582,-30.5631,-154.662,-8.01017,4.72785,10.7148,1.47867,-2.11866,-154.662,1232,-214.662,Volatile State
1233,11:20:33,-21.3064,12.8019,-43.152,-14.277,-1.90911,-51.3704,-11.1485,-111.357491,-34.4351,-148.281,-8.80058,5.49869,11.0177,5.16248,-5.04096,-148.281,1233,-208.281,Volatile State
1234,11:20:34,-23.2424,12.6756,-47.893,-16.285,-1.11186,-51.4709,-9.61901,-106.816679,-35.6068,-140.064,-10.2066,7.51882,10.8808,7.90746,-6.76451,-140.064,1234,-200.064,Volatile State
1235,11:20:35,-25.4912,11.771,-51.28,-13.709,-1.95977,-52.0927,-9.94647,-97.09555,-37.8624,-132.723,-10.4675,9.09628,10.1737,9.327,-7.57952,-132.723,1235,-192.723,Volatile State
1236,11:20:36,-29.2657,10.9638,-54.277,-13.503,-3.14655,-52.5484,-9.70992,-87.635949,-38.6952,-126.591,-9.80929,10.1687,9.30139,9.64263,-7.33165,-126.591,1236,-186.591,Volatile State
1237,11:20:37,-32.6767,10.5096,-56.509,-19.024,-3.99232,-51.8875,-8.796,-81.816089,-39.6761,-120.676,-9.49656,11.5093,10.0327,8.75763,-8.18831,-120.676,1237,-180.676,Volatile State
1238,11:20:38,-35.3381,10.5825,-59.186,-18.465,-4.03968,-53.1802,-7.66883,-74.673742,-39.4538,-114.946,-9.68294,11.0303,11.0181,8.23546,-9.35699,-114.946,1238,-174.946,Volatile State
1239,11:20:39,-35.8232,10.8819,-62.577,-16.255,-3.38912,-55.0645,-6.61169,-77.079269,-38.2324,-109.444,-10.4182,9.69468,9.6651,8.46948,-9.35994,-109.444,1239,-169.44400000000002,Volatile State
1240,11:20:40,-38.3846,11.9357,-66.926,-17.463,-3.77095,-59.1767,-7.13786,-89.84991,-37.8136,-104.94,-11.6322,8.86475,7.40746,7.94345,-8.70342,-104.94,1240,-164.94,Volatile State
1241,11:20:41,-42.4471,13.0405,-71.017,-19.786,-4.06809,-62.6247,-6.98506,-102.139364,-36.4273,-101.922,-13.1937,8.35791,7.78716,6.69734,-10.0264,-101.922,1241,-161.922,Volatile State
1242,11:20:42,-45.9186,12.9758,-76.883,-21.303,-6.10239,-64.0427,-6.74392,-124.608165,-33.5979,-101.252,-15.1685,8.00675,8.34145,4.65325,-10.6091,-101.252,1242,-161.252,Volatile State
1243,11:20:43,-48.621,12.1036,-87.175,-19.483,-8.75934,-64.6036,-5.24792,-149.821654,-31.9519,-100.829,-17.7528,7.7689,10.0162,1.91721,-10.9376,-100.829,1243,-160.829,Volatile State
1244,11:20:44,-47.1414,12.0893,-98.175,-17.62,-10.7684,-65.2177,-5.45697,-154.023632,-28.5723,-101.207,-18.6797,6.98198,11.3422,0.241585,-12.06,-101.207,1244,-161.207,Volatile State
1245,11:20:45,-48.822,12.8618,-106.256,-19.668,-11.363,-64.7167,-4.4243,-146.104958,-27.7976,-102.507,-20.7837,5.90029,9.83467,-1.3704,-13.394,-102.507,1245,-162.507,Volatile State
1246,11:20:46,-51.3031,13.4041,-107.11,-20.765,-11.0804,-66.5135,-4.25036,-132.215147,-25.0066,-104.861,-21.4112,6.55832,8.99335,-2.81971,-13.8455,-104.861,1246,-164.861,Volatile State
1247,11:20:47,-53.1634,14.2436,-102.959,-18.512,-12.7379,-67.7073,-3.51972,-120.060646,-23.3452,-106.91,-21.8488,6.19806,9.46255,-3.74957,-13.8377,-106.91,1247,-166.91,Volatile State
1248,11:20:48,-56.6875,14.8566,-93.435,-18.686,-14.9049,-65.052,-3.46521,-111.406815,-21.3275,-108.18,-22.7379,5.50454,10.9038,-4.31796,-12.5958,-108.18,1248,-168.18,Volatile State
1249,11:20:49,-59.5324,14.8101,-83.79,-25.183,-17.4888,-61.674,-2.05774,-111.82841,-20.0145,-109.743,-23.9169,5.82974,13.7521,-5.17235,-12.0763,-109.743,1249,-169.743,Volatile State
1250,11:20:50,-63.2897,15.3918,-78.631,-23.422,-17.6882,-58.4581,-1.84319,-120.347433,-21.1342,-110.558,-24.7509,5.60729,16.3706,-5.04774,-10.7443,-110.558,1250,-170.558,Volatile State
1251,11:20:51,-65.9931,15.6435,-78.958,-16.576,-17.4562,-56.557,-1.66721,-126.383958,-22.0321,-110.813,-24.994,5.33964,17.5259,-4.88874,-9.10066,-110.813,1251,-170.813,Volatile State
1252,11:20:52,-68.2142,14.5413,-83.654,-13.597,-18.1401,-54.7368,-1.528,-130.17683,-25.0717,-111.889,-24.3668,6.43704,17.5068,-3.87052,-7.97815,-111.889,1252,-171.889,Volatile State
1253,11:20:53,-70.3751,13.729,-89.698,-12.036,-18.3579,-53.0806,-0.635041,-130.333859,-27.0516,-111.269,-22.883,7.3722,16.8399,-2.74557,-6.59362,-111.269,1253,-171.269,Volatile State
1254,11:20:54,-72.3697,13.8331,-96.052,-10.887,-18.1508,-53.8127,1.37241,-125.431048,-28.4491,-110.198,-22.0499,7.422,17.2802,-2.24598,-6.00679,-110.198,1254,-170.19799999999998,Volatile State
1255,11:20:55,-75.2426,13.951,-100.936,-9.765,-18.4812,-54.6887,3.0117,-118.124644,-29.8464,-109.619,-20.1758,6.01473,18.3575,-3.29833,-5.08247,-109.619,1255,-169.619,Volatile State
1256,11:20:56,-77.7084,14.025,-101.067,-9.529,-18.0106,-52.1616,3.98082,-108.459422,-30.778,-111.111,-18.523,5.67901,19.3517,-3.02275,-5.12705,-111.111,1256,-171.111,Volatile State
1257,11:20:57,-79.6896,13.7512,-99.243,-15.424,-18.4772,-49.6344,1.77664,-106.101131,-30.0526,-113.642,-18.1678,6.50312,20.2869,-3.10952,-3.34615,-113.642,1257,-173.642,Volatile State
1258,11:20:58,-80.3689,13.5367,-96.42,-15.207,-19.263,-48.0485,2.29081,-99.563704,-29.0263,-115.053,-17.8281,6.50975,20.0627,-3.08474,-2.05977,-115.053,1258,-175.053,Volatile State
1259,11:20:59,-79.7388,13.9544,-91.847,-14.748,-19.2225,-48.6868,2.97576,-93.026276,-27.107,-116.56,-16.1682,6.64572,18.7003,-3.60105,-1.87458,-116.56,1259,-176.56,Volatile State
1260,11:21:00,-77.8204,14.7704,-85.867,-14.178,-17.9919,-49.2979,1.46146,-86.488849,-24.2674,-115.249,-16.0185,6.74664,18.2598,-4.49061,-0.60994,-115.249,1260,-175.249,Volatile State
1261,11:21:01,-75.2179,15.3621,-79.442,-11.253,-21.349,-49.8981,0.825917,-85.080831,-21.4532,-112.338,-14.9759,6.31164,19.8426,-6.6804,0.481495,-112.338,1261,-172.338,Volatile State
1262,11:21:02,-71.7591,15.3179,-74.101,-9.597,-22.9526,-51.7576,0.581483,-88.127029,-18.6867,-110.399,-14.5761,4.52327,20.9501,-7.80082,1.20746,-110.399,1262,-170.399,Volatile State
1263,11:21:03,-69.3781,14.9229,-66.911,-9.548,-23.6322,-54.6643,2.07406,-87.791296,-16.8817,-109.668,-14.5501,3.05301,20.7777,-9.12554,1.00144,-109.668,1263,-169.668,Volatile State
1264,11:21:04,-67.5561,13.9445,-60.764,-10.465,-23.6354,-59.9696,4.17325,-94.631865,-16.0831,-109.677,-16.0157,0.779582,20.4231,-10.2793,2.21494,-109.677,1264,-169.67700000000002,Volatile State
1265,11:21:05,-65.6227,13.0688,-55.274,-7.653,-24.9819,-67.898,4.22778,-102.127,-15.9167,-109.193,-18.5244,-1.04724,19.3612,-10.1213,3.24209,-109.193,1265,-169.19299999999998,Volatile State
1266,11:21:06,-61.0325,12.7991,-52.919,-6.356,-28.1267,-74.3526,3.05376,-108.92378,-16.0133,-108.423,-18.9483,-2.89917,18.5243,-9.16066,4.82562,-108.423,1266,-168.423,Volatile State
1267,11:21:07,-58.4024,12.4581,-51.795,-6.949,-28.8249,-79.49,3.64961,-108.108879,-16.6991,-109.261,-21.8869,-3.72726,19.2251,-9.01933,4.86082,-109.261,1267,-169.261,Volatile State
1268,11:21:08,-56.8389,11.6367,-51.839,-2.883,-31.1877,-80.8378,1.36453,-112.700114,-17.4562,-112.267,-24.1414,-4.01238,20.4279,-8.49059,5.20452,-112.267,1268,-172.267,Volatile State
1269,11:21:09,-52.1979,10.8139,-51.742,1.146,-31.1244,-81.2601,1.96776,-122.701974,-18.1426,-116.455,-24.8281,-4.64011,21.8701,-10.0666,6.57428,-116.455,1269,-176.45499999999998,Volatile State
1270,11:21:10,-48.9882,10.0156,-51.27,-1.693,-31.8731,-81.3931,2.64989,-126.985346,-19.5156,-120.264,-26.2327,-3.90393,22.8934,-10.6453,6.42544,-120.264,1270,-180.264,Volatile State
1271,11:21:11,-47.8541,9.50137,-48.125,-2.219,-33.4353,-80.6737,3.36273,-125.439087,-21.2465,-123.509,-27.8609,-3.75425,23.7137,-10.8641,5.79153,-123.509,1271,-183.50900000000001,Volatile State
1272,11:21:12,-46.0837,9.3289,-44.241,-1.096,-33.2161,-80.837,2.26833,-117.356624,-22.4453,-124.441,-27.7522,-2.68059,24.418,-10.3015,6.66795,-124.441,1272,-184.441,Volatile State
1273,11:21:13,-46.2956,9.16001,-42.137,-2.637,-32.2789,-82.4994,2.11198,-98.624303,-25.5636,-123.133,-26.8034,-1.36868,25.8968,-9.27728,7.64152,-123.133,1273,-183.13299999999998,Volatile State
1274,11:21:14,-46.3646,10.4474,-37.159,-1.165,-31.6845,-82.3989,4.76459,-81.115438,-27.03,-120.546,-26.2434,0.193693,27.3481,-9.28087,8.84277,-120.546,1274,-180.546,Volatile State
1275,11:21:15,-46.1145,11.8294,-31.421,1.794,-30.8797,-79.5522,3.74757,-79.975773,-27.0895,-118.742,-26.5307,1.91029,28.4,-10.3863,7.92269,-118.742,1275,-178.74200000000002,Volatile State
1276,11:21:16,-43.8429,12.3499,-29.337,-0.469,-29.8575,-75.6897,2.80287,-89.945197,-27.7963,-118.764,-25.6851,3.5974,28.3545,-11.656,7.72827,-118.764,1276,-178.764,Volatile State
1277,11:21:17,-42.9809,11.9501,-27.613,-1.433,-28.4366,-72.6615,-0.401612,-98.542774,-25.9522,-119.544,-24.6223,3.12977,28.3345,-13.8638,7.49533,-119.544,1277,-179.54399999999998,Volatile State
1278,11:21:18,-42.8436,12.0983,-26.162,-1.61,-26.3385,-70.4104,-0.642099,-116.622921,-24.6912,-120.573,-22.8597,3.27936,26.2485,-15.3753,6.94167,-120.573,1278,-180.57299999999998,Volatile State
1279,11:21:19,-42.7272,12.2389,-25.452,-1.258,-23.6269,-71.3977,-0.906683,-135.423403,-21.588,-120.591,-21.0564,3.44335,23.845,-15.8777,7.87862,-120.591,1279,-180.591,Volatile State
1280,11:21:20,-42.8664,12.5345,-26.511,-1.777,-22.7821,-71.9624,-2.36379,-157.722066,-18.7748,-120.008,-21.2776,3.75681,24.2227,-15.632,8.13461,-120.008,1280,-180.00799999999998,Volatile State
1281,11:21:21,-42.8422,13.5149,-29.88,-2.133,-21.4388,-72.6761,-3.41319,-170.479206,-17.9012,-121.654,-20.6058,4.03429,25.5574,-14.8596,9.55156,-121.654,1281,-181.654,Volatile State
1282,11:21:22,-41.9167,14.2282,-37.916,-4.127,-20.3208,-73.6723,-4.49385,-167.270644,-15.0115,-122.792,-21.3635,3.87556,25.2098,-14.7606,8.53963,-122.792,1282,-182.792,Volatile State
1283,11:21:23,-39.0815,14.8381,-45.503,-1.975,-19.2847,-74.0797,-4.87599,-164.062083,-13.178,-123.499,-20.8219,3.88095,23.2698,-15.5112,7.87858,-123.499,1283,-183.499,Volatile State
1284,11:21:24,-36.3892,15.373,-45.884,-2.256,-18.0365,-75.0562,-3.80249,-160.853521,-10.4117,-123.95,-20.6906,5.01224,21.2606,-15.734,7.23046,-123.95,1284,-183.95,Volatile State
1285,11:21:25,-31.6759,15.8513,-39.143,-1.159,-19.0997,-75.8068,-3.94206,-155.876397,-7.73253,-123.972,-21.5288,7.4238,19.1679,-16.2413,6.61278,-123.972,1285,-183.97199999999998,Volatile State
1286,11:21:26,-29.8838,16.1216,-24.52,1.925,-18.7462,-75.9666,-4.3245,-146.868936,-6.35566,-122.649,-22.5809,7.84846,17.0154,-15.2542,6.65735,-122.649,1286,-182.649,Volatile State
1287,11:21:27,-28.4119,15.1956,-9.585,2.548,-18.8689,-76.1643,-6.09535,-135.993642,-4.67949,-119.644,-22.8087,8.01948,16.3653,-14.1112,5.25623,-119.644,1287,-179.644,Volatile State
1288,11:21:28,-25.5027,13.2226,4.424,3.033,-19.3108,-77.8256,-5.28793,-132.003559,-4.08864,-115.126,-24.0676,9.39262,15.5066,-13.0419,3.50754,-115.126,1288,-175.126,Volatile State
1289,11:21:29,-23.6081,11.1245,16.981,6.415,-19.4998,-80.4092,-6.01123,-130.629246,-2.12784,-109.694,-24.7527,11.1656,13.3139,-11.5856,2.07906,-109.694,1289,-169.69400000000002,Volatile State
1290,11:21:30,-21.3312,8.96245,26.002,6.912,-19.7607,-84.495,-6.13437,-123.620438,0.975839,-102.448,-25.0397,11.5812,10.0239,-10.3518,1.74897,-102.448,1290,-162.44799999999998,Volatile State
1291,11:21:31,-22.4576,6.36405,31.439,4.649,-20.9092,-89.7255,-5.76073,-126.043766,3.64737,-95.4325,-23.9735,11.6625,6.97395,-8.55669,1.79167,-95.4325,1291,-155.4325,Volatile State
1292,11:21:32,-24.209,4.3315,31.604,6.602,-21.2165,-94.7739,-4.08001,-122.395712,6.95918,-89.1284,-22.6402,11.5324,4.16198,-7.57376,0.856373,-89.1284,1292,-149.1284,Volatile State
1293,11:21:33,-26.9932,2.74367,28.396,7.336,-22.202,-97.0912,-3.33017,-112.321216,11.6639,-83.357,-22.1433,11.1276,0.937837,-5.76572,2.25123,-83.357,1293,-143.357,Volatile State
1294,11:21:34,-30.3235,1.68689,27.622,6.75,-22.0401,-98.7218,-3.88816,-91.177216,14.9596,-77.2676,-23.3457,10.7353,0.50081,-5.5232,4.69532,-77.2676,1294,-137.26760000000002,Volatile State
1295,11:21:35,-33.3719,0.734739,29.265,6.514,-23.8107,-100.041,-3.08197,-65.048955,17.329,-71.765,-22.7282,11.1719,-0.045334,-4.69489,6.12094,-71.765,1295,-131.765,Volatile State
1296,11:21:36,-36.1357,0.13314,34.538,5.208,-24.2464,-102.67,-2.49666,-53.339078,15.8107,-66.5279,-23.5284,11.2517,-0.493823,-2.8216,6.95481,-66.5279,1296,-126.5279,Volatile State
1297,11:21:37,-39.1671,-0.783116,41.338,4.51,-24.7434,-105.293,-2.80891,-56.84158,17.0172,-62.3442,-24.6313,10.422,-1.12354,-1.51825,7.28153,-62.3442,1297,-122.3442,Volatile State
1298,11:21:38,-42.2062,-1.54473,49.65,3.564,-25.3557,-106.805,-4.14863,-66.493944,17.9166,-58.8485,-24.0588,9.93985,-0.824969,0.098466,7.15841,-58.8485,1298,-118.8485,Volatile State
1299,11:21:39,-46.8016,-2.33959,56.78,4.111,-26.9645,-106.89,-1.29898,-79.524598,21.0471,-58.4482,-25.1703,11.151,1.71592,-0.326065,7.79979,-58.4482,1299,-118.4482,Volatile State
1300,11:21:40,-50.0,-3.48321,61.764,3.21,-26.5265,-106.231,1.17711,-95.289011,26.6523,-59.1352,-25.6961,10.7419,4.70266,-2.11898,8.14636,-59.1352,1300,-119.1352,Volatile State
1301,11:21:41,-52.4606,-4.06732,63.388,-0.187,-26.2376,-105.978,3.90953,-111.053423,31.1363,-59.718,-27.3917,9.89213,8.26428,-4.50209,8.19998,-59.718,1301,-119.718,Volatile State
1302,11:21:42,-56.0494,-4.7994,60.55,-1.328,-25.6306,-105.866,4.58172,-126.817836,35.8563,-60.9235,-28.3462,9.59416,10.1664,-5.68329,8.96781,-60.9235,1302,-120.92349999999999,Volatile State
1303,11:21:43,-58.1032,-5.66448,56.102,-0.628,-23.8921,-105.683,1.8974,-139.817478,40.7131,-62.9691,-30.3919,10.2437,10.8849,-4.63477,8.38074,-62.9691,1303,-122.9691,Volatile State
1304,11:21:44,-62.0053,-5.93533,56.942,-1.615,-24.1708,-103.635,0.547646,-161.274835,44.6264,-66.1628,-30.2116,9.06677,11.5267,-1.53146,7.23176,-66.1628,1304,-126.1628,Volatile State
1305,11:21:45,-64.1905,-6.51162,62.732,-2.591,-22.8684,-101.317,0.991775,-156.376357,48.1044,-69.602,-29.0287,8.37761,10.5944,-0.045721,7.17608,-69.602,1305,-129.602,Volatile State
1306,11:21:46,-65.6206,-6.70284,72.032,-2.028,-22.2124,-98.1555,0.297352,-151.47788,49.5354,-70.6062,-26.4652,8.06397,10.1875,0.228204,8.43763,-70.6062,1306,-130.6062,Volatile State
1307,11:21:47,-67.3273,-6.79733,80.369,-6.056,-20.2398,-94.3277,0.931397,-146.579402,50.722,-69.7881,-24.0759,7.47008,12.6432,-0.742303,10.3674,-69.7881,1307,-129.7881,Volatile State
1308,11:21:48,-69.7358,-6.19095,88.921,-7.805,-19.1382,-89.5044,1.62305,-132.706205,52.0079,-67.705,-22.6142,7.68391,12.8137,-0.939015,13.0289,-67.705,1308,-127.705,Volatile State
1309,11:21:49,-70.3327,-5.93785,99.354,-6.025,-17.6011,-83.8503,2.62625,-126.045789,52.0463,-65.1434,-23.3196,6.81397,13.6135,1.06306,14.7289,-65.1434,1309,-125.1434,Volatile State
1310,11:21:50,-70.5779,-5.82918,109.737,-7.673,-16.5864,-77.6117,4.20307,-129.955835,51.404,-62.8234,-22.9057,4.74114,10.9849,4.67474,15.2005,-62.8234,1310,-122.82339999999999,Volatile State
1311,11:21:51,-70.3447,-5.37861,117.247,-9.213,-15.117,-72.2879,1.60201,-138.733452,49.0468,-60.4998,-22.8682,2.47149,9.53682,7.02208,16.8734,-60.4998,1311,-120.4998,Volatile State
1312,11:21:52,-71.3908,-5.16834,120.99,-6.772,-14.3749,-68.9002,1.93307,-140.781116,48.0162,-58.139,-22.3565,0.893308,9.42069,7.69247,19.4686,-58.139,1312,-118.13900000000001,Volatile State
1313,11:21:53,-71.9433,-4.73352,119.992,-5.019,-14.3554,-64.173,2.04192,-140.051117,45.0984,-57.0784,-20.8556,1.02684,10.5923,6.84907,21.7893,-57.0784,1313,-117.0784,Volatile State
1314,11:21:54,-71.9587,-4.01638,116.024,-8.176,-13.5658,-59.794,1.07501,-131.763687,42.5677,-57.5168,-20.1125,1.01915,13.3081,6.25288,22.2006,-57.5168,1314,-117.5168,Volatile State
1315,11:21:55,-71.8508,-2.88083,111.99,-14.45,-13.1314,-54.9119,-0.215631,-119.51565,39.2849,-58.7065,-20.0919,1.16271,15.5806,6.42176,21.0588,-58.7065,1315,-118.7065,Volatile State
1316,11:21:56,-71.8386,-1.94903,108.572,-13.418,-12.5321,-51.5158,-0.839459,-106.185931,36.9857,-60.1851,-19.1114,2.83081,16.4012,6.8206,18.7695,-60.1851,1316,-120.1851,Volatile State
1317,11:21:57,-71.833,-2.15885,106.545,-9.634,-12.8699,-49.1444,-2.79178,-121.274785,32.9854,-62.5477,-19.903,5.02675,15.5385,7.47915,17.1349,-62.5477,1317,-122.54769999999999,Volatile State
1318,11:21:58,-72.9309,-2.31064,105.319,-12.424,-13.0421,-46.9617,-1.48988,-136.363638,28.554,-65.9713,-20.2907,5.95938,14.7068,6.7938,16.4733,-65.9713,1318,-125.9713,Volatile State
1319,11:21:59,-74.7936,-2.07994,105.187,-14.323,-13.4029,-42.4741,-2.32045,-151.452492,23.4605,-71.6308,-19.6404,7.9462,15.4866,6.65935,16.688,-71.6308,1319,-131.6308,Volatile State
1320,11:22:00,-76.4022,-2.0248,104.55,-12.503,-14.2884,-37.1121,-1.04148,-166.85104,17.3805,-76.1388,-18.5944,8.9288,18.8362,6.33077,16.5205,-76.1388,1320,-136.1388,Volatile State
1321,11:22:01,-77.502,-2.31285,105.976,-11.232,-16.3746,-33.222,-0.606781,-161.1959,10.4402,-79.4515,-18.4463,9.01529,19.7595,5.81625,14.6237,-79.4515,1321,-139.4515,Volatile State
1322,11:22:02,-77.8801,-2.03399,107.122,-11.537,-17.2819,-31.2053,0.655872,-136.650467,4.71314,-83.3831,-19.3247,9.88858,19.5461,5.09059,10.9972,-83.3831,1322,-143.3831,Volatile State
1323,11:22:03,-77.5987,-1.60261,108.856,-10.764,-20.4938,-29.7338,1.13154,-107.517269,0.35596,-85.4629,-21.8989,11.9477,18.0823,5.10796,9.07907,-85.4629,1323,-145.4629,Volatile State
1324,11:22:04,-76.3008,-1.44488,112.006,-8.088,-20.8133,-28.1506,1.32364,-87.82109,-6.28198,-87.9296,-24.6169,13.5849,16.2946,5.05566,8.07528,-87.9296,1324,-147.9296,Volatile State
1325,11:22:05,-73.3051,-0.909741,118.857,-5.007,-20.0506,-26.8851,1.46036,-79.052772,-10.7335,-89.4864,-26.6344,13.4997,15.3473,4.83773,7.71315,-89.4864,1325,-149.4864,Volatile State
1326,11:22:06,-70.4941,0.029393,130.545,-5.485,-21.152,-25.026,1.18525,-68.763869,-16.3231,-91.7956,-26.3209,13.2976,15.9737,5.16615,7.82875,-91.7956,1326,-151.79559999999998,Volatile State
1327,11:22:07,-65.7926,0.774622,140.366,-6.24,-22.8535,-23.606,2.46083,-76.466451,-20.021,-94.1441,-24.6234,13.0489,16.6512,4.68754,5.58727,-94.1441,1327,-154.14409999999998,Volatile State
1328,11:22:08,-61.1016,1.48599,149.31,-5.085,-24.6822,-23.429,3.45104,-79.424322,-23.8408,-96.0267,-23.8538,12.2828,15.1104,4.92985,4.3256,-96.0267,1328,-156.0267,Volatile State
1329,11:22:09,-56.6816,1.61708,156.612,-4.894,-24.5359,-24.3486,1.55885,-84.293578,-27.2194,-97.4164,-24.2266,9.68263,14.558,5.30782,3.98769,-97.4164,1329,-157.4164,Volatile State
1330,11:22:10,-54.7244,2.09005,163.767,-2.382,-24.3312,-26.9223,1.52924,-81.680337,-31.6739,-97.6744,-26.4023,6.2692,14.7263,6.46351,6.06392,-97.6744,1330,-157.6744,Volatile State
1331,11:22:11,-54.807,2.72568,168.454,0.214,-25.1914,-30.369,0.937739,-83.523372,-32.5276,-98.0243,-26.5702,3.84262,14.7394,6.32868,7.09472,-98.0243,1331,-158.02429999999998,Volatile State
1332,11:22:12,-53.188,2.15469,167.953,1.357,-24.4667,-32.1924,1.10666,-96.781126,-34.4195,-95.3351,-25.7731,2.06883,15.1858,5.29781,6.68462,-95.3351,1332,-155.3351,Volatile State
1333,11:22:13,-51.3601,1.40726,164.899,3.682,-23.9609,-32.8383,2.26443,-109.605822,-36.4011,-91.6239,-25.3075,-0.133654,17.086,5.28939,5.25343,-91.6239,1333,-151.6239,Volatile State
1334,11:22:14,-50.5519,0.639701,159.256,3.496,-23.3133,-33.6727,0.024412,-120.594496,-38.0993,-86.9112,-24.3302,-4.02249,19.3545,4.87301,5.10934,-86.9112,1334,-146.9112,Volatile State
1335,11:22:15,-48.3373,1.3478,154.569,0.447,-22.5814,-36.551,-0.289239,-119.051743,-41.093,-83.6786,-23.3934,-7.76059,19.9899,3.88309,4.62437,-83.6786,1335,-143.67860000000002,Volatile State
1336,11:22:16,-45.4733,1.66623,155.709,-0.287,-21.7332,-36.2802,-0.917536,-109.190971,-43.4164,-81.4849,-23.3778,-11.7741,19.9256,2.31018,4.87209,-81.4849,1336,-141.48489999999998,Volatile State
1337,11:22:17,-45.765,1.33789,159.266,1.518,-20.7588,-36.2047,-2.02484,-99.330198,-43.9593,-78.5694,-22.7964,-14.1912,18.8555,1.29935,5.47498,-78.5694,1337,-138.5694,Volatile State
1338,11:22:18,-46.1702,0.978452,163.836,3.212,-20.9697,-40.0964,-2.57917,-89.469426,-44.4854,-76.1696,-24.5991,-15.1949,19.4833,2.12827,5.83443,-76.1696,1338,-136.1696,Volatile State
1339,11:22:19,-46.2917,0.391337,167.249,5.224,-21.8129,-45.2482,-3.90978,-79.363052,-44.5021,-74.3702,-26.4118,-17.2705,20.9761,1.01386,5.49946,-74.3702,1339,-134.3702,Volatile State
1340,11:22:20,-45.1676,0.156471,170.322,7.179,-21.6175,-52.2998,-2.91886,-86.067424,-44.1113,-71.9801,-27.2707,-19.3375,23.4553,0.243924,4.77967,-71.9801,1340,-131.9801,Volatile State
1341,11:22:21,-46.8579,1.07215,173.787,4.752,-21.7967,-55.3395,-2.03915,-90.125247,-42.7561,-70.4897,-27.9628,-21.5721,24.8684,-1.20015,5.70158,-70.4897,1341,-130.4897,Volatile State
1342,11:22:22,-47.4203,1.83093,182.403,4.455,-21.92,-57.9742,-2.52228,-83.31131,-41.2907,-68.8053,-26.8089,-22.7788,24.982,-2.9122,5.85555,-68.8053,1342,-128.8053,Volatile State
1343,11:22:23,-46.0365,1.7924,189.448,5.607,-22.808,-61.8098,-3.59203,-71.354805,-39.2009,-68.3551,-26.9823,-23.3725,23.6804,-2.54332,6.21427,-68.3551,1343,-128.3551,Volatile State
1344,11:22:24,-46.6332,1.68967,194.259,7.47,-23.761,-65.5581,-3.26,-60.475244,-37.0504,-70.0873,-27.8922,-24.0769,22.9584,-1.86865,6.80242,-70.0873,1344,-130.0873,Volatile State
1345,11:22:25,-48.4277,1.38042,197.655,4.523,-23.5595,-67.46,-1.78672,-61.599249,-33.8288,-71.7165,-28.566,-23.5831,24.417,-0.905883,6.13792,-71.7165,1345,-131.7165,Volatile State
1346,11:22:26,-49.8014,1.11547,201.445,5.113,-23.0239,-69.4416,-2.18602,-64.393262,-30.3206,-74.3372,-29.7992,-22.7172,25.0462,0.647336,4.74681,-74.3372,1346,-134.3372,Volatile State
1347,11:22:27,-49.5595,0.66022,202.735,7.231,-23.0153,-71.555,-3.41703,-64.877029,-26.7183,-78.4262,-30.5192,-21.7445,23.5785,2.5261,2.09892,-78.4262,1347,-138.4262,Volatile State
1348,11:22:28,-52.3759,-0.167439,200.337,4.581,-23.7011,-73.8619,-2.92169,-67.663057,-23.2428,-80.7224,-29.108,-21.3896,21.4777,4.27753,1.12556,-80.7224,1348,-140.7224,Volatile State
1349,11:22:29,-57.6474,-1.34402,197.312,7.289,-23.1368,-73.2986,-3.8373,-71.76717,-19.3466,-83.2715,-26.2658,-22.2613,20.47,4.87852,0.036154,-83.2715,1349,-143.2715,Volatile State
1350,11:22:30,-62.0176,-2.76767,197.112,4.571,-22.4547,-72.0138,-6.37378,-82.75785,-15.3168,-84.4606,-22.8981,-23.4197,18.1879,5.92672,-0.536692,-84.4606,1350,-144.4606,Volatile State
1351,11:22:31,-65.6809,-4.39152,198.053,6.72,-22.8534,-69.1479,-6.92935,-109.946081,-9.35099,-84.2916,-20.5196,-24.8463,16.0047,5.79433,-0.405447,-84.2916,1351,-144.29160000000002,Volatile State
1352,11:22:32,-67.3926,-4.99757,199.698,9.349,-23.3612,-67.3132,-6.84619,-147.933538,-5.85732,-82.8646,-19.4448,-25.3777,14.532,6.50597,-0.824358,-82.8646,1352,-142.8646,Volatile State
1353,11:22:33,-68.2195,-5.55877,203.484,8.877,-21.5359,-67.1333,-7.46283,-189.530083,-1.61482,-81.9627,-18.3664,-24.817,14.5332,7.47986,-0.291085,-81.9627,1353,-141.96269999999998,Volatile State
1354,11:22:34,-70.8721,-7.0063,208.011,4.261,-19.1478,-65.8567,-6.01503,-213.768405,0.943723,-79.4348,-18.1945,-23.8155,15.6082,9.50251,0.69407,-79.4348,1354,-139.4348,Volatile State
1355,11:22:35,-69.1163,-8.21372,209.875,4.653,-18.528,-62.692,-4.42371,-217.828409,3.28819,-77.391,-17.3914,-23.0068,16.5876,9.99951,2.92059,-77.391,1355,-137.39100000000002,Volatile State
1356,11:22:36,-70.8068,-9.34888,206.482,5.205,-19.0129,-59.4059,-4.514,-205.443734,6.03162,-76.9053,-17.6113,-23.5243,16.7246,8.53993,3.35284,-76.9053,1356,-136.9053,Volatile State
1357,11:22:37,-72.0927,-10.0753,201.145,6.049,-20.1675,-58.8455,-5.85401,-178.372837,9.10013,-76.4487,-17.4971,-22.6638,15.5796,6.22018,2.83447,-76.4487,1357,-136.4487,Volatile State
1358,11:22:38,-72.3743,-11.446,191.657,4.26,-18.9309,-58.6698,-6.17769,-164.048358,10.1222,-76.553,-16.5457,-21.1665,14.708,4.47451,2.20172,-76.553,1358,-136.553,Volatile State
1359,11:22:39,-72.1472,-12.2686,180.518,4.256,-19.9542,-58.8664,-5.7266,-144.065695,11.9671,-75.9695,-16.3589,-20.3309,13.4661,3.45707,1.72694,-75.9695,1359,-135.96949999999998,Volatile State
1360,11:22:40,-73.6487,-13.193,170.974,7.374,-19.0238,-59.3823,-7.08006,-118.576923,11.6307,-76.8768,-17.5626,-20.1729,11.8502,4.436,0.848814,-76.8768,1360,-136.8768,Volatile State
1361,11:22:41,-76.3275,-14.0896,163.762,7.325,-21.0103,-58.9148,-7.47821,-90.402638,13.2621,-78.582,-19.4422,-19.4177,9.94216,3.58526,0.423797,-78.582,1361,-138.582,Volatile State
1362,11:22:42,-78.8244,-15.1515,161.903,3.488,-20.6445,-60.7332,-5.35952,-75.690236,15.8667,-80.1873,-20.58,-17.4111,7.87802,1.04495,-0.186935,-80.1873,1362,-140.1873,Volatile State
1363,11:22:43,-81.2089,-15.9553,167.15,3.415,-22.8016,-61.1411,-4.61754,-70.118585,18.9973,-80.3229,-20.5664,-16.3879,7.27056,-1.74668,-1.80951,-80.3229,1363,-140.3229,Volatile State
1364,11:22:44,-84.3963,-17.2388,179.866,2.247,-24.1125,-59.5921,-3.35252,-72.397267,23.463,-80.5954,-20.7421,-15.9038,6.36687,-2.26187,-3.77323,-80.5954,1364,-140.59539999999998,Volatile State
1365,11:22:45,-88.5635,-18.563,194.597,0.785,-25.24,-59.6251,-3.52087,-67.604089,25.6425,-80.8318,-20.2606,-17.5243,6.29339,-2.82822,-4.35434,-80.8318,1365,-140.8318,Volatile State
1366,11:22:46,-91.401,-19.1997,208.213,-1.09,-25.7124,-61.0125,-5.86477,-65.843316,28.1974,-79.8169,-18.858,-18.4375,7.60131,-1.51817,-3.03581,-79.8169,1366,-139.8169,Volatile State
1367,11:22:47,-90.4332,-18.5301,214.195,-2.831,-26.1684,-61.3183,-6.01688,-56.06618,30.9349,-79.4906,-19.0437,-17.5166,7.09052,-0.199898,-1.6974,-79.4906,1367,-139.4906,Volatile State
1368,11:22:48,-90.8356,-17.4121,210.306,-5.87,-26.4024,-57.4203,-7.02315,-59.167924,33.5814,-77.8388,-19.7468,-17.3588,7.3674,0.989972,-0.672033,-77.8388,1368,-137.8388,Volatile State
1369,11:22:49,-91.1452,-17.0138,201.623,-6.699,-26.5311,-53.5478,-6.5622,-62.965535,35.9475,-75.9031,-19.7742,-18.1118,6.51987,0.298069,-0.190012,-75.9031,1369,-135.9031,Volatile State
1370,11:22:50,-92.1179,-17.025,192.409,-10.264,-27.6835,-51.0051,-6.97574,-58.457268,37.8597,-74.9799,-20.6777,-18.8498,8.17004,0.915385,0.125694,-74.9799,1370,-134.9799,Volatile State
1371,11:22:51,-92.6384,-17.5617,188.251,-10.87,-26.5493,-48.4816,-8.29726,-52.607465,39.5086,-72.78,-20.6523,-18.9245,8.395,1.91688,0.964535,-72.78,1371,-132.78,Volatile State
1372,11:22:52,-93.6157,-18.0673,188.061,-13.47,-26.5996,-46.1339,-8.78266,-46.308697,41.9737,-71.5983,-21.3581,-17.0372,10.155,4.35863,1.64559,-71.5983,1372,-131.5983,Volatile State
1373,11:22:53,-97.3922,-18.5545,192.222,-15.264,-26.4801,-45.1994,-10.8448,-41.752129,41.3006,-68.8288,-21.1105,-16.6291,11.9227,5.82592,4.90608,-68.8288,1373,-128.8288,Volatile State
1374,11:22:54,-99.8585,-19.0814,194.474,-15.675,-24.3384,-43.7633,-12.4236,-44.5301,41.8939,-65.8444,-21.181,-17.2759,13.1319,7.18763,8.3589,-65.8444,1374,-125.8444,Volatile State
1375,11:22:55,-102.075,-18.7437,192.584,-16.721,-24.0165,-42.1429,-13.7401,-51.973432,40.4235,-63.6531,-21.6481,-19.1191,13.961,9.01784,9.50071,-63.6531,1375,-123.6531,Volatile State
1376,11:22:56,-103.954,-17.4983,187.011,-15.2,-23.921,-42.935,-13.5858,-51.981828,38.4841,-62.1189,-22.0634,-18.7123,14.3972,8.31477,10.5951,-62.1189,1376,-122.1189,Volatile State
1377,11:22:57,-105.548,-17.3204,179.292,-13.377,-23.4001,-41.9797,-11.2339,-61.329785,37.5118,-59.6224,-21.8462,-18.0842,15.7395,7.19293,12.3898,-59.6224,1377,-119.6224,Volatile State
1378,11:22:58,-106.534,-18.1245,170.831,-12.498,-22.8135,-40.4429,-11.3002,-74.292129,37.292,-55.8157,-20.6249,-18.6059,18.7546,8.64244,13.8516,-55.8157,1378,-115.81569999999999,Volatile State
1379,11:22:59,-108.2,-19.0961,163.456,-12.401,-24.4327,-38.5267,-10.2219,-101.651862,34.8853,-51.1297,-18.8338,-20.0216,21.3254,9.86472,14.8798,-51.1297,1379,-111.1297,Volatile State
1380,11:23:00,-109.406,-20.2845,159.727,-11.933,-25.9095,-36.2846,-9.61806,-141.595544,32.4217,-46.9754,-18.5305,-20.1215,21.6338,12.022,16.2505,-46.9754,1380,-106.97540000000001,Volatile State
1381,11:23:01,-110.82,-21.0236,158.846,-12.827,-26.5521,-36.7084,-10.398,-172.882029,28.4861,-43.7278,-18.8813,-18.0679,22.0663,12.2609,17.4669,-43.7278,1381,-103.7278,Volatile State
1382,11:23:02,-112.599,-21.147,157.102,-12.249,-26.6438,-38.2666,-11.9473,-174.70648,24.0704,-43.4405,-18.4038,-16.0596,22.9095,11.0649,17.169,-43.4405,1382,-103.4405,Volatile State
1383,11:23:03,-115.124,-20.8421,154.129,-7.397,-29.1539,-41.0121,-14.2656,-167.059696,18.501,-44.2056,-17.5225,-15.9839,24.0852,9.94201,16.361,-44.2056,1383,-104.2056,Volatile State
1384,11:23:04,-117.582,-20.3132,151.455,-4.928,-31.1471,-43.8121,-16.4064,-151.220859,11.6432,-44.9483,-17.5589,-16.8332,24.6909,9.66709,16.8799,-44.9483,1384,-104.9483,Volatile State
1385,11:23:05,-117.84,-20.1751,149.822,-4.795,-31.8192,-45.8916,-16.6285,-130.162868,6.03523,-46.229,-16.9839,-16.2495,26.685,12.5281,19.2517,-46.229,1385,-106.229,Volatile State
1386,11:23:06,-119.516,-20.7159,151.499,-2.588,-31.9648,-46.3525,-15.6847,-103.430119,1.96439,-46.9755,-15.282,-14.7145,29.244,15.3794,23.304,-46.9755,1386,-106.9755,Volatile State
1387,11:23:07,-119.328,-21.3106,159.372,3.769,-33.7991,-46.7082,-15.8907,-72.190529,-1.01299,-46.4766,-15.1796,-13.0564,30.8251,16.4648,26.6879,-46.4766,1387,-106.47659999999999,Volatile State
1388,11:23:08,-119.515,-21.5699,170.198,6.082,-33.7322,-49.4696,-14.7526,-40.786725,-0.785341,-46.979,-15.6217,-13.3761,29.7541,17.3367,27.6609,-46.979,1388,-106.979,Volatile State
1389,11:23:09,-119.794,-21.6409,183.72,4.011,-32.9851,-51.996,-14.6121,-15.505286,-1.06599,-47.4949,-15.0908,-14.2663,31.1587,16.833,27.9399,-47.4949,1389,-107.4949,Volatile State
1390,11:23:10,-121.196,-21.6609,191.843,5.445,-32.6844,-54.5041,-12.9821,-5.058035,-1.33737,-46.631,-14.1203,-13.519,32.0389,17.9805,30.0073,-46.631,1390,-106.631,Volatile State
1391,11:23:11,-122.008,-21.6571,191.265,8.777,-33.269,-57.9782,-14.1236,-4.126758,-1.52146,-44.1911,-14.863,-13.0606,32.1971,19.4755,32.1715,-44.1911,1391,-104.1911,Volatile State
1392,11:23:12,-123.274,-21.2536,184.847,9.76,-32.3579,-58.7659,-11.4964,-2.924307,-1.50615,-41.425,-15.99,-12.9091,30.658,20.3979,33.8777,-41.425,1392,-101.425,Volatile State
1393,11:23:13,-121.539,-20.6452,177.762,10.408,-33.1631,-58.868,-10.4571,-9.077265,-1.4895,-39.2986,-17.7149,-13.9429,29.9263,21.8619,33.4907,-39.2986,1393,-99.2986,Volatile State
1394,11:23:14,-119.088,-20.0637,175.34,10.736,-33.1729,-58.0833,-11.1119,-27.940459,-1.16572,-36.9595,-18.6826,-13.6928,29.6883,21.8129,31.9646,-36.9595,1394,-96.95949999999999,Volatile State
1395,11:23:15,-116.08,-19.3738,172.799,11.006,-29.91,-57.553,-10.3336,-40.942765,-1.84911,-32.8009,-19.5245,-11.939,28.3115,21.111,30.4336,-32.8009,1395,-92.8009,Volatile State
1396,11:23:16,-111.853,-18.6536,172.566,12.333,-27.8425,-57.1243,-10.1822,-38.280668,-0.77419,-29.6452,-20.052,-10.9326,25.9162,20.1017,29.6244,-29.6452,1396,-89.6452,Volatile State
1397,11:23:17,-108.271,-18.1861,173.535,12.243,-27.3566,-56.9658,-9.6038,-20.263059,-1.78706,-26.8435,-20.0614,-10.9403,24.5118,18.4816,28.8489,-26.8435,1397,-86.8435,Volatile State
1398,11:23:18,-104.653,-18.9388,172.402,9.457,-25.8607,-55.202,-8.8026,-4.916604,-1.16819,-25.5366,-20.3033,-10.6464,23.9093,18.8253,29.1947,-25.5366,1398,-85.53659999999999,Volatile State
1399,11:23:19,-101.465,-20.3877,164.844,10.465,-24.1139,-51.9721,-9.94177,-0.888214,-1.77029,-26.0919,-21.9856,-9.95336,22.5499,19.0694,27.8507,-26.0919,1399,-86.0919,Volatile State
1400,11:23:20,-99.2492,-21.6517,151.415,15.303,-22.6642,-50.1919,-9.08706,1.222387,-1.29632,-27.0072,-24.701,-8.68653,20.5908,19.4222,25.2991,-27.0072,1400,-87.0072,Volatile State
1401,11:23:21,-95.9204,-22.05,138.063,14.122,-21.8155,-49.73,-7.21394,-9.94739,-0.990363,-29.3798,-25.6392,-7.05488,20.3907,17.9226,22.96,-29.3798,1401,-89.3798,Volatile State
1402,11:23:22,-91.6269,-21.7219,125.013,12.941,-22.914,-50.1383,-5.63838,-10.272632,-0.706917,-33.4934,-25.6004,-6.40325,19.6137,16.681,22.8467,-33.4934,1402,-93.49340000000001,Volatile State
1403,11:23:23,-88.9109,-21.2021,114.027,11.76,-20.5056,-52.0723,-5.29926,-7.281384,1.89456,-38.03,-27.1497,-5.62718,17.8519,16.0231,23.4199,-38.03,1403,-98.03,Volatile State
1404,11:23:24,-84.6636,-21.2,102.519,15.303,-22.7424,-55.0253,-5.10625,-1.575497,3.82201,-43.6401,-27.8079,-5.22466,16.2153,15.8686,22.7298,-43.6401,1404,-103.64009999999999,Volatile State
1405,11:23:25,-81.5772,-21.6751,88.277,13.296,-23.4672,-56.6137,-3.66527,-0.301804,6.10938,-48.6758,-28.1326,-4.58144,13.4576,15.6897,21.1929,-48.6758,1405,-108.67580000000001,Volatile State
1406,11:23:26,-78.6586,-22.0736,74.275,8.092,-25.8906,-58.3565,-4.86261,-2.614922,5.74478,-54.3298,-27.6143,-4.93978,11.525,16.1671,20.2452,-54.3298,1406,-114.3298,Volatile State
1407,11:23:27,-75.5714,-21.5868,66.475,5.875,-26.9063,-61.1309,-6.67441,-12.473216,7.40458,-59.784,-26.6248,-6.34226,11.1829,15.6981,20.043,-59.784,1407,-119.78399999999999,Volatile State
1408,11:23:28,-73.0195,-21.2126,69.989,6.327,-30.0245,-63.5841,-9.48645,-27.104642,7.12801,-64.5438,-25.5372,-6.11599,11.801,15.3941,20.8648,-64.5438,1408,-124.5438,Volatile State
1409,11:23:29,-68.4747,-20.8773,80.447,5.559,-32.2693,-65.5652,-10.5201,-45.77467,6.95343,-68.0102,-25.0722,-5.07563,11.9527,14.7867,22.2927,-68.0102,1409,-128.0102,Volatile State
1410,11:23:30,-66.8926,-21.7823,86.153,1.649,-32.4527,-68.5809,-8.40165,-70.174483,5.92453,-68.5809,-25.1908,-3.92062,12.6761,15.2207,21.8883,-68.5809,1410,-128.58089999999999,Volatile State
1411,11:23:31,-66.3517,-22.5631,84.393,1.747,-31.4147,-69.2289,-8.86527,-84.937251,6.84972,-69.7029,-25.0949,-3.01007,12.2426,15.0634,21.2738,-69.7029,1411,-129.7029,Volatile State
1412,11:23:32,-63.4576,-22.0835,77.815,4.086,-30.2684,-66.131,-10.2053,-78.763985,8.36612,-67.7615,-25.3719,-1.79999,11.361,14.0897,19.4735,-67.7615,1412,-127.7615,Volatile State
1413,11:23:33,-61.2795,-20.6672,69.245,6.444,-28.4385,-62.2817,-10.1152,-73.928251,7.94599,-65.725,-26.4269,-1.6689,9.82255,13.2174,19.9696,-65.725,1413,-125.725,Volatile State
1414,11:23:34,-56.7693,-19.5544,60.571,4.81,-28.0508,-57.7422,-9.05249,-79.830937,5.91641,-63.3859,-26.8209,-1.48845,10.1268,12.0552,21.0193,-63.3859,1414,-123.38589999999999,Volatile State
1415,11:23:35,-52.3165,-18.5775,53.587,3.629,-26.1903,-54.5109,-9.36291,-76.800418,3.7702,-61.4274,-28.0674,-2.05286,11.1586,10.3235,20.5754,-61.4274,1415,-121.4274,Volatile State
1416,11:23:36,-45.3985,-18.3319,52.886,3.531,-23.7277,-51.2829,-8.56094,-60.458232,-0.630129,-61.28,-28.1423,-1.41784,11.8487,9.22382,18.4222,-61.28,1416,-121.28,Volatile State
1417,11:23:37,-40.1349,-18.948,56.161,2.631,-22.6038,-49.6027,-3.81617,-31.016326,-3.14186,-62.711,-28.397,0.072243,9.50437,8.98593,15.7118,-62.711,1417,-122.711,Volatile State
1418,11:23:38,-33.9547,-19.7037,62.067,0.946,-21.5303,-49.7011,-1.88492,-11.981098,-8.55914,-62.9984,-28.0902,2.36431,6.16856,7.93638,14.0035,-62.9984,1418,-122.9984,Volatile State
1419,11:23:39,-28.7357,-20.2708,69.207,-1.886,-20.5523,-47.7023,-2.13312,3.535593,-9.94816,-63.0027,-28.9623,4.02284,4.18248,6.31103,13.8401,-63.0027,1419,-123.0027,Volatile State
1420,11:23:40,-22.9712,-21.2656,69.632,-0.274,-20.767,-44.9488,-1.34959,12.875006,-13.789,-63.4833,-29.3015,4.43854,3.20963,6.13326,14.6883,-63.4833,1420,-123.4833,Volatile State
1421,11:23:41,-17.8419,-22.5514,63.676,1.417,-22.4881,-41.0441,-1.37177,19.15917,-16.1612,-63.7742,-27.5539,5.24993,1.99943,6.59107,15.8348,-63.7742,1421,-123.77420000000001,Volatile State
1422,11:23:42,-13.4654,-22.5779,56.26,2.003,-22.9525,-37.9945,-2.9317,20.407316,-18.2179,-63.7031,-25.912,4.06163,0.728505,6.91763,15.7097,-63.7031,1422,-123.7031,Volatile State
1423,11:23:43,-8.37009,-21.9667,46.933,-2.298,-23.845,-35.7722,-2.84892,21.812712,-20.4284,-62.3431,-26.5941,1.7381,-0.249009,7.16867,13.807,-62.3431,1423,-122.34309999999999,Volatile State
1424,11:23:44,-4.60013,-21.2614,36.246,-4.033,-23.3159,-35.4438,-2.39311,26.38872,-21.8251,-60.7352,-26.9015,0.178557,-1.79378,7.24371,14.872,-60.7352,1424,-120.73519999999999,Volatile State
1425,11:23:45,2.26328,-21.1243,29.187,-2.132,-23.7403,-35.9184,-0.706088,24.821381,-23.8464,-57.9146,-26.4294,0.407988,-1.79195,8.07154,17.3731,-57.9146,1425,-117.91460000000001,Volatile State
1426,11:23:46,7.96512,-20.8288,27.771,-1.626,-23.6656,-39.0584,1.74665,15.554917,-23.5383,-57.1884,-25.8434,-0.107241,0.216018,9.09268,17.9868,-57.1884,1426,-117.1884,Volatile State
1427,11:23:47,13.7897,-20.7891,35.128,0.575,-24.7649,-43.6557,1.35092,3.863214,-24.0591,-57.0834,-25.6195,-1.27056,3.01305,9.41495,18.5146,-57.0834,1427,-117.0834,Volatile State
1428,11:23:48,19.8954,-21.0671,46.615,1.368,-25.5661,-45.695,1.94972,-17.719464,-24.0667,-57.5516,-25.5282,-3.14025,5.21043,8.72027,18.7151,-57.5516,1428,-117.55160000000001,Volatile State
1429,11:23:49,26.971,-21.1725,56.756,2.783,-23.1531,-45.6777,0.243088,-35.388926,-24.4839,-57.1617,-24.9741,-5.30792,6.99481,8.23046,17.4171,-57.1617,1429,-117.1617,Volatile State
1430,11:23:50,34.548,-21.281,59.76,3.341,-23.4724,-44.8635,0.162209,-56.277575,-25.6373,-59.5445,-24.4623,-8.32019,7.92199,8.34393,15.3276,-59.5445,1430,-119.5445,Volatile State
1431,11:23:51,40.7247,-21.0654,57.865,2.571,-23.974,-45.9627,1.0653,-68.866051,-28.9404,-63.4917,-23.8885,-10.3757,8.97899,7.70431,15.141,-63.4917,1431,-123.49170000000001,Volatile State
1432,11:23:52,45.8109,-20.8728,53.084,3.071,-24.1345,-46.2584,0.866556,-75.884909,-32.9953,-67.6593,-24.2582,-11.365,9.34164,6.72903,16.3075,-67.6593,1432,-127.6593,Volatile State
1433,11:23:53,51.3288,-20.8157,44.864,4.436,-22.1826,-45.2714,1.26287,-90.775119,-36.6687,-70.847,-24.2377,-11.6817,10.8452,6.24889,17.2377,-70.847,1433,-130.84699999999998,Volatile State
1434,11:23:54,57.1113,-20.1542,35.106,6.117,-20.6996,-44.0788,0.466347,-113.533639,-40.6036,-71.8715,-24.3201,-12.1381,13.2152,5.1233,16.4795,-71.8715,1434,-131.8715,Volatile State
1435,11:23:55,61.1876,-19.1615,24.292,4.622,-19.7801,-43.4098,-1.26517,-138.293191,-44.0829,-71.1515,-24.2162,-11.9532,14.2331,2.90277,16.3983,-71.1515,1435,-131.1515,Volatile State
1436,11:23:56,66.1625,-20.2547,13.604,5.99,-19.2427,-42.0265,-2.91308,-137.699844,-46.1171,-69.1979,-24.9596,-11.3472,14.1553,0.837276,16.8725,-69.1979,1436,-129.1979,Volatile State
1437,11:23:57,70.1106,-21.51,3.559,9.305,-17.1181,-41.5797,-2.9409,-123.46191,-48.882,-66.8456,-25.8733,-12.7904,14.5023,-0.737717,18.2596,-66.8456,1437,-126.8456,Volatile State
1438,11:23:58,72.2966,-22.2341,-4.738,9.677,-17.8272,-40.8714,-3.77606,-103.343653,-50.5236,-62.8089,-24.3162,-13.9181,14.4115,-2.48986,19.7975,-62.8089,1438,-122.8089,Volatile State
1439,11:23:59,75.057,-22.1032,-7.91,6.471,-15.6979,-40.5655,-2.66527,-100.701848,-53.1318,-59.2371,-24.1896,-14.724,15.4726,-1.67395,20.894,-59.2371,1439,-119.2371,Volatile State
1440,11:24:00,76.4002,-22.343,-4.967,7.726,-14.7726,-42.7388,0.58058,-98.060043,-54.8458,-54.7121,-25.3362,-14.3428,17.6419,-1.02361,21.0293,-54.7121,1440,-114.71209999999999,Volatile State
1441,11:24:01,78.758,-21.7966,2.285,10.253,-16.0321,-44.9602,-1.01098,-95.418238,-56.6639,-51.0506,-26.7679,-12.4937,18.4902,-2.13287,20.2815,-51.0506,1441,-111.0506,Volatile State
1442,11:24:02,80.2811,-21.2081,10.1,10.008,-17.1593,-50.3082,-1.88953,-88.104439,-58.34,-48.5695,-27.3282,-11.4399,18.9779,-4.64027,20.1505,-48.5695,1442,-108.5695,Volatile State
1443,11:24:03,82.4851,-20.9349,12.934,7.629,-16.3175,-56.6718,-2.7364,-82.865452,-61.0477,-48.0551,-27.9696,-10.8539,18.6579,-5.44547,20.4325,-48.0551,1443,-108.05510000000001,Volatile State
1444,11:24:04,85.1484,-20.5472,9.888,8.948,-16.2777,-62.7754,-3.22624,-75.847123,-63.9725,-48.7866,-28.5738,-10.5936,18.1996,-4.27067,20.493,-48.7866,1444,-108.78659999999999,Volatile State
1445,11:24:05,89.7393,-19.9897,5.191,9.79,-15.2815,-67.4652,-1.94329,-67.799553,-65.636,-49.8323,-29.4083,-10.3322,17.4382,-2.44158,20.5567,-49.8323,1445,-109.8323,Volatile State
1446,11:24:06,97.8093,-19.5984,2.011,4.704,-15.2928,-71.0961,-0.433982,-65.605401,-67.6934,-50.9087,-30.6574,-10.4472,16.4536,-0.348377,20.181,-50.9087,1446,-110.90870000000001,Volatile State
1447,11:24:07,101.761,-20.8359,1.065,2.516,-15.0124,-74.8414,-0.389047,-66.607689,-68.8711,-51.1415,-28.9111,-11.5019,16.7179,0.53833,19.9235,-51.1415,1447,-111.14150000000001,Volatile State
1448,11:24:08,104.137,-21.5272,0.457,4.552,-14.9977,-76.9263,2.29621,-72.043753,-69.6945,-50.3022,-27.8267,-12.1839,16.7794,1.65552,20.0391,-50.3022,1448,-110.3022,Volatile State
1449,11:24:09,106.851,-22.0051,0.621,1.476,-14.5349,-78.5525,2.27077,-82.669931,-71.0116,-47.8493,-27.1231,-12.0636,15.3489,1.50549,19.1909,-47.8493,1449,-107.8493,Volatile State
1450,11:24:10,109.491,-22.8995,-1.514,-1.218,-14.0223,-79.9243,2.11215,-82.542886,-70.8971,-46.8051,-25.6294,-12.8369,13.6797,1.56398,18.2042,-46.8051,1450,-106.80510000000001,Volatile State
1451,11:24:11,113.902,-23.5076,-4.113,0.16,-13.1372,-80.5035,1.27772,-74.07964,-69.5893,-46.7614,-24.7799,-14.0597,12.9647,0.979798,17.1673,-46.7614,1451,-106.76140000000001,Volatile State
1452,11:24:12,114.479,-23.8215,-3.17,4.96,-11.5512,-79.5134,3.02967,-69.905064,-67.0998,-48.2398,-23.5002,-15.8563,11.3128,0.621014,17.9267,-48.2398,1452,-108.2398,Volatile State
1453,11:24:13,114.711,-24.6094,0.188,3.038,-10.3124,-76.7631,0.484676,-73.417719,-65.4927,-49.7456,-22.8142,-16.403,10.7099,-0.363065,17.5968,-49.7456,1453,-109.7456,Volatile State
1454,11:24:14,113.473,-25.5027,2.812,-0.755,-9.49388,-72.1442,0.775677,-82.915049,-64.37,-51.1419,-22.2338,-16.9974,12.369,-1.91987,16.6189,-51.1419,1454,-111.14189999999999,Volatile State
1455,11:24:15,112.208,-25.539,7.107,2.205,-8.55458,-67.8321,2.37722,-99.865672,-62.9838,-53.601,-21.9991,-17.6902,13.1764,-3.99125,15.9872,-53.601,1455,-113.601,Volatile State
1456,11:24:16,110.723,-25.3489,15.062,2.442,-10.656,-65.3635,0.830711,-114.746265,-60.9055,-57.3599,-22.9766,-18.816,12.6479,-5.07544,14.6344,-57.3599,1456,-117.35990000000001,Volatile State
1457,11:24:17,109.333,-24.2998,25.309,-0.054,-12.162,-63.0505,0.14566,-129.415617,-58.2069,-60.9142,-22.6902,-19.6775,12.3836,-5.97424,14.2053,-60.9142,1457,-120.9142,Volatile State
1458,11:24:18,107.672,-23.0535,33.047,-4.359,-14.461,-61.6421,-1.31168,-151.585397,-53.4222,-66.1073,-22.5926,-19.7039,11.8243,-7.43558,13.6448,-66.1073,1458,-126.1073,Volatile State
1459,11:24:19,109.69,-22.3439,33.219,-4.84,-13.26,-62.7459,-0.118224,-170.683922,-47.6703,-70.121,-23.1724,-18.3474,12.1449,-9.48473,13.8259,-70.121,1459,-130.12099999999998,Volatile State
1460,11:24:20,110.686,-22.5952,25.939,-1.986,-13.5424,-64.1888,-0.22972,-158.364459,-40.6087,-73.8289,-24.6184,-17.434,13.5325,-10.4985,12.4346,-73.8289,1460,-133.8289,Volatile State
1461,11:24:21,113.567,-22.1218,15.202,-2.109,-17.9479,-67.0098,1.12038,-146.044997,-33.4657,-76.2971,-24.0557,-17.5728,15.5497,-10.9268,8.92983,-76.2971,1461,-136.2971,Volatile State
1462,11:24:22,114.737,-22.4275,3.959,-5.383,-18.7899,-72.236,1.23521,-133.725534,-26.386,-79.1112,-23.4819,-19.088,15.6977,-11.9273,7.09304,-79.1112,1462,-139.1112,Volatile State
1463,11:24:23,115.563,-22.3807,-5.181,-5.71,-20.0625,-78.0566,0.839425,-106.891475,-19.6579,-79.7548,-23.0969,-19.4101,15.5324,-13.6299,6.49189,-79.7548,1463,-139.7548,Volatile State
1464,11:24:24,112.845,-21.9798,-12.217,-5.918,-22.6168,-83.8212,-0.953296,-101.582768,-12.6088,-77.0694,-23.0499,-17.6143,15.1999,-14.3822,7.09495,-77.0694,1464,-137.0694,Volatile State
1465,11:24:25,108.521,-21.1583,-14.176,-7.073,-25.0233,-87.0221,-0.813985,-107.354447,-6.76253,-71.3985,-22.4845,-14.9681,16.5134,-14.9552,6.2635,-71.3985,1465,-131.3985,Volatile State
1466,11:24:26,104.76,-21.5125,-9.138,-7.295,-26.983,-88.1241,0.025368,-117.68354,0.454341,-65.9367,-22.2558,-15.2491,17.3959,-15.0912,6.21835,-65.9367,1466,-125.9367,Volatile State
1467,11:24:27,102.448,-22.8192,-0.07,-7.273,-26.9846,-85.4679,-0.666807,-128.071645,6.66271,-61.021,-22.5346,-16.0669,18.0564,-14.4046,6.35041,-61.021,1467,-121.021,Volatile State
1468,11:24:28,100.131,-23.4252,6.497,-7.227,-27.1752,-84.0407,0.720465,-136.312679,13.6228,-57.1657,-23.156,-16.5317,18.7172,-12.4566,6.00663,-57.1657,1468,-117.1657,Volatile State
1469,11:24:29,94.8761,-22.9447,10.743,-7.904,-29.5532,-84.9594,0.219827,-141.903926,18.008,-54.6613,-24.6651,-16.0649,16.6454,-11.3965,6.33123,-54.6613,1469,-114.6613,Volatile State
1470,11:24:30,89.1391,-22.7927,11.068,-6.468,-30.1714,-85.6518,0.696629,-146.812354,22.0761,-53.6031,-26.5177,-16.8171,14.58,-9.93586,5.88478,-53.6031,1470,-113.6031,Volatile State
1471,11:24:31,83.3573,-23.505,10.52,-5.369,-28.9406,-83.7207,-0.742656,-136.771817,26.2462,-52.3533,-27.5154,-18.3875,13.4262,-9.57911,6.33796,-52.3533,1471,-112.35329999999999,Volatile State
1472,11:24:32,80.5985,-24.0301,8.354,-3.828,-28.7157,-82.0384,-1.37108,-126.731279,29.3886,-51.0325,-28.6207,-19.4589,15.3153,-9.25208,6.94357,-51.0325,1472,-111.0325,Volatile State
1473,11:24:33,76.6747,-24.2736,7.252,-4.559,-28.9786,-80.8498,-1.00105,-116.690742,31.1969,-51.9119,-29.1932,-18.5637,18.5468,-7.84796,6.35971,-51.9119,1473,-111.9119,Volatile State
1474,11:24:34,71.9434,-24.6282,7.219,-6.038,-29.0226,-80.1679,-2.13239,-129.333061,36.0006,-53.1299,-29.4276,-17.2445,20.696,-5.99894,6.99646,-53.1299,1474,-113.12989999999999,Volatile State
1475,11:24:35,68.5354,-24.5117,9.779,-7.263,-27.5746,-77.9338,-1.38017,-145.905852,40.7526,-55.5407,-29.3538,-16.078,21.7207,-4.75337,7.03712,-55.5407,1475,-115.5407,Volatile State
1476,11:24:36,62.3067,-24.2825,13.234,-8.094,-26.8087,-73.8892,-2.40927,-147.841766,46.7372,-59.1271,-27.9212,-16.6595,21.7891,-3.59326,5.644,-59.1271,1476,-119.1271,Volatile State
1477,11:24:37,56.0739,-23.893,18.572,-7.716,-26.013,-71.1981,-4.18123,-139.514545,52.635,-62.3001,-27.8652,-16.304,22.4996,-2.03316,4.24957,-62.3001,1477,-122.3001,Volatile State
1478,11:24:38,48.8756,-23.5966,24.878,-8.882,-23.6324,-69.8211,-4.99406,-132.519767,59.372,-66.1427,-27.2329,-15.5753,24.7063,-1.93045,2.76182,-66.1427,1478,-126.1427,Volatile State
1479,11:24:39,43.7778,-22.5215,31.015,-11.091,-23.4767,-67.8544,-5.16152,-125.52499,65.7772,-67.6276,-27.5615,-14.6257,28.1879,-2.20915,2.06693,-67.6276,1479,-127.6276,Volatile State
1480,11:24:40,38.03,-20.8352,40.08,-11.4,-22.9203,-65.6873,-8.37353,-118.530212,69.8727,-68.9838,-25.5586,-12.7306,31.0918,-1.82391,0.89174,-68.9838,1480,-128.9838,Volatile State
1481,11:24:41,29.8612,-19.5919,50.722,-13.914,-22.0415,-64.3118,-8.10741,-118.235374,74.0117,-70.0834,-25.1893,-11.0602,31.8955,-1.2064,0.178412,-70.0834,1481,-130.08339999999998,Volatile State
1482,11:24:42,22.5681,-17.5786,59.441,-15.886,-20.1122,-64.4961,-8.34089,-127.161028,75.9928,-70.4875,-26.0331,-9.85624,31.4081,-0.507436,-1.2596,-70.4875,1482,-130.4875,Volatile State
1483,11:24:43,16.312,-16.7322,65.151,-15.007,-19.4745,-63.7678,-9.60703,-132.667079,79.4236,-69.9444,-26.9392,-9.60262,30.3159,0.168141,-1.87904,-69.9444,1483,-129.9444,Volatile State
1484,11:24:44,9.0008,-16.7441,67.955,-16.839,-19.084,-62.057,-10.1798,-131.540403,82.7996,-69.9148,-27.2569,-9.96075,29.7271,0.898027,-1.45737,-69.9148,1484,-129.9148,Volatile State
1485,11:24:45,2.09243,-16.7658,65.465,-15.006,-17.3732,-59.9778,-10.5093,-122.596741,86.237,-68.7913,-27.4643,-10.6146,30.1303,1.4518,-1.20855,-68.7913,1485,-128.7913,Volatile State
1486,11:24:46,-4.60574,-16.0606,59.147,-13.617,-14.7169,-57.1914,-9.43923,-109.85315,88.9042,-67.4063,-27.9715,-11.0308,30.307,1.91139,0.398182,-67.4063,1486,-127.4063,Volatile State
1487,11:24:47,-9.64532,-15.7701,52.76,-16.091,-14.2218,-52.8457,-8.17508,-103.727453,89.3564,-64.97,-27.2565,-10.9034,29.4138,2.66254,1.73614,-64.97,1487,-124.97,Volatile State
1488,11:24:48,-14.7241,-15.3537,45.141,-14.676,-13.8457,-47.1231,-8.67042,-105.899996,89.0953,-62.5219,-26.0418,-10.9847,26.6891,2.8017,1.25753,-62.5219,1488,-122.5219,Volatile State
1489,11:24:49,-18.3828,-14.9249,36.781,-12.389,-13.4979,-43.5039,-10.0685,-96.136798,86.4495,-60.1531,-26.7528,-10.6211,21.8658,3.87288,-0.579835,-60.1531,1489,-120.1531,Volatile State
1490,11:24:50,-22.6271,-14.642,33.613,-15.579,-11.7422,-38.8763,-10.5727,-91.585055,83.9678,-58.8641,-25.8067,-10.2853,18.4296,4.83064,0.461521,-58.8641,1490,-118.86410000000001,Volatile State
1491,11:24:51,-26.0885,-14.1783,33.118,-17.352,-10.9184,-32.8059,-10.5636,-97.263611,79.792,-58.4701,-26.0132,-9.39103,18.6381,5.63643,2.39715,-58.4701,1491,-118.4701,Volatile State
1492,11:24:52,-28.8834,-13.832,38.32,-15.335,-10.0664,-27.5484,-10.7902,-110.27149,74.1408,-60.5053,-25.3247,-9.72759,18.2997,4.51739,3.49807,-60.5053,1492,-120.5053,Volatile State
1493,11:24:53,-32.2384,-14.0772,46.431,-15.843,-11.0097,-23.7093,-9.18881,-115.830988,66.3027,-63.2047,-23.8361,-11.3109,18.4959,3.6042,2.51236,-63.2047,1493,-123.2047,Volatile State
1494,11:24:54,-34.1714,-15.1831,55.049,-19.92,-12.0359,-19.0809,-8.46982,-116.144113,57.7861,-63.5311,-22.3719,-12.7906,18.5657,2.86808,2.49079,-63.5311,1494,-123.53110000000001,Volatile State
1495,11:24:55,-35.6547,-15.5356,62.027,-17.696,-14.6457,-14.6381,-6.15914,-112.727675,50.0162,-61.4037,-21.9324,-13.0294,17.7318,3.47567,2.46611,-61.4037,1495,-121.4037,Volatile State
1496,11:24:56,-36.3479,-15.2272,63.434,-13.803,-15.4978,-11.838,-6.31406,-101.472807,39.3455,-59.3369,-21.7195,-13.3488,16.8286,1.33482,4.24591,-59.3369,1496,-119.3369,Volatile State
1497,11:24:57,-35.424,-14.4889,63.046,-18.185,-15.3077,-10.785,-7.71309,-100.85216,28.4366,-57.0139,-20.5992,-13.478,16.0814,-0.132113,5.7063,-57.0139,1497,-117.0139,Volatile State
1498,11:24:58,-33.6384,-13.4396,61.074,-17.929,-14.9202,-11.2087,-7.06037,-109.151095,17.1128,-55.1124,-18.1105,-13.6591,17.3357,-1.3728,7.76415,-55.1124,1498,-115.11240000000001,Volatile State
1499,11:24:59,-31.8402,-13.6376,57.384,-17.882,-14.5181,-12.0248,-7.34135,-106.567931,4.68929,-53.6689,-17.3587,-13.545,17.3316,-2.88366,8.8841,-53.6689,1499,-113.66890000000001,Volatile State
1500,11:25:00,-31.6203,-14.3278,54.42,-19.331,-14.9382,-16.2222,-6.73704,-100.579671,-6.66255,-54.939,-17.2412,-14.2998,15.809,-3.82268,9.72197,-54.939,1500,-114.939,Volatile State
1501,11:25:01,-31.8453,-14.9186,52.534,-19.504,-16.2328,-22.8229,-6.79624,-103.700084,-19.8479,-56.308,-17.1548,-16.452,14.1641,-4.05053,10.4548,-56.308,1501,-116.30799999999999,Volatile State
1502,11:25:02,-30.5212,-15.4595,48.71,-18.485,-16.9565,-30.6165,-4.46455,-120.55073,-30.1044,-57.1561,-17.1246,-18.2427,11.7093,-4.77054,12.0371,-57.1561,1502,-117.15610000000001,Volatile State
1503,11:25:03,-29.8845,-16.0884,43.967,-20.943,-17.615,-38.6626,-2.35223,-144.440896,-41.5856,-58.6027,-17.284,-17.0832,10.4739,-6.83474,13.5272,-58.6027,1503,-118.6027,Volatile State
1504,11:25:04,-30.4688,-16.3159,39.234,-21.24,-17.1338,-46.6484,-0.750424,-161.892773,-51.7294,-60.0237,-17.0621,-14.8177,11.6452,-9.5575,16.2589,-60.0237,1504,-120.02369999999999,Volatile State
1505,11:25:05,-30.2079,-16.7638,39.277,-23.703,-16.3509,-56.6251,0.244058,-175.015491,-60.6611,-60.077,-16.2815,-12.7069,13.7269,-11.9849,19.1545,-60.077,1505,-120.077,Volatile State
1506,11:25:06,-30.3008,-16.2874,44.949,-20.76,-17.0537,-62.7101,0.279596,-178.19613,-69.0467,-57.7834,-15.6218,-12.6053,14.3333,-12.9642,19.6216,-57.7834,1506,-117.7834,Volatile State
1507,11:25:07,-31.229,-15.2142,51.936,-19.951,-16.0652,-66.4477,-0.559854,-162.378794,-76.5394,-55.3962,-17.0179,-13.9503,13.5923,-12.4091,18.52,-55.3962,1507,-115.3962,Volatile State
1508,11:25:08,-31.9623,-14.1317,58.662,-18.55,-16.3099,-69.5552,-2.09089,-139.02211,-82.8796,-53.6601,-17.828,-14.7782,12.9891,-12.2225,17.5737,-53.6601,1508,-113.6601,Volatile State
1509,11:25:09,-33.1463,-11.7593,64.707,-17.814,-17.3152,-72.9928,-3.93011,-127.568886,-86.2311,-52.9801,-18.8461,-13.4751,12.7738,-13.3836,18.6677,-52.9801,1509,-112.9801,Volatile State
1510,11:25:10,-36.4078,-9.48824,69.75,-17.727,-18.2041,-74.9956,-2.67462,-116.115662,-88.6261,-53.601,-20.4544,-12.8558,13.4476,-14.6426,22.0657,-53.601,1510,-113.601,Volatile State
1511,11:25:11,-38.7724,-8.61439,77.081,-17.356,-18.8277,-77.5206,-2.75809,-104.662438,-88.4661,-52.8245,-20.2045,-13.5215,14.2354,-16.4392,24.3651,-52.8245,1511,-112.8245,Volatile State
1512,11:25:12,-42.3225,-7.98734,87.694,-17.06,-21.1746,-79.8847,-1.60232,-99.474052,-87.3837,-50.4413,-20.3629,-13.7241,15.3787,-16.924,24.5571,-50.4413,1512,-110.4413,Volatile State
1513,11:25:13,-45.5666,-7.18689,88.01,-17.568,-21.2644,-80.7858,-2.48931,-97.083276,-86.211,-49.2576,-19.6438,-13.2771,15.9012,-16.3728,24.1856,-49.2576,1513,-109.2576,Volatile State
1514,11:25:14,-48.8411,-6.2219,79.273,-16.796,-19.5929,-81.7946,-2.45339,-102.97595,-83.6293,-46.7738,-21.3632,-11.3358,15.3817,-14.0316,24.6641,-46.7738,1514,-106.7738,Volatile State
1515,11:25:15,-53.0267,-6.00758,72.621,-17.355,-20.1813,-80.845,-4.12291,-115.484573,-80.8255,-44.2586,-22.0783,-8.9806,14.1531,-13.0404,26.7659,-44.2586,1515,-104.2586,Volatile State
1516,11:25:16,-54.8261,-5.89325,69.274,-16.541,-21.3456,-79.3132,-3.83478,-107.517916,-78.7892,-43.3354,-22.9579,-6.92408,13.7663,-13.7424,28.7421,-43.3354,1516,-103.33539999999999,Volatile State
1517,11:25:17,-56.9211,-5.36491,70.903,-13.747,-19.9831,-79.3613,-1.84484,-80.063077,-76.1205,-42.1928,-23.6825,-6.11665,12.9267,-15.7835,28.3323,-42.1928,1517,-102.1928,Volatile State
1518,11:25:18,-57.4868,-5.00038,76.714,-12.12,-18.8154,-79.442,-4.06074,-46.484738,-73.5926,-41.8893,-23.4599,-6.43474,13.3635,-16.0395,24.4536,-41.8893,1518,-101.88929999999999,Volatile State
1519,11:25:19,-57.7199,-4.55895,82.5,-13.483,-18.057,-80.9192,-3.99556,-22.061581,-70.362,-40.9195,-22.3517,-4.91857,12.3227,-14.8517,21.3245,-40.9195,1519,-100.9195,Volatile State
1520,11:25:20,-57.9684,-3.87778,87.124,-14.13,-17.2972,-82.6719,-4.09561,-10.329517,-66.4888,-39.6545,-22.9025,-3.02488,10.9304,-12.9231,23.5272,-39.6545,1520,-99.6545,Volatile State
1521,11:25:21,-57.0407,-2.98303,86.999,-14.134,-18.1602,-80.6946,-2.75682,-24.409535,-63.1263,-39.6399,-23.2156,-1.8838,9.42629,-9.30749,25.2823,-39.6399,1521,-99.6399,Volatile State
1522,11:25:22,-57.7582,-1.44347,78.979,-15.49,-18.4067,-78.1025,-1.51547,-64.758428,-57.9525,-38.9002,-23.876,-2.78371,7.32606,-7.42749,27.3617,-38.9002,1522,-98.9002,Volatile State
1523,11:25:23,-58.0519,-0.681102,68.513,-12.105,-17.9957,-74.2915,-0.902453,-114.218139,-53.3164,-38.9788,-22.9321,-2.09943,6.56554,-8.4188,29.8163,-38.9788,1523,-98.9788,Volatile State
1524,11:25:24,-58.5341,-0.306491,56.485,-10.75,-19.2632,-69.2601,0.111133,-148.988494,-48.0182,-38.0577,-22.6117,-0.580852,5.78835,-8.5745,30.2645,-38.0577,1524,-98.0577,Volatile State
1525,11:25:25,-59.0009,-0.038653,44.629,-9.568,-21.4292,-63.3679,1.75678,-167.33556,-42.2275,-37.2385,-21.4295,0.619252,6.20299,-8.38967,29.9063,-37.2385,1525,-97.2385,Volatile State
1526,11:25:26,-57.0531,0.470948,29.31,-7.445,-22.367,-57.3754,2.16363,-178.151018,-37.2184,-37.0483,-19.6737,-0.564746,7.68895,-9.18605,30.7975,-37.0483,1526,-97.0483,Volatile State
1527,11:25:27,-55.8305,0.844432,19.409,-3.281,-23.3917,-51.065,2.09704,-184.338905,-33.6914,-36.085,-18.6663,-1.92513,8.15137,-9.10986,30.2014,-36.085,1527,-96.08500000000001,Volatile State
1528,11:25:28,-55.105,1.32506,16.912,-5.916,-24.6493,-42.4057,3.28254,-184.448448,-30.8687,-36.5584,-18.4761,-2.79672,8.57385,-8.5248,27.8275,-36.5584,1528,-96.5584,Volatile State
1529,11:25:29,-55.2678,1.65314,21.965,-8.827,-26.3306,-34.3095,5.23648,-175.917115,-28.0091,-34.3091,-19.0992,-3.42293,7.47426,-8.34893,26.2031,-34.3091,1529,-94.3091,Volatile State
1530,11:25:30,-53.1974,2.2502,29.316,-7.592,-26.1857,-28.3827,6.77778,-179.410823,-23.2603,-33.4402,-18.4736,-3.44837,7.83176,-9.37788,23.6976,-33.4402,1530,-93.4402,Volatile State
1531,11:25:31,-54.7765,2.47085,37.489,-6.007,-25.3583,-24.5302,6.04468,-177.291466,-18.9004,-33.671,-16.908,-2.63653,8.31802,-10.2882,22.2733,-33.671,1531,-93.67099999999999,Volatile State
1532,11:25:32,-55.2039,1.64237,43.435,-5.551,-24.3503,-23.837,6.01046,-168.578723,-12.0839,-32.8923,-15.104,-2.7241,10.7663,-10.1343,20.9243,-32.8923,1532,-92.8923,Volatile State
1533,11:25:33,-55.1575,0.658891,43.806,-5.514,-23.4441,-23.6545,4.60567,-156.896468,-6.75992,-32.2236,-14.1704,-2.87213,11.2706,-8.86549,17.8768,-32.2236,1533,-92.2236,Volatile State
1534,11:25:34,-54.2186,-0.236506,40.475,-4.612,-22.523,-22.9309,3.65623,-146.878611,-0.809662,-31.9348,-14.8076,-3.52655,14.0159,-8.07787,16.136,-31.9348,1534,-91.9348,Volatile State
1535,11:25:35,-54.5256,-2.08301,32.505,-1.621,-21.6671,-21.4789,0.186094,-138.124663,3.83968,-32.277,-15.6483,-5.4463,14.7442,-7.4137,14.6917,-32.277,1535,-92.277,Volatile State
1536,11:25:36,-54.8112,-4.4355,21.715,-1.742,-21.3309,-20.5858,2.61843,-136.18701,6.51527,-33.8651,-17.3349,-7.08055,16.5241,-7.33224,13.83,-33.8651,1536,-93.8651,Volatile State
1537,11:25:37,-53.7392,-5.39162,9.065,-3.92,-19.7809,-21.1911,0.360723,-126.136023,8.67399,-36.7724,-19.0021,-7.03164,17.2213,-7.40358,12.8651,-36.7724,1537,-96.7724,Volatile State
1538,11:25:38,-53.9864,-5.02983,-5.115,-4.645,-20.3707,-22.9379,0.232723,-120.633183,10.8658,-39.7877,-20.7918,-5.99523,18.2202,-5.91264,13.2426,-39.7877,1538,-99.7877,Volatile State
1539,11:25:39,-54.0607,-5.09065,-11.188,-3.597,-21.1494,-23.8966,1.35424,-129.452184,13.0043,-42.8804,-21.7132,-5.23166,18.4558,-4.85139,13.1421,-42.8804,1539,-102.88040000000001,Volatile State
1540,11:25:40,-54.6761,-6.01032,-5.542,-2.124,-19.6946,-24.8668,0.782993,-137.398083,14.3841,-47.2929,-23.3719,-5.00275,18.3912,-4.80697,13.5143,-47.2929,1540,-107.2929,Volatile State
1541,11:25:41,-57.0687,-6.08212,7.309,-2.363,-19.4367,-27.3171,0.83214,-125.82739,11.1939,-50.8609,-24.0417,-3.8347,19.6832,-6.47092,14.7987,-50.8609,1541,-110.8609,Volatile State
1542,11:25:42,-58.9135,-5.85869,18.422,0.317,-21.2122,-30.2427,-1.35219,-122.830294,8.07691,-52.9414,-26.2307,-1.46914,19.0155,-8.41693,16.7026,-52.9414,1542,-112.9414,Volatile State
1543,11:25:43,-59.5627,-5.76943,19.592,4.028,-20.9679,-33.9179,-4.21244,-129.792853,5.52404,-54.666,-28.1083,-1.0183,18.0698,-10.0642,18.7072,-54.666,1543,-114.666,Volatile State
1544,11:25:44,-62.3582,-5.43361,17.324,5.724,-21.9501,-37.0816,-7.51527,-137.21396,6.45297,-55.5765,-30.849,-3.62636,17.6131,-10.9894,21.1612,-55.5765,1544,-115.57650000000001,Volatile State
1545,11:25:45,-64.6334,-5.36191,13.471,1.159,-20.7659,-38.6534,-8.47544,-137.607667,5.95731,-55.7708,-32.0411,-5.57789,18.1716,-10.1515,22.6509,-55.7708,1545,-115.77080000000001,Volatile State
1546,11:25:46,-64.5103,-5.01184,10.957,-0.032,-21.2663,-40.2805,-9.84042,-137.019728,6.31933,-55.8475,-32.0064,-7.10974,18.5162,-9.34405,23.5668,-55.8475,1546,-115.8475,Volatile State
1547,11:25:47,-66.0,-4.83837,8.598,-2.42,-19.5932,-43.4058,-11.1783,-136.141749,7.32567,-55.149,-32.5406,-7.48398,18.8401,-10.0001,23.76,-55.149,1547,-115.149,Volatile State
1548,11:25:48,-67.0724,-4.02707,4.955,-0.513,-19.171,-45.4243,-10.5284,-128.161365,9.41848,-54.5424,-32.9043,-7.70907,19.5793,-11.7667,22.7839,-54.5424,1548,-114.5424,Volatile State
1549,11:25:49,-68.6167,-3.01599,-1.514,1.427,-20.3025,-48.6465,-11.4682,-114.65802,10.4042,-54.1584,-32.4133,-7.98118,20.4687,-12.6289,22.529,-54.1584,1549,-114.1584,Volatile State
1550,11:25:50,-69.4777,-2.59112,-8.091,1.44,-21.2557,-54.92,-13.0208,-101.512798,13.0713,-53.9229,-32.6194,-9.56683,21.9767,-12.2059,21.7395,-53.9229,1550,-113.9229,Volatile State
1551,11:25:51,-70.2546,-2.25292,-12.544,2.39,-21.6491,-59.2338,-14.32,-97.769804,18.0982,-54.934,-31.4436,-11.6293,24.0041,-10.4857,20.1719,-54.934,1551,-114.934,Volatile State
1552,11:25:52,-69.5908,-2.09873,-17.17,4.895,-22.2326,-63.858,-16.6043,-92.506616,19.9602,-55.5924,-30.7505,-11.675,27.0616,-8.0798,19.387,-55.5924,1552,-115.5924,Volatile State
1553,11:25:53,-67.4056,-1.97264,-21.839,3.11,-21.9073,-68.4186,-17.8558,-78.995881,19.7831,-57.7938,-29.8139,-12.4157,30.2925,-5.93429,17.7849,-57.7938,1553,-117.7938,Volatile State
1554,11:25:54,-65.3914,-2.97225,-25.656,-1.571,-22.5071,-71.3439,-17.5127,-74.835091,18.6623,-59.8335,-29.0657,-12.4675,31.5801,-5.86717,16.7882,-59.8335,1554,-119.8335,Volatile State
1555,11:25:55,-64.2635,-4.42621,-25.195,-2.96,-21.3909,-72.6054,-18.7869,-76.300353,17.2223,-61.8321,-28.878,-13.9018,31.8652,-6.63646,15.6178,-61.8321,1555,-121.8321,Volatile State
1556,11:25:56,-63.7059,-5.91146,-25.895,-0.025,-21.2697,-72.319,-18.4191,-78.688008,15.589,-61.793,-28.409,-13.2573,31.2759,-5.27987,15.0711,-61.793,1556,-121.793,Volatile State
1557,11:25:57,-61.5048,-6.48364,-25.069,1.081,-20.9411,-70.711,-17.2349,-78.704112,15.1983,-61.4108,-29.1094,-12.5377,31.6917,-4.11387,14.6256,-61.4108,1557,-121.4108,Volatile State
1558,11:25:58,-60.0136,-6.55995,-23.202,1.964,-20.2069,-69.3797,-14.2232,-77.751887,13.4749,-59.7516,-29.7492,-12.0943,32.211,-0.93538,13.7,-59.7516,1558,-119.7516,Volatile State
1559,11:25:59,-56.9359,-6.01006,-22.215,1.76,-19.4061,-69.1243,-15.3543,-86.104684,11.5629,-57.0383,-29.4092,-12.354,32.8026,0.999642,14.127,-57.0383,1559,-117.03829999999999,Volatile State
1560,11:26:00,-54.3394,-5.05759,-27.705,2.419,-18.8763,-70.6681,-13.9788,-108.492256,8.15284,-55.4303,-28.0858,-13.2899,31.9722,1.03052,14.8534,-55.4303,1560,-115.4303,Volatile State
1561,11:26:01,-53.2361,-4.71506,-41.185,-1.342,-18.2066,-71.0483,-12.3758,-125.243989,7.29477,-54.722,-27.1527,-14.2391,30.6419,0.575133,16.0139,-54.722,1561,-114.72200000000001,Volatile State
1562,11:26:02,-50.8787,-4.53096,-50.942,-4.571,-18.0787,-67.3255,-12.0335,-115.653913,7.11336,-54.2652,-27.4879,-14.9667,27.9963,-0.114519,15.859,-54.2652,1562,-114.2652,Volatile State
1563,11:26:03,-49.3616,-4.54002,-55.367,-6.431,-19.0087,-64.0835,-13.0895,-102.269618,5.41467,-54.5766,-28.1086,-15.2724,27.3392,0.460331,14.7155,-54.5766,1563,-114.5766,Volatile State
1564,11:26:04,-48.0639,-5.04991,-51.243,-6.175,-18.3918,-62.0631,-14.8451,-83.321284,3.08621,-55.7739,-28.6483,-14.0887,27.6979,2.48237,13.7629,-55.7739,1564,-115.7739,Volatile State
1565,11:26:05,-46.7224,-6.35559,-44.013,-5.151,-17.9986,-61.9619,-13.4618,-77.330047,1.17298,-57.4479,-28.6635,-13.4716,28.7115,3.77878,13.629,-57.4479,1565,-117.4479,Volatile State
1566,11:26:06,-46.9251,-8.24676,-38.83,-6.386,-19.882,-62.5583,-11.0805,-71.338809,-1.02616,-58.538,-27.7263,-14.2519,29.6828,3.54524,15.6076,-58.538,1566,-118.538,Volatile State
1567,11:26:07,-44.978,-9.36391,-38.522,-7.633,-22.6266,-64.6412,-10.2543,-65.347572,-0.281705,-59.184,-26.483,-15.6221,31.0863,2.33782,16.3882,-59.184,1567,-119.184,Volatile State
1568,11:26:08,-43.0812,-9.17549,-40.717,-10.64,-22.6116,-65.2751,-11.0879,-71.909579,-1.17171,-61.7829,-24.9532,-17.1685,31.2512,1.54604,16.4569,-61.7829,1568,-121.7829,Volatile State
1569,11:26:09,-40.0432,-8.84156,-38.845,-15.363,-21.1267,-64.7046,-10.9821,-60.497874,2.00388,-64.6813,-24.1164,-18.7902,30.1977,1.42796,14.9458,-64.6813,1569,-124.6813,Volatile State
1570,11:26:10,-36.6572,-8.61344,-30.837,-17.115,-20.6794,-66.2501,-11.4277,-49.086169,1.4539,-67.8174,-25.1476,-19.2434,31.6554,3.19839,14.5427,-67.8174,1570,-127.8174,Volatile State
1571,11:26:11,-34.1958,-8.3465,-19.579,-16.278,-22.1487,-68.5097,-10.6824,-58.051872,2.09154,-71.0006,-26.525,-18.6121,33.0291,5.38685,14.3059,-71.0006,1571,-131.00060000000002,Volatile State
1572,11:26:12,-33.0234,-8.08897,-7.735,-13.686,-21.792,-72.9718,-9.65362,-76.931724,3.40056,-71.4731,-27.887,-17.7709,33.3146,7.25583,16.8245,-71.4731,1572,-131.4731,Volatile State
1573,11:26:13,-30.6505,-7.59405,-0.298,-14.381,-20.9904,-78.6639,-7.18644,-99.169,2.57864,-68.9103,-28.1889,-18.0732,32.1831,7.77404,21.057,-68.9103,1573,-128.9103,Volatile State
1574,11:26:14,-30.161,-7.02403,-1.687,-16.844,-21.8039,-85.136,-6.15741,-113.434521,3.40264,-65.6827,-29.1642,-19.5088,30.7681,6.72574,20.0245,-65.6827,1574,-125.6827,Volatile State
1575,11:26:15,-29.1974,-6.01503,-5.778,-20.383,-21.9617,-91.4423,-5.91813,-127.418544,2.84339,-60.5228,-30.481,-21.2321,29.6711,6.22986,18.8358,-60.5228,1575,-120.52279999999999,Volatile State
1576,11:26:16,-26.4911,-4.77891,-5.357,-20.94,-22.641,-94.7786,-3.95699,-134.852135,3.63285,-55.5128,-31.9124,-20.9713,27.9334,6.92051,19.5486,-55.5128,1576,-115.5128,Volatile State
1577,11:26:17,-23.0222,-3.50926,-1.094,-25.007,-22.4318,-95.9685,-4.29621,-139.933489,2.8694,-51.0271,-34.3074,-21.0815,24.6946,7.07931,22.0746,-51.0271,1577,-111.02709999999999,Volatile State
1578,11:26:18,-20.946,-2.18723,1.306,-23.981,-22.2787,-97.1235,-3.32195,-140.778785,0.635056,-48.0588,-36.0482,-20.7468,21.4658,6.49387,24.301,-48.0588,1578,-108.05879999999999,Volatile State
1579,11:26:19,-19.5436,-0.939529,0.358,-20.427,-21.02,-97.7444,-2.46012,-135.767058,-0.924186,-44.498,-36.3526,-21.3356,19.6866,6.45198,25.7702,-44.498,1579,-104.49799999999999,Volatile State
1580,11:26:20,-18.0314,-0.138493,-7.246,-17.978,-19.7298,-96.5809,-2.25781,-133.725453,-5.44716,-43.3143,-36.285,-20.2067,18.5568,4.00667,26.6887,-43.3143,1580,-103.3143,Volatile State
1581,11:26:21,-14.6636,1.27008,-16.503,-19.882,-19.8319,-95.5273,-2.41933,-136.548346,-7.34262,-42.1356,-35.9283,-19.3548,18.2287,1.24345,27.2868,-42.1356,1581,-102.1356,Volatile State
1582,11:26:22,-11.786,2.22984,-22.255,-18.719,-19.0328,-95.0704,-1.75168,-138.611906,-10.9786,-42.4649,-34.0178,-19.8713,19.4472,-1.24125,27.0512,-42.4649,1582,-102.4649,Volatile State
1583,11:26:23,-7.74736,3.75538,-25.792,-20.206,-20.2454,-93.602,-1.06005,-140.675467,-12.069,-42.2284,-31.9644,-21.0778,21.1208,-1.69385,27.5891,-42.2284,1583,-102.2284,Volatile State
1584,11:26:24,-4.77961,5.10786,-25.593,-22.414,-19.6037,-90.6655,0.569638,-142.739027,-11.8426,-43.0724,-29.5082,-20.4008,21.1623,-1.46477,29.6674,-43.0724,1584,-103.0724,Volatile State
1585,11:26:25,-0.085414,6.65585,-21.376,-24.391,-19.1817,-88.2547,1.01964,-146.004901,-12.1127,-42.0262,-28.4401,-18.1503,20.5627,-2.97721,28.3158,-42.0262,1585,-102.0262,Volatile State
1586,11:26:26,5.61721,7.92786,-13.74,-24.23,-18.9021,-84.5244,2.42382,-137.580973,-11.4647,-39.9591,-27.6756,-16.2238,21.5421,-5.49797,25.4762,-39.9591,1586,-99.9591,Volatile State
1587,11:26:27,9.44216,9.05003,-0.919,-24.064,-19.1528,-80.7282,4.64323,-126.735392,-14.2639,-39.8944,-27.7867,-14.8846,21.132,-6.87454,24.9579,-39.8944,1587,-99.89439999999999,Volatile State
1588,11:26:28,10.3551,9.71557,11.223,-26.394,-17.1357,-76.8569,4.86451,-112.472551,-15.7792,-40.4292,-27.3565,-13.1382,21.3404,-6.8518,25.7904,-40.4292,1588,-100.42920000000001,Volatile State
1589,11:26:29,11.2597,9.07447,22.217,-24.354,-16.1809,-74.5623,5.2142,-103.426572,-18.0774,-41.3354,-26.0704,-11.8769,20.0208,-6.53374,26.9164,-41.3354,1589,-101.33539999999999,Volatile State
1590,11:26:30,12.9506,8.34535,32.694,-24.859,-13.9653,-74.6723,4.76687,-112.811523,-18.1599,-41.324,-24.2927,-10.6286,19.306,-6.31749,26.677,-41.324,1590,-101.324,Volatile State
1591,11:26:31,13.6983,8.04914,42.26,-25.438,-14.2633,-73.5533,4.40188,-132.985634,-19.2104,-42.5622,-21.8639,-9.42028,19.0561,-7.15478,28.1999,-42.5622,1591,-102.56219999999999,Volatile State
1592,11:26:32,15.4917,7.37337,47.579,-26.61,-11.5174,-73.1341,3.6999,-132.307202,-19.0583,-40.7452,-20.6846,-8.51964,18.0519,-7.73321,29.7088,-40.7452,1592,-100.7452,Volatile State
1593,11:26:33,18.06,7.60262,51.163,-25.307,-10.0194,-72.8189,2.77356,-131.628769,-18.1288,-36.3481,-20.3557,-7.8816,16.918,-8.2974,31.515,-36.3481,1593,-96.3481,Volatile State
1594,11:26:34,19.1964,8.05512,49.472,-24.796,-9.24285,-70.5902,5.83934,-130.950337,-17.4198,-33.1653,-21.682,-6.5896,14.9576,-8.98258,33.8537,-33.1653,1594,-93.1653,Volatile State
1595,11:26:35,18.6309,8.0906,54.672,-23.771,-8.99796,-68.0904,3.3821,-126.262026,-17.9148,-29.2386,-21.4351,-4.36559,14.8489,-9.45657,37.948,-29.2386,1595,-89.2386,Volatile State
1596,11:26:36,19.1365,7.88076,63.962,-22.77,-8.86181,-65.7267,2.12999,-141.210292,-18.0223,-27.1743,-20.4672,-3.05769,14.8937,-8.81649,40.1175,-27.1743,1596,-87.1743,Volatile State
1597,11:26:37,18.7434,7.76703,75.881,-23.227,-9.07652,-64.7211,1.41535,-157.807743,-20.029,-23.7497,-19.1769,-1.79934,15.8977,-9.5258,40.1311,-23.7497,1597,-83.7497,Volatile State
1598,11:26:38,19.7803,7.83219,82.842,-17.71,-10.1479,-63.2456,2.51581,-171.87462,-20.0291,-18.926,-17.7974,-2.70311,17.6495,-10.4324,39.4023,-18.926,1598,-78.926,Volatile State
1599,11:26:39,21.4795,7.8046,81.967,-15.844,-11.4128,-59.6128,2.82135,-181.792284,-21.7123,-14.8607,-17.0042,-2.95302,18.1686,-11.5479,41.4818,-14.8607,1599,-74.8607,Volatile State
1600,11:26:40,21.5297,7.44334,74.138,-18.099,-10.7377,-56.0253,3.62669,-175.968276,-22.1536,-11.7938,-17.2555,-2.65058,18.6894,-12.5239,45.3089,-11.7938,1600,-71.7938,Volatile State
1601,11:26:41,21.7075,6.84136,66.395,-16.232,-9.64389,-52.5938,3.88285,-148.46553,-23.8156,-9.58535,-17.434,-2.40933,18.5548,-12.8082,44.0846,-9.58535,1601,-69.58535,Volatile State
1602,11:26:42,21.0957,6.05351,63.203,-15.139,-9.19946,-49.3982,3.78413,-111.437437,-23.9921,-5.62265,-15.5242,-1.94997,19.7564,-12.4047,41.5165,-5.62265,1602,-65.62265,Volatile State
1603,11:26:43,20.9529,4.35734,67.377,-14.727,-8.95383,-46.1291,1.60974,-92.145586,-26.5187,-2.59727,-14.8644,-1.73528,20.8111,-11.4511,36.9467,-2.59727,1603,-62.59727,Volatile State
1604,11:26:44,19.6046,2.8019,76.835,-15.203,-6.95625,-44.373,1.5454,-89.84294,-28.8036,-0.784811,-14.9221,-1.48304,21.1471,-10.6614,33.8146,-0.784811,1604,-60.784811,Volatile State
1605,11:26:45,21.4842,1.54357,87.726,-16.943,-5.98891,-43.9707,-0.311203,-105.341541,-32.2589,1.27576,-14.1702,-0.874186,21.0188,-9.87393,31.471,1.27576,1605,-58.72424,Volatile State
1606,11:26:46,21.3718,0.939804,99.111,-13.868,-6.03353,-44.5647,-2.12637,-131.831077,-36.7232,2.39479,-14.0773,-1.46269,20.7886,-9.03577,29.2293,2.39479,1606,-57.60521,Volatile State
1607,11:26:47,22.2707,0.116359,109.12,-12.135,-7.47787,-42.0766,-3.359,-157.876493,-41.3237,2.9094,-16.3896,-0.976811,21.9035,-8.10219,26.4269,2.9094,1607,-57.0906,Volatile State
1608,11:26:48,22.1911,-0.087714,111.707,-12.9,-7.6438,-37.835,-1.60163,-175.4929,-45.7183,1.11359,-18.5624,-0.460652,22.8552,-5.54907,26.1502,1.11359,1608,-58.88641,Volatile State
1609,11:26:49,21.8461,0.233652,105.089,-14.723,-8.52335,-34.7824,-2.83907,-194.812765,-50.9592,-0.956776,-20.176,1.58209,24.6684,-3.36178,24.9053,-0.956776,1609,-60.956776,Volatile State
1610,11:26:50,19.4841,0.176417,91.905,-15.431,-10.2583,-33.2888,-4.94054,-198.104947,-56.7022,-4.75374,-20.6452,3.91545,26.7512,-1.321,23.5954,-4.75374,1610,-64.75374,Volatile State
1611,11:26:51,14.2104,-0.062531,75.052,-11.134,-11.0143,-32.6422,-5.50652,-208.097251,-62.5324,-8.75407,-23.0757,6.4038,27.9324,0.173891,22.2525,-8.75407,1611,-68.75407,Volatile State
1612,11:26:52,11.1959,-0.311327,60.68,-8.481,-9.63899,-31.9407,-5.12758,-214.124674,-66.234,-13.9208,-23.4731,8.91759,27.864,1.29134,22.0931,-13.9208,1612,-73.9208,Volatile State
1613,11:26:53,10.8833,-0.296325,53.453,-10.756,-9.95002,-32.7779,-6.42589,-216.329245,-71.8843,-18.1228,-23.7237,11.794,27.0872,3.42604,23.2698,-18.1228,1613,-78.1228,Volatile State
1614,11:26:54,10.7476,-0.005505,56.126,-8.713,-11.4018,-35.1984,-8.1228,-203.851908,-74.6399,-23.8736,-23.1165,13.7963,27.1551,5.3026,23.9788,-23.8736,1614,-83.8736,Volatile State
1615,11:26:55,9.81539,0.34535,66.516,-3.931,-11.5379,-38.3946,-8.62225,-184.995217,-76.9199,-29.1273,-24.6137,16.2941,28.9893,8.24075,24.8528,-29.1273,1615,-89.1273,Volatile State
1616,11:26:56,10.2413,-0.035098,78.491,-4.281,-11.8803,-44.7273,-9.10173,-165.397732,-77.8261,-34.7206,-25.0249,18.5876,30.8636,10.9804,26.4637,-34.7206,1616,-94.72059999999999,Volatile State
1617,11:26:57,9.99684,-0.324104,88.554,-6.065,-12.6894,-48.9152,-8.33404,-155.849539,-75.8785,-39.8583,-25.4467,19.1505,32.7361,11.316,25.4848,-39.8583,1617,-99.8583,Volatile State
1618,11:26:58,6.83935,0.654432,91.846,-0.749,-13.774,-49.9322,-8.40953,-157.163548,-74.8216,-44.6609,-25.4994,19.5872,32.7654,11.0246,24.646,-44.6609,1618,-104.6609,Volatile State
1619,11:26:59,4.35683,1.62132,91.175,2.271,-13.9137,-49.4048,-10.2108,-168.565495,-70.163,-47.4585,-24.9801,20.4522,30.9928,9.81776,25.2879,-47.4585,1619,-107.4585,Volatile State
1620,11:27:00,3.5458,2.6916,86.7,3.501,-13.584,-49.2934,-9.35239,-188.57524,-65.2414,-50.1473,-24.2235,21.1011,28.8444,9.07681,25.5905,-50.1473,1620,-110.1473,Volatile State
1621,11:27:01,1.41756,2.57816,84.137,6.028,-14.7369,-50.0484,-8.70447,-207.451765,-58.1704,-52.1439,-22.853,20.5773,28.3678,8.12728,25.3774,-52.1439,1621,-112.1439,Volatile State
1622,11:27:02,0.768965,2.42669,84.502,6.537,-14.7424,-51.6744,-11.1148,-224.777779,-51.0715,-53.8473,-22.3157,20.0382,30.9728,7.20342,24.7166,-53.8473,1622,-113.84729999999999,Volatile State
1623,11:27:03,-1.39217,2.74036,89.51,6.01,-15.7888,-55.4126,-11.4728,-230.964036,-42.1147,-54.6614,-21.5974,20.5138,32.4069,6.97368,23.1687,-54.6614,1623,-114.6614,Volatile State
1624,11:27:04,-6.56,3.2345,95.655,5.207,-16.0758,-57.4821,-12.5803,-220.678751,-33.805,-55.2417,-20.1627,20.2469,33.0425,4.5234,23.4631,-55.2417,1624,-115.24170000000001,Volatile State
1625,11:27:05,-12.3925,3.80496,103.759,4.079,-17.7213,-58.1613,-11.651,-209.599555,-27.5852,-55.2413,-20.118,18.4936,30.5311,0.914852,22.7744,-55.2413,1625,-115.2413,Volatile State
1626,11:27:06,-18.0063,4.49468,110.007,9.441,-19.637,-57.9538,-11.7511,-198.520359,-19.0784,-53.8344,-20.6618,16.0466,27.6569,-3.05495,24.3673,-53.8344,1626,-113.8344,Volatile State
1627,11:27:07,-20.4688,4.97975,115.81,12.42,-20.0811,-57.0166,-11.549,-187.441163,-11.2666,-52.9574,-20.0018,13.9333,27.065,-4.55991,24.0568,-52.9574,1627,-112.9574,Volatile State
1628,11:27:08,-24.0014,5.32701,119.424,10.154,-22.3051,-54.8705,-9.99314,-185.934896,-3.4169,-49.5015,-18.328,13.0868,25.7838,-4.38352,21.8112,-49.5015,1628,-109.5015,Volatile State
1629,11:27:09,-26.6833,5.56762,116.689,6.058,-23.4804,-55.5114,-8.39603,-179.409986,4.0621,-46.1815,-17.152,13.1537,24.8771,-4.3026,20.133,-46.1815,1629,-106.1815,Volatile State
1630,11:27:10,-30.5295,6.11288,110.484,5.491,-24.6349,-57.9604,-5.70859,-163.652729,12.061,-43.8389,-16.9663,12.6786,24.3714,-4.07165,19.0908,-43.8389,1630,-103.8389,Volatile State
1631,11:27:11,-35.6376,6.87367,101.528,4.325,-22.5038,-61.7141,-5.40715,-162.347969,21.6849,-40.5853,-16.7417,12.6677,22.5958,-6.12618,20.0597,-40.5853,1631,-100.58529999999999,Volatile State
1632,11:27:12,-38.3385,7.81732,94.333,3.775,-22.9454,-64.5217,-7.01174,-171.871141,32.5672,-36.7658,-18.1223,13.0136,20.8315,-8.79659,19.4697,-36.7658,1632,-96.7658,Volatile State
1633,11:27:13,-40.3446,9.00507,89.843,2.342,-23.2491,-65.9159,-5.64778,-196.831524,42.1985,-32.7803,-18.4834,13.4759,20.5239,-10.1873,20.5161,-32.7803,1633,-92.7803,Volatile State
1634,11:27:14,-43.9013,10.9709,85.741,5.043,-23.1436,-65.2737,-3.80894,-218.219821,51.1151,-28.6708,-20.6532,13.566,20.215,-10.292,21.8099,-28.6708,1634,-88.6708,Volatile State
1635,11:27:15,-47.6986,12.8705,81.885,7.85,-18.9856,-65.0339,-3.43881,-233.623065,59.0338,-25.537,-22.9618,13.3474,20.8095,-9.74524,20.6206,-25.537,1635,-85.537,Volatile State
1636,11:27:16,-54.4159,14.7463,80.046,8.468,-17.0289,-64.4035,-3.35881,-237.093477,66.7745,-21.5428,-25.0641,14.0469,20.7376,-10.2015,18.7469,-21.5428,1636,-81.5428,Volatile State
1637,11:27:17,-60.0525,15.8924,83.793,8.15,-14.6561,-64.227,-3.27838,-218.960827,73.5274,-19.7967,-25.5265,14.7966,21.6867,-11.2058,16.8676,-19.7967,1637,-79.7967,Volatile State
1638,11:27:18,-63.7298,16.6929,90.463,5.262,-11.9505,-64.273,-2.08429,-187.72681,78.4157,-18.4644,-25.4098,16.4021,21.8213,-10.8941,15.3358,-18.4644,1638,-78.4644,Volatile State
1639,11:27:19,-68.3308,17.5327,100.867,4.365,-9.68479,-64.1087,-0.648402,-153.166766,81.8073,-18.0597,-25.3637,18.0544,21.9517,-10.707,13.6306,-18.0597,1639,-78.05969999999999,Volatile State
1640,11:27:20,-70.5372,16.9473,112.139,4.537,-6.95385,-65.8429,-2.52961,-129.54216,83.7359,-16.9718,-26.8749,19.3523,22.4178,-10.213,10.8341,-16.9718,1640,-76.9718,Volatile State
1641,11:27:21,-71.845,15.3895,121.09,4.726,-5.99653,-68.2767,-2.23125,-122.652951,83.4052,-15.2703,-28.4664,19.2084,22.6529,-9.82189,9.78455,-15.2703,1641,-75.2703,Volatile State
1642,11:27:22,-73.3511,13.6657,128.969,5.837,-5.56317,-70.3284,-3.03237,-127.728989,81.8433,-14.3417,-29.0264,18.59,22.5173,-10.3513,7.66357,-14.3417,1642,-74.3417,Volatile State
1643,11:27:23,-74.9421,11.8909,127.823,1.969,-4.55561,-71.1277,-3.36768,-132.780557,77.6777,-14.5381,-29.0473,18.1353,21.9079,-11.8079,3.87466,-14.5381,1643,-74.5381,Volatile State
1644,11:27:24,-78.3945,9.75121,117.766,0.674,-5.14739,-71.4128,-0.707245,-142.99421,72.4589,-15.1702,-28.1793,18.0687,21.2292,-12.11,1.74789,-15.1702,1644,-75.1702,Volatile State
1645,11:27:25,-80.6575,8.8093,106.223,5.287,-4.81761,-71.7423,1.09282,-154.47579,66.1047,-15.1309,-26.9229,17.3507,21.305,-11.8658,0.3082,-15.1309,1645,-75.1309,Volatile State
1646,11:27:26,-78.4568,7.78169,102.132,6.428,-4.52418,-72.0041,0.984755,-161.292833,58.7859,-14.2312,-25.5025,15.8813,22.273,-11.9814,-0.125291,-14.2312,1646,-74.2312,Volatile State
1647,11:27:27,-79.6026,6.09926,102.865,3.722,-4.86557,-72.9407,3.807,-163.312848,51.1306,-14.9897,-25.1082,14.507,22.6326,-11.7972,0.270229,-14.9897,1647,-74.9897,Volatile State
1648,11:27:28,-79.6231,4.86214,103.0,3.875,-5.28001,-74.4792,6.06062,-165.233916,43.2644,-18.3698,-24.2399,13.7549,21.9655,-11.6175,0.061909,-18.3698,1648,-78.3698,Volatile State
1649,11:27:29,-80.0903,4.54439,100.827,7.088,-4.97137,-76.2191,6.33937,-165.23221,34.3626,-20.6704,-23.4925,13.0699,20.4106,-12.2158,-1.47666,-20.6704,1649,-80.6704,Volatile State
1650,11:27:30,-83.3949,4.40228,97.79,10.302,-4.71703,-77.7952,6.53839,-167.545508,25.6339,-22.2413,-21.4776,12.678,19.6407,-11.8438,-3.07899,-22.2413,1650,-82.2413,Volatile State
1651,11:27:31,-88.2622,3.62254,93.524,11.908,-6.0411,-78.6963,5.3307,-168.457959,15.2369,-24.4025,-19.9582,12.0246,19.6213,-11.1485,-2.91894,-24.4025,1651,-84.4025,Volatile State
1652,11:27:32,-89.3677,3.30465,86.651,13.61,-4.88366,-79.3257,5.67705,-168.684811,5.40764,-24.3915,-17.7269,10.9382,18.6893,-10.713,-1.94488,-24.3915,1652,-84.39150000000001,Volatile State
1653,11:27:33,-93.5213,3.76244,77.296,15.846,-4.39995,-79.3559,5.59595,-164.773971,-4.11075,-25.9145,-18.0422,11.5929,18.5118,-11.6547,-2.21782,-25.9145,1653,-85.9145,Volatile State
1654,11:27:34,-98.0066,4.59463,69.246,19.171,-2.18203,-77.3758,6.03499,-161.627648,-14.8008,-27.047,-18.9978,11.8426,19.1542,-12.1449,-1.75858,-27.047,1654,-87.047,Volatile State
1655,11:27:35,-102.336,5.79416,64.183,21.151,-0.570234,-73.8746,6.49176,-158.873329,-25.7936,-28.9528,-19.0714,11.2536,18.8775,-12.1924,-3.14569,-28.9528,1655,-88.9528,Volatile State
1656,11:27:36,-104.038,6.78609,64.583,18.186,-0.762133,-70.42,6.61169,-160.616104,-38.8576,-31.0285,-18.7844,10.4878,18.5689,-12.7312,-3.09923,-31.0285,1656,-91.02850000000001,Volatile State
1657,11:27:37,-106.76,8.53522,68.147,16.629,-0.564542,-66.4582,5.67797,-162.358878,-50.3106,-32.7439,-17.1999,11.1138,19.2457,-12.6707,-2.4978,-32.7439,1657,-92.7439,Volatile State
1658,11:27:38,-110.888,10.482,72.706,16.251,0.827178,-61.8253,6.6687,-164.101653,-60.8225,-33.1483,-16.5673,11.6465,20.2559,-13.1547,-2.49605,-33.1483,1658,-93.1483,Volatile State
1659,11:27:39,-111.632,12.5903,77.227,17.789,2.028,-54.4137,6.37026,-168.012013,-73.2486,-35.6963,-15.9673,12.8091,22.1735,-13.6097,-2.27312,-35.6963,1659,-95.69630000000001,Volatile State
1660,11:27:40,-112.554,13.789,84.219,14.063,0.501058,-49.1001,7.78425,-177.597759,-84.2108,-38.5624,-15.5063,12.2425,23.7624,-14.6654,-2.54152,-38.5624,1660,-98.5624,Volatile State
1661,11:27:41,-115.949,14.7595,96.439,12.36,0.544431,-45.8308,9.37521,-183.282541,-95.2902,-41.3411,-17.4501,12.7795,24.2717,-13.8101,-2.95078,-41.3411,1661,-101.3411,Volatile State
1662,11:27:42,-118.252,15.13,106.272,12.66,0.452336,-43.3869,11.7222,-186.420442,-103.454,-43.1184,-19.8993,13.0857,23.9006,-12.4608,-2.47157,-43.1184,1662,-103.11840000000001,Volatile State
1663,11:27:43,-118.866,15.5999,107.982,14.629,0.785869,-44.7425,12.56,-198.420823,-111.068,-44.1775,-20.9721,13.7803,22.9227,-11.6017,-1.66367,-44.1775,1663,-104.17750000000001,Volatile State
1664,11:27:44,-121.724,16.4132,98.339,11.629,-1.38713,-47.7256,12.1004,-208.153878,-114.998,-42.8958,-21.9575,14.0438,24.9416,-11.6417,1.23116,-42.8958,1664,-102.89580000000001,Volatile State
1665,11:27:45,-125.741,17.0079,83.687,8.335,-2.78416,-53.0399,11.3319,-206.800992,-119.09,-41.2395,-22.9132,14.7982,25.2841,-10.8165,4.67759,-41.2395,1665,-101.23949999999999,Volatile State
1666,11:27:46,-130.044,17.7529,70.206,10.275,-3.28627,-57.0478,11.954,-194.09403,-121.844,-40.9785,-23.2809,15.9034,22.3447,-10.5932,6.44229,-40.9785,1666,-100.9785,Volatile State
1667,11:27:47,-132.609,17.5035,59.772,10.683,-5.28338,-61.3948,11.6357,-168.621257,-123.359,-39.529,-23.0937,17.3867,19.3043,-10.2713,8.8962,-39.529,1667,-99.529,Volatile State
1668,11:27:48,-134.806,17.0746,50.761,7.495,-6.28229,-66.1944,13.4684,-149.032356,-123.811,-37.6503,-22.5742,19.4285,16.5664,-9.28631,11.3239,-37.6503,1668,-97.6503,Volatile State
1669,11:27:49,-138.588,16.7208,40.543,6.504,-8.23834,-70.3372,14.6558,-148.505299,-121.422,-35.6635,-23.852,19.3167,16.5953,-7.98031,16.2241,-35.6635,1669,-95.6635,Volatile State
1670,11:27:50,-140.394,15.6687,30.686,9.26,-9.64776,-73.5213,15.2772,-144.237973,-117.799,-33.1864,-25.8698,19.9068,15.4087,-7.43601,19.1796,-33.1864,1670,-93.18639999999999,Volatile State
1671,11:27:51,-138.985,13.3595,19.521,7.359,-11.7814,-76.328,16.8812,-136.499662,-112.478,-31.3214,-27.544,21.0707,14.8038,-7.47745,17.2737,-31.3214,1671,-91.3214,Volatile State
1672,11:27:52,-137.154,11.6459,13.885,4.768,-12.2982,-79.2648,15.5318,-140.226984,-105.316,-30.8993,-26.6418,23.4847,15.6212,-7.03122,17.1301,-30.8993,1672,-90.8993,Volatile State
1673,11:27:53,-136.694,11.0242,13.219,3.987,-12.394,-82.3782,14.5514,-145.020113,-96.9973,-33.0092,-25.2264,25.1311,15.8816,-6.63991,16.767,-33.0092,1673,-93.00919999999999,Volatile State
1674,11:27:54,-135.459,11.097,16.387,2.085,-12.1219,-83.6484,16.8742,-142.322914,-86.4502,-34.616,-24.2911,25.3091,16.0881,-6.6865,17.7908,-34.616,1674,-94.616,Volatile State
1675,11:27:55,-134.172,11.837,18.453,0.938,-10.6745,-82.0693,15.9814,-127.939293,-74.3459,-35.8124,-24.0522,24.3487,18.2092,-5.2298,19.2216,-35.8124,1675,-95.8124,Volatile State
1676,11:27:56,-132.118,11.8808,16.678,0.727,-9.3772,-79.9379,16.0531,-122.090781,-59.9627,-35.9244,-24.0134,24.0994,22.4225,-4.68496,19.3401,-35.9244,1676,-95.92439999999999,Volatile State
1677,11:27:57,-131.537,12.0755,14.53,2.461,-8.30029,-79.0613,16.0387,-126.071278,-45.9825,-36.8413,-24.9658,22.3403,25.1897,-4.3981,18.5716,-36.8413,1677,-96.84129999999999,Volatile State
1678,11:27:58,-131.71,13.2361,9.814,-1.067,-6.88031,-77.6378,15.4071,-143.076534,-30.7415,-34.5672,-25.5764,18.9688,26.456,-4.49846,18.3103,-34.5672,1678,-94.5672,Volatile State
1679,11:27:59,-133.704,14.6658,3.614,-0.656,-5.66388,-75.9317,14.1539,-150.623417,-16.6311,-30.6979,-26.1415,16.5797,28.1454,-2.87092,18.2922,-30.6979,1679,-90.6979,Volatile State
1680,11:28:00,-135.947,15.8939,-2.78,0.843,-4.51794,-76.0356,14.3932,-161.171055,-2.2532,-27.6676,-26.1379,16.7446,28.823,-2.43054,18.8848,-27.6676,1680,-87.6676,Volatile State
1681,11:28:01,-139.11,16.6741,-6.902,2.287,-3.32708,-76.3347,14.4006,-167.630828,12.2138,-25.2607,-25.344,17.2575,27.9795,-0.769094,18.5931,-25.2607,1681,-85.2607,Volatile State
1682,11:28:02,-144.822,17.1835,-7.262,1.029,-2.56858,-77.9218,14.5578,-179.241897,26.0537,-23.2311,-23.596,16.9603,27.3766,1.3451,18.516,-23.2311,1682,-83.2311,Volatile State
1683,11:28:03,-153.343,16.9828,-4.959,-0.483,-3.4062,-81.1479,14.7024,-184.856137,40.0934,-22.5368,-23.4676,16.3338,26.9419,2.64835,18.7783,-22.5368,1683,-82.5368,Volatile State
1684,11:28:04,-161.913,16.6578,-5.678,-1.199,-3.48582,-82.5633,14.8947,-184.230944,52.3699,-23.4264,-23.5985,14.5558,26.3294,3.70853,20.0724,-23.4264,1684,-83.4264,Volatile State
1685,11:28:05,-171.219,16.0221,-7.646,2.058,-1.51815,-81.0141,14.8206,-183.708707,62.8716,-25.3229,-23.5009,12.73,25.583,5.42957,20.6229,-25.3229,1685,-85.3229,Volatile State
1686,11:28:06,-177.283,15.5659,-8.864,3.764,-2.10447,-77.9364,15.3329,-200.243259,71.3929,-28.4936,-23.4063,10.8409,26.9027,7.00439,19.4911,-28.4936,1686,-88.4936,Volatile State
1687,11:28:07,-179.9,15.0681,-3.252,0.728,-2.03677,-73.328,15.2563,-223.456704,79.6204,-32.7299,-23.4111,10.894,29.8354,8.09295,16.671,-32.7299,1687,-92.7299,Volatile State
1688,11:28:08,-179.989,14.164,0.789,1.363,-0.491247,-67.3451,15.8214,-249.270773,86.6006,-37.4925,-22.4344,10.0286,31.6887,9.57006,14.9539,-37.4925,1688,-97.4925,Volatile State
1689,11:28:09,-178.28,14.0138,2.685,4.114,2.39605,-62.1514,14.5519,-258.154129,92.4798,-42.3296,-22.2687,11.6466,32.3211,9.6824,15.3275,-42.3296,1689,-102.3296,Volatile State
1690,11:28:10,-176.994,14.0107,1.471,3.233,6.29655,-56.6147,15.8629,-253.484106,96.2154,-47.4934,-22.001,13.4535,31.6266,9.38708,15.456,-47.4934,1690,-107.49340000000001,Volatile State
1691,11:28:11,-175.055,13.3152,-0.101,1.655,8.69946,-51.6416,16.3662,-232.102347,97.6078,-51.7472,-22.7285,15.2445,32.6462,7.3095,13.6913,-51.7472,1691,-111.74719999999999,Volatile State
1692,11:28:12,-173.689,12.7467,2.328,2.374,13.8917,-48.016,15.6161,-217.101705,97.653,-53.7147,-24.0673,13.5655,33.0502,6.84191,14.4783,-53.7147,1692,-113.7147,Volatile State
1693,11:28:13,-171.955,13.3337,6.721,6.869,18.4072,-45.2945,15.9004,-211.553034,94.5248,-54.0572,-25.5392,10.9332,33.676,5.87737,14.4729,-54.0572,1693,-114.0572,Volatile State
1694,11:28:14,-169.886,13.7592,12.206,8.95,19.2543,-43.9717,15.3876,-211.801958,87.2609,-53.451,-25.3944,9.92386,36.0265,4.82184,14.7796,-53.451,1694,-113.451,Volatile State
1695,11:28:15,-168.843,14.4569,13.456,5.973,21.3187,-42.361,14.1796,-201.491627,79.1473,-53.2719,-25.3499,10.3091,37.14,3.96721,14.3313,-53.2719,1695,-113.2719,Volatile State
1696,11:28:16,-165.787,15.498,15.348,6.524,22.518,-40.9219,13.9221,-186.498356,69.602,-52.6563,-23.5646,8.5368,35.1983,3.2494,14.3645,-52.6563,1696,-112.6563,Volatile State
1697,11:28:17,-164.532,16.5391,15.834,7.53,21.8046,-39.9205,13.2023,-177.897173,58.2267,-52.1027,-22.8876,6.98304,33.048,2.73649,14.3206,-52.1027,1697,-112.1027,Volatile State
1698,11:28:18,-161.817,16.8913,14.153,6.71,21.7408,-39.902,11.6959,-176.114483,47.9178,-50.9127,-23.6447,7.11588,33.0869,2.49087,13.3001,-50.9127,1698,-110.9127,Volatile State
1699,11:28:19,-159.287,16.6487,4.674,9.987,21.9498,-42.4268,11.4824,-188.607223,35.5611,-50.5178,-24.0617,6.547,34.3366,2.11109,11.859,-50.5178,1699,-110.5178,Volatile State
1700,11:28:20,-156.512,16.58,-7.155,13.019,22.8206,-45.0938,11.6086,-212.877425,23.924,-48.4476,-24.383,4.60256,34.3056,1.53227,10.2543,-48.4476,1700,-108.4476,Volatile State
1701,11:28:21,-154.197,16.5172,-20.288,11.983,21.0279,-46.2901,10.5794,-235.351981,11.5029,-46.3752,-25.2849,3.41017,33.675,0.473301,8.24553,-46.3752,1701,-106.3752,Volatile State
1702,11:28:22,-152.532,15.6152,-34.21,11.327,20.9081,-48.5825,10.7997,-244.141652,-0.563518,-44.9816,-26.5355,1.81536,33.8615,-0.341096,8.35193,-44.9816,1702,-104.9816,Volatile State
1703,11:28:23,-150.689,14.914,-46.718,12.257,19.2161,-51.7768,10.2406,-243.413395,-11.9983,-44.0166,-27.0113,1.85397,33.9377,-0.404462,9.09538,-44.0166,1703,-104.0166,Volatile State
1704,11:28:24,-148.621,13.9102,-55.233,12.426,17.1178,-56.1739,10.2169,-243.456508,-24.4588,-41.8327,-28.3782,1.92724,33.5593,-1.28093,10.6377,-41.8327,1704,-101.8327,Volatile State
1705,11:28:25,-145.942,12.2052,-53.432,10.303,13.2277,-59.7136,9.84107,-238.264892,-35.717,-39.6933,-29.3154,1.43412,33.8726,-2.76494,10.3164,-39.6933,1705,-99.6933,Volatile State
1706,11:28:26,-145.059,10.5382,-43.916,10.524,10.4604,-61.8881,8.74516,-214.050892,-45.2861,-36.3403,-29.2042,0.078541,34.8747,-4.60526,9.57247,-36.3403,1706,-96.3403,Volatile State
1707,11:28:27,-143.361,9.90583,-33.937,12.698,8.96777,-61.7521,8.38931,-196.874407,-53.9775,-33.1788,-29.6393,-0.341111,35.0568,-4.93667,8.86844,-33.1788,1707,-93.1788,Volatile State
1708,11:28:28,-141.852,9.08354,-25.64,13.464,5.54512,-59.7046,7.1116,-193.845973,-61.2978,-30.9076,-29.6497,-1.12258,33.8402,-4.51728,9.79047,-30.9076,1708,-90.9076,Volatile State
1709,11:28:29,-141.718,7.92488,-16.579,12.999,3.50135,-56.8083,7.45929,-206.07405,-67.4787,-29.9203,-30.329,-1.94987,33.4108,-4.66966,12.2072,-29.9203,1709,-89.9203,Volatile State
1710,11:28:30,-141.429,7.16114,-12.751,13.293,3.10599,-54.6234,8.28824,-224.242665,-74.3154,-30.065,-31.0755,-3.34133,33.705,-5.29399,13.7128,-30.065,1710,-90.065,Volatile State
1711,11:28:31,-142.952,6.32024,-9.869,10.373,1.47779,-52.9259,8.31598,-258.924191,-79.1285,-31.6767,-31.7261,-5.39006,33.5916,-5.22727,13.2124,-31.6767,1711,-91.6767,Volatile State
1712,11:28:32,-144.594,6.30703,-6.307,6.131,0.003559,-50.1055,8.36969,-277.472552,-83.4609,-33.6325,-31.6673,-6.63234,35.2393,-5.10354,12.5811,-33.6325,1712,-93.6325,Volatile State
1713,11:28:33,-144.88,6.74416,-1.198,8.246,-1.70626,-49.2106,6.31581,-272.416521,-86.1278,-36.1063,-30.2997,-8.32395,37.4958,-5.39575,11.4587,-36.1063,1713,-96.1063,Volatile State
1714,11:28:34,-144.987,7.46605,7.353,10.898,-0.477127,-49.2628,7.21009,-254.171017,-86.9431,-39.3939,-29.801,-9.23034,39.4372,-4.3006,12.133,-39.3939,1714,-99.3939,Volatile State
1715,11:28:35,-146.502,7.62197,14.534,8.66,-0.001427,-50.405,5.46169,-235.184876,-87.4167,-41.5181,-29.8582,-10.8931,41.4492,-3.98516,13.8767,-41.5181,1715,-101.5181,Volatile State
1716,11:28:36,-145.266,7.5524,17.153,5.524,-0.892089,-51.5667,4.45593,-229.192227,-86.1943,-42.7615,-31.4178,-13.8489,39.8056,-3.18762,15.2136,-42.7615,1716,-102.7615,Volatile State
1717,11:28:37,-144.185,7.39667,14.524,7.921,-2.93112,-53.5152,4.58725,-246.353138,-84.1199,-43.5501,-32.2699,-15.7906,36.908,-2.35521,15.0052,-43.5501,1717,-103.5501,Volatile State
1718,11:28:38,-144.462,8.10491,9.283,7.691,-3.47706,-54.7626,4.17792,-261.924526,-80.1621,-43.8354,-33.9088,-16.911,36.1471,-2.53452,12.4123,-43.8354,1718,-103.83539999999999,Volatile State
1719,11:28:39,-144.35,9.25899,3.83,7.165,-4.53523,-54.5415,5.11317,-276.353689,-74.8826,-44.5892,-33.8122,-18.9695,34.1341,-1.65783,11.2639,-44.5892,1719,-104.5892,Volatile State
1720,11:28:40,-144.235,10.7344,4.033,7.684,-5.34558,-53.513,4.43309,-291.617386,-69.087,-46.2902,-31.062,-19.6693,32.0152,-0.294502,13.2231,-46.2902,1720,-106.2902,Volatile State
1721,11:28:41,-142.142,12.0916,6.259,9.327,-5.26216,-52.0511,2.2584,-291.281303,-62.516,-47.7732,-30.1534,-20.659,30.8462,1.41661,16.192,-47.7732,1721,-107.7732,Volatile State
1722,11:28:42,-141.396,13.2328,10.181,11.69,-1.0649,-49.4151,2.32831,-260.109888,-56.2084,-49.2361,-30.1697,-21.8628,29.2629,2.11889,17.4348,-49.2361,1722,-109.2361,Volatile State
1723,11:28:43,-138.151,14.0047,14.819,11.121,1.86269,-45.7745,0.217431,-228.02962,-51.3242,-49.835,-30.5939,-23.7736,26.0443,1.72316,17.2339,-49.835,1723,-109.83500000000001,Volatile State
1724,11:28:44,-134.241,15.1557,16.408,8.13,1.92732,-40.7501,0.168781,-213.288479,-44.8502,-50.39,-30.7905,-25.1168,23.6207,1.25663,17.2429,-50.39,1724,-110.39,Volatile State
1725,11:28:45,-132.692,16.4002,15.67,7.077,4.07526,-32.7451,-0.408145,-207.081317,-38.3784,-50.9301,-32.4129,-23.5701,25.1798,-0.12291,17.6841,-50.9301,1725,-110.93010000000001,Volatile State
1726,11:28:46,-128.746,16.7206,14.849,9.789,6.12262,-24.413,0.303207,-195.035999,-31.2091,-53.0343,-32.0536,-21.6546,25.8733,-1.17472,17.8715,-53.0343,1726,-113.0343,Volatile State
1727,11:28:47,-124.841,16.7765,12.145,9.626,6.20899,-15.9473,0.986393,-176.148382,-23.1379,-52.8823,-31.2974,-19.5966,24.725,-1.99496,20.8228,-52.8823,1727,-112.8823,Volatile State
1728,11:28:48,-121.62,16.3044,7.541,7.495,7.60875,-6.89204,-0.541962,-178.94989,-14.0497,-52.6542,-29.8445,-18.3842,22.6168,-2.29729,24.4738,-52.6542,1728,-112.6542,Volatile State
1729,11:28:49,-118.944,14.9223,7.398,6.102,5.79721,2.37057,-3.60829,-190.296767,-3.61134,-50.5517,-29.2208,-16.5204,21.5007,-2.78145,23.4249,-50.5517,1729,-110.5517,Volatile State
1730,11:28:50,-114.932,14.2626,10.75,6.017,5.29551,9.34033,-5.09125,-206.575927,6.34103,-49.2953,-28.8102,-13.895,21.4312,-3.97898,21.3335,-49.2953,1730,-109.2953,Volatile State
1731,11:28:51,-112.455,14.3487,17.31,7.268,7.2414,14.4878,-5.51159,-216.106813,15.2778,-47.5781,-29.0987,-13.6559,22.054,-5.98947,19.8836,-47.5781,1731,-107.5781,Volatile State
1732,11:28:52,-109.556,15.36,26.076,5.299,7.38083,19.0013,-8.35378,-228.185539,23.8909,-44.0727,-30.0473,-13.1562,22.1963,-7.3657,18.3438,-44.0727,1732,-104.0727,Volatile State
1733,11:28:53,-108.507,16.52,38.019,4.048,9.52492,19.0251,-8.4482,-235.704083,31.1519,-40.9318,-30.0031,-11.8292,23.0144,-8.53903,17.7737,-40.9318,1733,-100.93180000000001,Volatile State
1734,11:28:54,-105.337,17.0029,49.598,6.716,9.67618,17.7841,-7.10998,-236.346387,37.443,-38.5889,-30.3884,-10.8282,23.3313,-9.22948,16.8299,-38.5889,1734,-98.5889,Volatile State
1735,11:28:55,-102.026,17.5136,58.295,7.696,11.1808,13.1433,-9.31541,-226.537131,45.4602,-36.1613,-30.3822,-9.23892,24.256,-9.5679,18.4994,-36.1613,1735,-96.1613,Volatile State
1736,11:28:56,-97.1963,17.9489,63.422,4.176,10.352,7.87817,-9.60053,-208.50226,53.8492,-34.5414,-30.5929,-8.98432,24.5226,-10.1882,21.4203,-34.5414,1736,-94.54140000000001,Volatile State
1737,11:28:57,-94.3435,16.997,65.266,2.534,9.57884,3.64451,-9.48598,-199.331766,63.3065,-34.6877,-31.3249,-9.02454,25.6772,-10.9563,22.7648,-34.6877,1737,-94.6877,Volatile State
1738,11:28:58,-91.1175,15.3972,62.068,4.476,9.26869,-3.27127,-10.0142,-194.010075,70.7592,-35.2268,-32.0197,-9.31076,26.1539,-12.6396,23.0909,-35.2268,1738,-95.2268,Volatile State
1739,11:28:59,-88.1842,13.9985,53.799,3.061,9.72807,-11.4669,-12.0948,-180.245203,76.251,-35.6217,-32.8354,-9.04697,25.6543,-13.4779,23.8056,-35.6217,1739,-95.6217,Volatile State
1740,11:29:00,-86.2559,12.7912,45.689,1.187,9.3491,-20.1785,-13.2792,-167.358321,80.6893,-36.0782,-34.4454,-9.2441,26.1302,-13.5452,24.2187,-36.0782,1740,-96.07820000000001,Volatile State
1741,11:29:01,-83.8444,12.4322,37.803,1.822,9.12867,-30.1759,-16.228,-159.314556,82.8503,-35.0499,-35.8598,-11.6143,26.2136,-13.6066,25.1645,-35.0499,1741,-95.04990000000001,Volatile State
1742,11:29:02,-83.558,11.862,32.62,2.912,8.36349,-39.5009,-17.0248,-154.682708,82.4989,-35.9649,-35.9376,-12.3731,27.3418,-14.4795,26.3236,-35.9649,1742,-95.9649,Volatile State
1743,11:29:03,-81.6858,11.394,32.278,2.481,8.21411,-47.4467,-20.0876,-163.852822,80.2656,-36.6482,-35.9478,-12.3382,28.5811,-15.0915,27.1386,-36.6482,1743,-96.6482,Volatile State
1744,11:29:04,-80.1385,11.1355,35.683,3.167,6.08527,-53.4518,-19.1331,-167.316413,77.4429,-38.135,-35.9447,-11.591,30.268,-15.7962,28.2983,-38.135,1744,-98.13499999999999,Volatile State
1745,11:29:05,-78.8752,10.9931,41.419,2.536,5.25329,-58.6783,-18.316,-176.880062,71.82,-39.9504,-36.2309,-12.2846,31.7408,-15.738,27.6378,-39.9504,1745,-99.9504,Volatile State
1746,11:29:06,-76.9719,11.0028,47.432,1.327,4.62631,-63.4252,-17.7159,-190.951735,65.0327,-42.2756,-35.0325,-12.1214,31.655,-15.0914,25.2442,-42.2756,1746,-102.2756,Volatile State
1747,11:29:07,-75.4375,10.5795,48.449,5.033,2.37214,-70.1883,-18.6136,-199.413771,57.2174,-45.2356,-33.9401,-10.9111,32.4983,-14.6092,23.2552,-45.2356,1747,-105.2356,Volatile State
1748,11:29:08,-75.1378,10.6826,46.674,6.853,4.42537,-75.288,-17.4808,-198.659936,48.2229,-49.7906,-32.7865,-10.2357,34.3421,-14.2739,21.4818,-49.7906,1748,-109.7906,Volatile State
1749,11:29:09,-75.664,11.0359,43.031,8.153,2.36194,-80.3093,-17.3052,-201.544782,37.6636,-54.6453,-31.9721,-9.49844,34.5788,-13.5295,20.6181,-54.6453,1749,-114.64529999999999,Volatile State
1750,11:29:10,-76.3965,10.4073,38.241,12.282,2.72438,-85.1084,-20.0661,-204.12892,29.112,-57.9448,-30.4973,-8.53273,34.2773,-13.9471,21.0009,-57.9448,1750,-117.9448,Volatile State
1751,11:29:11,-78.3585,9.95064,33.372,17.097,1.33245,-89.0614,-21.3938,-205.631588,18.5243,-60.512,-28.6443,-7.84992,34.5302,-14.2343,22.5654,-60.512,1751,-120.512,Volatile State
1752,11:29:12,-81.7596,10.1807,30.25,16.924,2.47202,-92.4346,-21.1877,-195.983251,10.3118,-59.9869,-26.3281,-7.20211,34.9169,-15.227,23.7087,-59.9869,1752,-119.98689999999999,Volatile State
1753,11:29:13,-84.6254,10.8322,28.948,19.13,-0.223385,-93.5257,-20.3755,-180.138974,0.735025,-59.4787,-25.7379,-4.88978,34.6297,-13.9907,20.9408,-59.4787,1753,-119.4787,Volatile State
1754,11:29:14,-88.2186,11.161,28.042,20.848,-1.3905,-95.2466,-20.0276,-173.117777,-9.4484,-59.6449,-24.5382,-3.10233,33.6886,-13.575,20.0085,-59.6449,1754,-119.6449,Volatile State
1755,11:29:15,-92.1166,11.4628,26.805,19.079,-1.42603,-96.3098,-18.4692,-178.268549,-19.8137,-59.998,-23.5934,-3.05116,33.8659,-13.0297,18.86,-59.998,1755,-119.99799999999999,Volatile State
1756,11:29:16,-94.7551,11.874,26.172,21.066,0.506622,-96.7036,-19.187,-192.748539,-31.0223,-63.218,-21.8906,-3.17469,32.4484,-11.5656,18.7107,-63.218,1756,-123.218,Volatile State
1757,11:29:17,-96.6114,12.1312,25.244,22.801,-0.026199,-99.6963,-19.9618,-206.236019,-42.3547,-65.5396,-20.4251,-2.19773,29.9044,-10.3886,19.1327,-65.5396,1757,-125.5396,Volatile State
1758,11:29:18,-98.6549,12.4796,24.923,24.951,-0.140893,-103.5,-20.9773,-222.276607,-52.4438,-67.648,-19.5791,-0.840923,28.5484,-10.5621,20.6958,-67.648,1758,-127.648,Volatile State
1759,11:29:19,-100.069,12.9914,24.241,24.776,-0.784401,-109.532,-20.9191,-245.851281,-62.1707,-70.4789,-20.0255,1.18331,28.9054,-10.0662,19.8326,-70.4789,1759,-130.4789,Volatile State
1760,11:29:20,-99.6091,13.5142,21.546,23.615,0.847954,-115.904,-23.0597,-275.254516,-68.311,-75.2318,-21.2249,1.81151,27.1683,-9.12454,17.0417,-75.2318,1760,-135.23180000000002,Volatile State
1761,11:29:21,-99.2838,13.5787,16.855,25.31,-1.23819,-122.089,-22.2467,-293.928197,-74.2562,-80.3958,-22.2923,3.24506,25.5096,-8.02373,15.1465,-80.3958,1761,-140.3958,Volatile State
1762,11:29:22,-98.6638,12.7448,12.71,23.855,-1.25648,-125.128,-20.5474,-293.823252,-78.0724,-85.2594,-23.4569,4.85065,24.9048,-7.3016,14.2474,-85.2594,1762,-145.2594,Volatile State
1763,11:29:23,-97.9341,12.4308,8.024,22.461,0.022713,-127.072,-20.3185,-278.017825,-79.0617,-89.0776,-26.1534,5.89055,26.4611,-5.91803,12.5529,-89.0776,1763,-149.07760000000002,Volatile State
1764,11:29:24,-96.4293,13.1131,3.875,18.711,-0.985124,-130.341,-18.5442,-248.881469,-79.9102,-90.5896,-28.2456,6.02273,25.4701,-4.69363,10.3399,-90.5896,1764,-150.58960000000002,Volatile State
1765,11:29:25,-96.2191,13.8474,-1.238,19.419,-1.57606,-132.166,-18.5955,-214.8918,-80.0466,-87.9141,-28.8804,7.28041,25.8332,-3.56618,9.97312,-87.9141,1765,-147.91410000000002,Volatile State
1766,11:29:26,-95.4812,14.2145,-6.203,19.033,-2.32468,-130.912,-16.6657,-194.807918,-79.6507,-85.1545,-27.5886,6.89767,26.0145,-3.98749,11.0527,-85.1545,1766,-145.15449999999998,Volatile State
1767,11:29:27,-93.8274,14.3817,-8.562,17.957,-3.57692,-129.902,-16.0858,-183.189357,-76.967,-82.5017,-26.8699,5.91444,25.2925,-3.73059,11.4572,-82.5017,1767,-142.5017,Volatile State
1768,11:29:28,-94.287,13.7456,-8.717,18.363,-5.07303,-129.001,-16.6274,-193.047604,-72.2703,-80.8983,-26.6637,6.12456,24.1795,-2.35412,13.4829,-80.8983,1768,-140.8983,Volatile State
1769,11:29:29,-94.4161,13.2768,-5.66,18.4,-4.78528,-128.971,-18.021,-202.905852,-65.4876,-78.6185,-27.0467,6.09605,25.3592,0.080207,14.7846,-78.6185,1769,-138.61849999999998,Volatile State
1770,11:29:30,-93.1123,12.2731,-1.712,18.236,-5.19023,-129.755,-18.1188,-212.764099,-56.1437,-78.9955,-27.7784,6.17961,28.1853,1.20282,15.9323,-78.9955,1770,-138.9955,Volatile State
1771,11:29:31,-91.8637,11.3139,2.002,16.388,-4.40925,-131.655,-16.9008,-225.137937,-48.5632,-79.526,-28.1166,6.53604,30.0802,1.11968,15.669,-79.526,1771,-139.526,Volatile State
1772,11:29:32,-89.4592,11.0603,3.59,14.774,-5.10632,-133.747,-14.9895,-236.682959,-37.5999,-81.9889,-28.0277,7.18257,30.2038,-0.014777,15.3522,-81.9889,1772,-141.9889,Volatile State
1773,11:29:33,-85.8419,11.6337,4.314,14.636,-4.38534,-131.953,-14.3385,-233.875417,-26.4807,-85.4628,-26.8225,7.85378,29.6758,-0.163275,15.152,-85.4628,1773,-145.46280000000002,Volatile State
1774,11:29:34,-81.2721,12.6578,1.384,15.075,-3.50791,-129.307,-13.8677,-227.62575,-13.3165,-88.676,-26.586,8.84336,29.0059,-0.462341,14.0434,-88.676,1774,-148.676,Volatile State
1775,11:29:35,-78.5458,12.7189,-5.992,14.962,-2.50101,-126.111,-14.7583,-221.376083,0.903006,-92.2696,-26.3486,10.867,28.2415,-0.672335,12.361,-92.2696,1775,-152.2696,Volatile State
1776,11:29:36,-77.6451,12.4502,-18.566,15.443,-2.43906,-122.095,-15.043,-215.126416,14.4256,-95.526,-26.0756,13.3754,26.9366,0.194005,9.86778,-95.526,1776,-155.526,Volatile State
1777,11:29:37,-75.3827,12.4876,-31.656,14.342,-1.55429,-116.31,-13.8445,-209.173722,28.9815,-97.0782,-26.1523,14.8925,27.047,1.63906,8.01218,-97.0782,1777,-157.07819999999998,Volatile State
1778,11:29:38,-72.2963,13.1605,-44.657,17.807,0.602795,-109.553,-14.5388,-201.329306,40.9924,-96.4719,-26.2152,14.0853,26.8253,1.46609,7.64005,-96.4719,1778,-156.4719,Volatile State
1779,11:29:39,-70.5131,14.0338,-54.093,17.828,3.3006,-103.937,-11.1542,-201.086918,52.8385,-94.3435,-26.3534,14.2055,24.7132,0.889249,8.53308,-94.3435,1779,-154.3435,Volatile State
1780,11:29:40,-68.8202,15.5339,-56.344,17.611,4.7631,-97.8945,-11.0972,-193.30603,63.6085,-90.2776,-24.6704,14.8171,21.2053,0.644056,8.73638,-90.2776,1780,-150.2776,Volatile State
1781,11:29:41,-68.0911,17.4834,-54.283,16.303,7.07838,-93.4253,-10.9799,-173.784304,73.801,-83.4384,-23.9718,16.0445,19.482,1.81052,8.75195,-83.4384,1781,-143.4384,Volatile State
1782,11:29:42,-67.202,18.6482,-51.855,17.735,8.63116,-87.3699,-9.64043,-155.784183,83.0181,-78.0848,-23.3185,17.0344,18.9376,2.02924,9.31548,-78.0848,1782,-138.0848,Volatile State
1783,11:29:43,-65.4678,19.0396,-51.242,17.604,11.1978,-82.7795,-8.52994,-129.412224,92.3409,-73.0933,-22.3846,16.9831,18.5703,2.15788,8.32147,-73.0933,1783,-133.0933,Volatile State
1784,11:29:44,-63.5859,18.0037,-51.445,16.091,12.6218,-77.6718,-7.86058,-121.996005,100.494,-69.9284,-23.409,17.4692,17.918,1.97151,8.08559,-69.9284,1784,-129.9284,Volatile State
1785,11:29:45,-62.0392,16.3259,-54.659,17.945,14.8412,-70.7843,-5.62876,-123.524875,108.338,-67.446,-24.7023,16.8869,17.1078,2.63559,10.4936,-67.446,1785,-127.446,Volatile State
1786,11:29:46,-59.7719,14.6065,-61.232,16.068,14.538,-63.8863,-4.07311,-122.42846,114.26,-66.8201,-24.3903,15.6103,17.157,3.78594,14.1041,-66.8201,1786,-126.8201,Volatile State
1787,11:29:47,-58.4123,12.5372,-69.581,12.68,14.4233,-56.82,-3.96796,-120.388832,118.043,-67.2832,-24.1196,14.8555,17.6722,3.90557,15.6845,-67.2832,1787,-127.2832,Volatile State
1788,11:29:48,-58.5119,10.8351,-77.61,9.996,14.8483,-53.089,-3.73891,-131.988892,120.142,-68.9692,-24.9146,14.1823,20.1273,3.03017,17.2059,-68.9692,1788,-128.9692,Volatile State
1789,11:29:49,-58.9469,10.5898,-78.565,10.974,15.2514,-49.1249,-6.54593,-146.201903,118.307,-70.8895,-24.0636,13.2717,21.7539,3.75337,19.1361,-70.8895,1789,-130.8895,Volatile State
1790,11:29:50,-60.2595,10.3952,-71.558,12.225,13.4129,-45.2967,-6.4025,-178.889978,115.957,-73.9504,-23.5006,13.9351,22.7917,4.39522,20.6378,-73.9504,1790,-133.9504,Volatile State
1791,11:29:51,-60.7441,9.84478,-59.162,10.785,11.523,-41.3854,-5.53678,-217.101545,108.286,-78.4147,-23.2107,15.4005,24.2861,4.9738,21.439,-78.4147,1791,-138.41469999999998,Volatile State
1792,11:29:52,-63.0278,9.18491,-46.854,12.669,10.7131,-35.7874,-4.47153,-242.594148,103.489,-82.9509,-24.0418,15.5854,23.9178,4.4703,20.9225,-82.9509,1792,-142.9509,Volatile State
1793,11:29:53,-63.4224,9.0061,-34.731,11.233,9.28661,-29.877,-3.59202,-254.961027,94.2553,-87.4183,-24.1506,15.7398,24.9946,3.57592,21.1823,-87.4183,1793,-147.4183,Volatile State
1794,11:29:54,-64.3588,8.50695,-25.97,11.308,9.48073,-23.4154,-5.70378,-258.700387,87.3785,-90.7769,-23.285,16.5039,25.3608,2.82597,21.4163,-90.7769,1794,-150.7769,Volatile State
1795,11:29:55,-65.155,8.08738,-19.783,11.981,8.1504,-18.8052,-7.65205,-256.302911,78.1704,-92.8511,-21.2296,17.3653,25.2958,2.63605,21.9988,-92.8511,1795,-152.8511,Volatile State
1796,11:29:56,-66.0451,8.3792,-16.814,12.4,5.97435,-17.1543,-6.93599,-246.005591,70.9282,-94.4705,-18.6945,18.914,25.05,2.48231,21.9154,-94.4705,1796,-154.47050000000002,Volatile State
1797,11:29:57,-66.2206,8.29767,-19.055,16.002,5.36181,-16.6891,-7.80134,-240.526121,61.6163,-94.9818,-17.5343,20.2153,24.2332,2.85009,20.2165,-94.9818,1797,-154.98180000000002,Volatile State
1798,11:29:58,-62.6311,7.86643,-24.357,22.547,4.74586,-16.6106,-8.46339,-236.569998,54.6085,-95.7895,-17.2079,21.9362,23.0966,2.60364,19.4147,-95.7895,1798,-155.7895,Volatile State
1799,11:29:59,-60.605,7.54422,-29.786,23.957,3.61421,-18.4547,-8.82177,-240.660733,46.4449,-94.0677,-17.5708,22.8429,21.8139,2.25621,17.6172,-94.0677,1799,-154.0677,Volatile State
1800,11:30:00,-57.8096,7.37688,-36.142,24.096,2.66856,-19.4318,-8.98486,-251.576946,37.8882,-91.1481,-17.5189,24.0838,19.4757,2.38154,17.6125,-91.1481,1800,-151.1481,Volatile State
1801,11:30:01,-57.3639,7.14191,-47.086,23.221,0.253803,-20.4189,-6.37106,-269.858327,29.9456,-88.3972,-18.4918,23.1163,16.5789,2.28734,18.4138,-88.3972,1801,-148.3972,Volatile State
1802,11:30:02,-55.3098,6.97451,-59.048,21.975,-2.31836,-21.9683,-5.9752,-284.487943,18.8073,-85.3428,-18.8946,20.2892,14.9859,1.71005,20.2186,-85.3428,1802,-145.3428,Volatile State
1803,11:30:03,-51.5229,5.85662,-70.159,22.282,-4.20287,-24.3263,-5.28712,-282.15154,5.8371,-82.8668,-18.3805,18.1115,14.6569,0.984178,22.4081,-82.8668,1803,-142.8668,Volatile State
1804,11:30:04,-47.8386,4.91324,-75.531,20.553,-5.26258,-25.9615,-4.9043,-286.47036,-6.60557,-81.3839,-17.3789,17.1908,12.8926,0.017606,23.6709,-81.3839,1804,-141.38389999999998,Volatile State
1805,11:30:05,-43.1705,4.35549,-73.669,21.905,-6.54737,-28.2464,-4.92084,-290.789181,-18.2611,-80.4207,-15.7401,16.9545,10.5329,-1.01247,23.6778,-80.4207,1805,-140.4207,Volatile State
1806,11:30:06,-39.5203,3.20975,-64.633,24.848,-8.94295,-31.053,-4.85752,-295.108001,-26.4125,-78.6258,-15.1921,15.8926,9.67979,-3.23444,23.6594,-78.6258,1806,-138.6258,Volatile State
1807,11:30:07,-35.7285,2.09356,-57.906,30.063,-11.3462,-33.2468,-5.26489,-285.782257,-35.5128,-75.5736,-16.3644,14.1968,8.39589,-6.69151,23.8051,-75.5736,1807,-135.5736,Volatile State
1808,11:30:08,-30.3327,1.57567,-53.199,27.836,-13.0613,-36.1098,-5.34622,-270.587875,-43.8243,-73.1023,-17.254,13.772,7.44515,-8.07555,26.4038,-73.1023,1808,-133.1023,Volatile State
1809,11:30:09,-24.7479,1.28914,-51.761,25.051,-12.8513,-39.2579,-4.6654,-245.811635,-50.4003,-70.8524,-17.6663,13.742,7.8262,-8.59654,29.0886,-70.8524,1809,-130.8524,Volatile State
1810,11:30:10,-18.8306,1.46416,-51.262,23.849,-14.5401,-44.3531,-4.03866,-225.033996,-55.2618,-68.2254,-19.3387,13.3033,8.44241,-9.536,28.7235,-68.2254,1810,-128.22539999999998,Volatile State
1811,11:30:11,-14.4959,1.87594,-50.839,23.274,-15.5115,-46.586,-4.40535,-215.94959,-61.5097,-66.8406,-21.3878,11.5236,8.6712,-11.238,28.1972,-66.8406,1811,-126.8406,Volatile State
1812,11:30:12,-9.89789,1.95911,-46.554,24.649,-15.8435,-49.8223,-4.62655,-216.936382,-66.2163,-65.023,-22.64,10.2836,9.37849,-13.6978,29.2549,-65.023,1812,-125.023,Volatile State
1813,11:30:13,-5.45239,1.4954,-39.02,24.08,-16.4062,-55.3943,-4.87126,-219.994294,-70.2128,-62.98,-22.8125,10.1862,10.1199,-15.6126,29.5068,-62.98,1813,-122.97999999999999,Volatile State
1814,11:30:14,-1.88925,1.03086,-30.491,23.438,-17.4602,-60.9804,-5.14668,-228.993091,-71.6845,-61.2728,-23.7365,10.1795,10.2488,-17.0723,30.6499,-61.2728,1814,-121.27279999999999,Volatile State
1815,11:30:15,3.6086,0.769865,-24.872,24.942,-18.2589,-64.1156,-5.85453,-241.95096,-72.3723,-60.397,-24.5593,9.86401,10.755,-19.4265,31.5411,-60.397,1815,-120.39699999999999,Volatile State
1816,11:30:16,7.14835,0.543581,-24.743,26.821,-19.5627,-66.3754,-4.84771,-260.981974,-71.3502,-60.825,-25.5828,7.19461,10.6923,-21.2012,31.1966,-60.825,1816,-120.825,Volatile State
1817,11:30:17,11.7099,-0.456857,-23.885,25.988,-19.5766,-70.5798,-3.63904,-276.802821,-69.7351,-60.334,-27.951,6.66526,10.9106,-21.9754,29.5313,-60.334,1817,-120.334,Volatile State
1818,11:30:18,14.9838,-1.47223,-23.557,25.018,-21.1839,-71.9356,-2.77079,-287.757222,-66.7271,-62.4482,-29.0264,6.79001,9.40489,-22.4968,27.878,-62.4482,1818,-122.4482,Volatile State
1819,11:30:19,18.0249,-2.6888,-22.83,28.186,-22.5662,-73.6309,-2.39973,-295.284802,-62.5407,-64.1311,-30.6366,5.67415,8.21152,-22.3752,25.6267,-64.1311,1819,-124.1311,Volatile State
1820,11:30:20,22.8313,-5.05012,-21.344,30.341,-22.3775,-78.1162,-3.36919,-298.374019,-56.6512,-66.239,-31.6804,3.97868,5.96439,-22.7285,24.638,-66.239,1820,-126.239,Volatile State
1821,11:30:21,25.5046,-7.28174,-17.75,28.427,-23.1261,-80.5611,-4.18919,-282.740151,-50.5439,-66.1071,-32.5062,2.97924,3.95618,-23.0832,22.0468,-66.1071,1821,-126.1071,Volatile State
1822,11:30:22,27.746,-8.44935,-13.943,24.619,-24.829,-81.5274,-3.98488,-267.106282,-42.9628,-65.6751,-32.3947,1.7865,2.48272,-21.9574,18.7898,-65.6751,1822,-125.6751,Volatile State
1823,11:30:23,27.4743,-9.98065,-12.685,26.115,-24.4142,-80.5074,-3.38231,-251.472414,-34.6756,-63.4803,-33.9496,1.48216,1.4539,-21.1547,16.4281,-63.4803,1823,-123.4803,Volatile State
1824,11:30:24,28.6687,-12.6304,-14.105,27.263,-24.6637,-80.1309,-2.24232,-248.649776,-27.8977,-60.4164,-36.1927,-0.03351,-0.44817,-20.455,15.9482,-60.4164,1824,-120.41640000000001,Volatile State
1825,11:30:25,28.5869,-15.0348,-16.89,26.742,-24.9054,-76.1064,-0.256104,-254.845683,-18.4907,-57.6574,-38.1675,-1.57051,-1.49828,-19.1134,14.4708,-57.6574,1825,-117.6574,Volatile State
1826,11:30:26,28.0464,-16.5497,-24.092,27.239,-25.5473,-72.6882,-0.282679,-261.151169,-9.80827,-54.1098,-39.3887,-2.0761,-0.785831,-17.8459,15.1844,-54.1098,1826,-114.1098,Volatile State
1827,11:30:27,28.8574,-17.1851,-32.679,30.973,-25.0582,-69.3021,0.307713,-256.072387,0.568121,-51.3574,-40.8213,-1.7108,0.267272,-17.519,15.3503,-51.3574,1827,-111.3574,Volatile State
1828,11:30:28,31.5261,-17.5747,-40.072,31.844,-21.7704,-69.5457,0.093045,-240.938757,10.688,-48.8816,-41.8917,-1.25499,1.3524,-17.7878,14.2535,-48.8816,1828,-108.88159999999999,Volatile State
1829,11:30:29,33.996,-18.2362,-47.196,30.873,-20.5747,-71.5548,-0.024663,-237.323997,21.8178,-46.368,-42.6743,-2.17955,1.69652,-15.1459,13.4436,-46.368,1829,-106.368,Volatile State
1830,11:30:30,37.7368,-18.6378,-52.526,31.715,-20.7474,-74.4675,2.17171,-236.419382,35.5056,-43.1184,-45.0842,-3.04674,2.21066,-11.8264,13.5946,-43.1184,1830,-103.11840000000001,Volatile State
1831,11:30:31,41.022,-18.8304,-51.954,32.061,-19.1718,-77.1127,1.36876,-223.76302,46.9658,-43.1501,-47.3873,-3.51266,3.15582,-9.98902,17.0078,-43.1501,1831,-103.15010000000001,Volatile State
1832,11:30:32,44.1205,-19.4382,-42.056,35.788,-15.9205,-79.8484,2.9465,-217.548217,58.481,-43.2252,-48.5719,-4.45935,5.00058,-10.7923,16.2582,-43.2252,1832,-103.2252,Volatile State
1833,11:30:33,45.8943,-18.6328,-26.541,33.651,-12.9416,-85.2387,2.86904,-237.829206,66.457,-43.7616,-49.3224,-6.26584,6.50055,-10.7809,15.7048,-43.7616,1833,-103.7616,Volatile State
1834,11:30:34,47.788,-17.8769,-7.681,30.007,-13.7035,-91.4772,1.45662,-258.110195,74.7433,-44.184,-49.3821,-8.65798,8.90025,-11.1117,17.7225,-44.184,1834,-104.184,Volatile State
1835,11:30:35,50.8506,-16.9889,8.982,27.545,-13.0737,-91.585,3.41559,-278.391184,80.2419,-45.6467,-47.7883,-10.2083,11.7521,-11.3765,18.6679,-45.6467,1835,-105.64670000000001,Volatile State
1836,11:30:36,54.8888,-16.9654,15.065,26.672,-12.3676,-88.8442,4.46763,-283.43862,86.1749,-46.8127,-45.7766,-12.9926,11.9827,-10.4478,19.4089,-46.8127,1836,-106.8127,Volatile State
1837,11:30:37,59.1666,-18.1857,16.345,27.037,-10.7814,-86.3078,5.16191,-277.37042,92.2803,-47.5103,-44.1028,-14.0455,11.6638,-9.80245,20.0169,-47.5103,1837,-107.5103,Volatile State
1838,11:30:38,61.7133,-19.7705,15.458,28.894,-11.4528,-85.1774,6.69143,-266.702854,97.7804,-47.6748,-44.67,-15.168,10.7456,-8.62778,19.8006,-47.6748,1838,-107.6748,Volatile State
1839,11:30:39,65.8579,-20.6386,13.727,32.561,-10.2586,-84.5946,7.92313,-267.374654,102.875,-47.8898,-45.9945,-16.6052,13.0386,-8.89505,19.2897,-47.8898,1839,-107.88980000000001,Volatile State
1840,11:30:40,70.5278,-20.5944,15.081,35.886,-8.45958,-85.3875,10.4099,-268.792559,107.41,-46.4955,-47.1002,-17.8968,14.123,-9.1154,19.2101,-46.4955,1840,-106.49549999999999,Volatile State
1841,11:30:41,77.0472,-19.6797,18.468,37.152,-8.22642,-87.5097,10.8269,-268.221459,107.511,-44.2449,-45.6108,-17.4844,14.4566,-8.85794,19.6938,-44.2449,1841,-104.2449,Volatile State
1842,11:30:42,82.23,-19.9545,24.025,32.094,-6.09887,-87.7497,12.4947,-266.09497,107.045,-42.0449,-43.1065,-17.1754,15.1043,-7.45311,21.0255,-42.0449,1842,-102.0449,Volatile State
1843,11:30:43,88.9421,-21.49,28.89,28.499,-5.60301,-86.945,12.0179,-251.86342,103.833,-41.3007,-41.6453,-17.0187,16.7816,-6.68022,21.351,-41.3007,1843,-101.3007,Volatile State
1844,11:30:44,96.3908,-23.1231,27.89,24.782,-6.01338,-85.149,11.3711,-238.500517,98.249,-40.7413,-40.9697,-18.0576,16.9444,-6.13973,22.39,-40.7413,1844,-100.7413,Volatile State
1845,11:30:45,103.301,-24.097,21.115,22.211,-4.97581,-82.7298,10.2426,-231.391367,91.657,-42.2127,-40.2178,-18.8008,16.0508,-6.55046,22.8004,-42.2127,1845,-102.2127,Volatile State
1846,11:30:46,108.121,-24.4782,11.492,19.886,-3.04879,-79.2206,9.51758,-228.850401,82.733,-43.3374,-38.7946,-18.5344,16.8354,-8.24688,25.7779,-43.3374,1846,-103.3374,Volatile State
1847,11:30:47,112.48,-25.9142,-0.692,19.207,-3.84146,-74.9387,8.94737,-224.779041,72.2831,-45.8327,-36.9343,-19.8671,16.7539,-8.6421,27.6288,-45.8327,1847,-105.8327,Volatile State
1848,11:30:48,118.249,-26.782,-9.971,17.358,-3.8755,-70.7947,10.046,-227.315526,61.3989,-47.869,-35.619,-21.6202,17.3793,-9.18612,30.26,-47.869,1848,-107.869,Volatile State
1849,11:30:49,122.377,-25.4813,-17.553,16.189,-1.84512,-67.1385,6.52494,-228.508174,49.4761,-46.9352,-35.4695,-22.376,17.3287,-9.38452,31.4009,-46.9352,1849,-106.93520000000001,Volatile State
1850,11:30:50,125.158,-24.1997,-23.472,13.685,-5.0609,-63.499,6.46332,-229.181279,38.604,-45.8921,-35.0898,-22.9805,18.0539,-9.87248,30.9337,-45.8921,1850,-105.8921,Volatile State
1851,11:30:51,128.566,-22.641,-27.318,12.371,-5.25045,-63.6941,7.46327,-230.664717,25.4031,-45.6478,-34.0149,-22.1344,18.2709,-10.8579,30.9435,-45.6478,1851,-105.64779999999999,Volatile State
1852,11:30:52,129.751,-21.5307,-32.879,8.736,-7.80982,-65.2035,6.99589,-226.714579,12.2612,-43.7792,-34.1804,-22.4193,21.1089,-12.3128,34.6156,-43.7792,1852,-103.7792,Volatile State
1853,11:30:53,131.669,-20.8856,-40.103,6.578,-8.70902,-62.3851,8.17717,-213.275908,-0.546513,-41.5482,-35.858,-23.7805,22.9813,-13.4159,39.0036,-41.5482,1853,-101.54820000000001,Volatile State
1854,11:30:54,133.309,-21.2398,-46.275,4.129,-11.7031,-58.9296,9.15729,-201.615453,-13.3298,-41.5925,-36.7158,-23.984,24.9645,-13.1295,39.714,-41.5925,1854,-101.5925,Volatile State
1855,11:30:55,136.849,-21.6839,-51.885,4.364,-13.9914,-56.4027,7.91488,-193.418782,-24.4019,-40.9721,-37.0386,-23.1371,24.6909,-11.8543,38.6102,-40.9721,1855,-100.9721,Volatile State
1856,11:30:56,138.772,-21.9141,-56.875,3.356,-14.2398,-54.0476,6.50334,-199.524495,-36.2907,-42.3931,-38.5228,-21.535,22.5382,-11.4948,34.5453,-42.3931,1856,-102.3931,Volatile State
1857,11:30:57,143.245,-21.759,-62.435,6.335,-13.3443,-53.5241,9.1214,-217.251191,-46.8362,-46.9468,-39.9809,-21.1222,21.6807,-10.9623,32.6228,-46.9468,1857,-106.9468,Volatile State
1858,11:30:58,152.804,-21.3594,-68.647,11.654,-12.1623,-53.8373,7.12313,-235.027172,-55.7104,-51.2489,-39.1195,-21.5756,21.2416,-11.3106,33.4159,-51.2489,1858,-111.24889999999999,Volatile State
1859,11:30:59,161.599,-21.3295,-79.594,10.688,-13.3797,-53.468,9.08468,-246.046188,-63.5861,-57.0606,-39.1073,-22.0571,22.6942,-11.5789,34.4175,-57.0606,1859,-117.0606,Volatile State
1860,11:31:00,170.823,-21.1224,-91.874,11.115,-11.3926,-53.4095,10.6989,-252.582383,-69.0543,-61.7933,-39.3605,-21.1874,23.2569,-11.8093,33.9717,-61.7933,1860,-121.7933,Volatile State
1861,11:31:01,179.932,-20.2882,-99.583,13.506,-11.5732,-55.6801,11.2355,-249.219853,-71.8255,-63.3489,-40.2004,-21.649,23.4944,-10.757,31.8852,-63.3489,1861,-123.3489,Volatile State
1862,11:31:02,187.363,-18.8698,-101.106,12.971,-13.5198,-58.2265,11.6434,-242.651642,-73.9972,-64.8776,-40.3346,-23.9146,22.5911,-9.90289,28.626,-64.8776,1862,-124.8776,Volatile State
1863,11:31:03,193.562,-18.5639,-92.018,9.521,-14.2734,-60.7608,10.5356,-238.702773,-74.0825,-66.5063,-41.1879,-26.8163,21.2795,-9.21614,25.9393,-66.5063,1863,-126.5063,Volatile State
1864,11:31:04,201.341,-19.16,-77.266,9.56,-13.5883,-62.5422,8.83084,-230.623279,-72.5941,-69.0181,-40.7943,-27.5117,22.034,-9.63616,25.2141,-69.0181,1864,-129.0181,Volatile State
1865,11:31:05,204.887,-19.427,-59.348,13.759,-13.4026,-65.212,8.8376,-219.85454,-69.9159,-71.7391,-39.2293,-26.2249,23.4221,-9.56736,26.4438,-71.7391,1865,-131.7391,Volatile State
1866,11:31:06,208.011,-19.0583,-44.423,13.371,-14.4869,-64.3153,10.3162,-214.660048,-66.2378,-75.5981,-38.2466,-25.9808,24.207,-10.0598,26.7677,-75.5981,1866,-135.5981,Volatile State
1867,11:31:07,209.288,-18.4942,-32.371,12.021,-13.1815,-63.0566,10.6539,-219.193343,-62.4057,-79.0824,-38.0236,-27.4501,24.1977,-10.8679,25.8528,-79.0824,1867,-139.0824,Volatile State
1868,11:31:08,208.064,-17.2017,-27.178,9.701,-12.5888,-61.7632,10.3004,-233.788914,-54.4545,-83.5515,-38.8845,-28.4734,24.8157,-9.79701,23.2491,-83.5515,1868,-143.5515,Volatile State
1869,11:31:09,206.801,-15.2799,-33.015,9.833,-13.0769,-60.9164,10.5375,-255.889969,-47.4006,-88.6944,-38.4286,-29.0764,23.9011,-7.19023,19.8506,-88.6944,1869,-148.6944,Volatile State
1870,11:31:10,206.354,-14.9893,-45.242,8.851,-12.1069,-59.6532,10.528,-271.262946,-38.2063,-94.1101,-38.7068,-29.6456,24.3098,-4.93016,18.3306,-94.1101,1870,-154.1101,Volatile State
1871,11:31:11,204.63,-14.7653,-52.027,6.131,-13.7262,-57.5804,11.1573,-277.710641,-28.5201,-97.8464,-38.5848,-31.3469,26.1304,-5.13486,19.9598,-97.8464,1871,-157.84640000000002,Volatile State
1872,11:31:12,202.875,-14.2735,-48.252,6.972,-14.5291,-58.9766,8.65115,-275.110128,-21.114,-100.298,-37.608,-32.7864,28.9167,-7.07593,20.4826,-100.298,1872,-160.298,Volatile State
1873,11:31:13,200.68,-14.7709,-35.676,8.272,-15.0965,-61.5786,7.18288,-274.54915,-11.1909,-103.884,-38.1855,-31.8138,29.8957,-8.77401,21.4589,-103.884,1873,-163.88400000000001,Volatile State
1874,11:31:14,196.463,-15.5676,-27.006,8.904,-17.2921,-63.7829,7.58547,-285.031576,-4.31159,-104.566,-38.7689,-30.6183,27.9237,-9.76314,20.8587,-104.566,1874,-164.566,Volatile State
1875,11:31:15,190.751,-16.2459,-28.807,6.888,-17.7404,-68.3324,8.75275,-289.871796,3.95939,-104.873,-39.9244,-32.0025,24.0137,-11.0586,19.6936,-104.873,1875,-164.873,Volatile State
1876,11:31:16,185.771,-17.1406,-40.328,4.862,-15.893,-71.8781,7.33648,-281.544996,9.57676,-102.857,-41.5001,-32.3121,22.7108,-11.2898,18.836,-102.857,1876,-162.857,Volatile State
1877,11:31:17,180.063,-17.5943,-57.607,1.774,-14.4196,-75.6197,6.01354,-272.783087,17.0243,-98.9083,-42.8424,-31.9701,22.7643,-12.5304,20.1482,-98.9083,1877,-158.9083,Volatile State
1878,11:31:18,175.417,-17.9774,-70.762,2.761,-12.6159,-78.8124,5.57083,-271.517847,24.4405,-96.1304,-42.5944,-30.5703,22.7952,-14.2236,21.2837,-96.1304,1878,-156.1304,Volatile State
1879,11:31:19,171.725,-17.4012,-75.735,0.922,-12.2846,-82.3982,5.52819,-273.42057,29.1649,-92.6767,-41.7201,-29.8603,23.1256,-14.787,21.4994,-92.6767,1879,-152.67669999999998,Volatile State
1880,11:31:20,169.496,-16.9878,-79.12,0.834,-10.5689,-86.9173,7.35763,-281.555066,36.8421,-89.5549,-41.7655,-27.1112,22.3586,-16.8595,20.4324,-89.5549,1880,-149.5549,Volatile State
1881,11:31:21,165.347,-16.7916,-79.455,1.546,-7.80846,-93.5847,8.0348,-279.426704,42.7636,-86.0941,-41.078,-26.1048,21.3812,-18.1846,18.5577,-86.0941,1881,-146.0941,Volatile State
1882,11:31:22,161.614,-17.4842,-76.256,-0.002,-5.17572,-99.444,6.48678,-272.284272,52.0808,-83.771,-40.3122,-25.1389,20.4302,-19.6003,18.8347,-83.771,1882,-143.77100000000002,Volatile State
1883,11:31:23,157.866,-18.4961,-72.966,-0.486,-4.00091,-102.23,5.46645,-267.79375,57.7322,-80.8744,-39.203,-25.418,18.876,-20.7738,19.631,-80.8744,1883,-140.87439999999998,Volatile State
1884,11:31:24,155.548,-19.6354,-70.926,1.015,-4.41136,-105.892,2.34531,-266.263615,64.3781,-79.2651,-38.4937,-25.2436,18.4037,-21.0079,20.1666,-79.2651,1884,-139.26510000000002,Volatile State
1885,11:31:25,154.168,-20.7757,-66.398,1.523,-1.75435,-107.006,2.38928,-272.543554,69.52,-78.969,-36.537,-26.8082,16.7215,-22.0778,21.7843,-78.969,1885,-138.969,Volatile State
1886,11:31:26,153.1,-21.2893,-63.751,2.63,0.20753,-108.292,4.78206,-284.513586,72.7526,-79.1473,-35.3107,-27.9655,15.2256,-22.2311,23.2995,-79.1473,1886,-139.1473,Volatile State
1887,11:31:27,154.871,-21.3402,-64.254,1.338,-1.52987,-109.461,6.94642,-298.246435,76.5084,-80.4179,-33.876,-27.884,13.027,-22.3,22.6606,-80.4179,1887,-140.4179,Volatile State
1888,11:31:28,157.342,-21.1673,-67.68,2.962,0.536971,-112.426,7.60403,-302.265333,78.9284,-81.9164,-31.7674,-28.422,11.3008,-22.5358,22.4219,-81.9164,1888,-141.9164,Volatile State
1889,11:31:29,159.11,-21.0871,-71.775,6.048,-0.211311,-116.846,7.70313,-299.63487,79.4905,-85.4083,-31.1913,-27.0598,9.79899,-21.4146,22.6399,-85.4083,1889,-145.4083,Volatile State
1890,11:31:30,161.53,-21.6235,-77.019,9.059,1.74581,-120.69,6.07152,-279.72651,78.7178,-89.3895,-32.3224,-27.2509,7.98308,-21.9589,23.5904,-89.3895,1890,-149.3895,Volatile State
1891,11:31:31,161.891,-22.7542,-77.595,10.303,2.30715,-123.671,3.44374,-259.594855,77.0906,-93.4756,-34.3519,-28.1428,9.55061,-22.3966,23.2523,-93.4756,1891,-153.4756,Volatile State
1892,11:31:32,161.883,-24.0039,-72.125,10.768,-0.572489,-124.002,3.45511,-244.916381,74.4006,-95.987,-35.1112,-28.9862,12.4794,-22.206,22.1695,-95.987,1892,-155.987,Volatile State
1893,11:31:33,160.796,-25.0801,-62.591,15.604,-0.128299,-121.641,0.269847,-230.385127,71.076,-97.8271,-34.2977,-28.479,14.8195,-20.9961,20.6019,-97.8271,1893,-157.8271,Volatile State
1894,11:31:34,158.955,-25.7842,-54.539,15.596,-1.25802,-118.344,-0.542968,-222.414416,69.5228,-98.0514,-33.163,-28.324,14.8708,-19.6859,18.1416,-98.0514,1894,-158.0514,Volatile State
1895,11:31:35,156.891,-25.9162,-47.066,11.655,-1.12614,-116.456,-0.354384,-229.94431,65.788,-98.1014,-33.924,-28.5609,15.2538,-18.7497,16.9259,-98.1014,1895,-158.1014,Volatile State
1896,11:31:36,155.128,-25.068,-36.802,11.241,-2.84403,-115.722,1.57638,-240.658221,61.9543,-96.6994,-35.7816,-28.1478,14.7964,-18.5244,14.5217,-96.6994,1896,-156.6994,Volatile State
1897,11:31:37,152.585,-23.9865,-21.818,13.913,-2.8016,-115.788,0.383091,-247.011889,57.1522,-93.8828,-36.6744,-28.3313,15.3591,-18.4783,14.4823,-93.8828,1897,-153.8828,Volatile State
1898,11:31:38,151.36,-22.7723,-6.855,13.669,-3.53422,-114.006,-0.480508,-251.202928,50.8166,-92.7316,-36.8775,-28.4381,15.9878,-18.8001,15.5952,-92.7316,1898,-152.73160000000001,Volatile State
1899,11:31:39,149.341,-22.0692,9.189,11.0,-5.07804,-111.458,-1.08075,-240.876057,43.8226,-91.3528,-36.9629,-28.5551,17.2246,-19.5217,15.5575,-91.3528,1899,-151.3528,Volatile State
1900,11:31:40,147.323,-24.0751,19.315,10.395,-4.59488,-110.225,-2.51025,-225.588928,36.2683,-91.1659,-36.4528,-28.3013,17.017,-19.2769,15.4197,-91.1659,1900,-151.1659,Volatile State
1901,11:31:41,143.93,-27.7114,22.425,13.644,-5.1507,-110.238,-2.90683,-223.821741,28.0723,-91.3618,-34.8284,-28.1177,14.5954,-18.6134,14.8482,-91.3618,1901,-151.36180000000002,Volatile State
1902,11:31:42,140.087,-31.3153,19.956,12.261,-5.43101,-110.908,-5.86742,-228.733554,20.815,-90.9655,-32.1037,-28.4483,11.4175,-17.6619,13.8092,-90.9655,1902,-150.96550000000002,Volatile State
1903,11:31:43,136.184,-33.0993,17.795,9.142,-5.9551,-111.233,-6.66509,-243.235575,9.93249,-91.2793,-31.2414,-27.9173,9.2538,-17.3777,14.5435,-91.2793,1903,-151.2793,Volatile State
1904,11:31:44,132.554,-33.5311,15.992,9.596,-4.87465,-110.127,-7.3355,-254.511894,0.821384,-90.077,-30.979,-27.6167,7.08247,-17.0353,16.2344,-90.077,1904,-150.077,Volatile State
1905,11:31:45,128.922,-33.286,15.273,11.449,-6.2054,-107.352,-6.92781,-250.054868,-11.2211,-89.0473,-32.3149,-27.1613,7.06317,-17.6719,18.0325,-89.0473,1905,-149.0473,Volatile State
1906,11:31:46,125.75,-32.448,18.994,9.642,-6.9035,-102.224,-6.34192,-227.990551,-21.2358,-87.2099,-32.3013,-26.7567,7.58458,-16.848,17.9373,-87.2099,1906,-147.2099,Volatile State
1907,11:31:47,120.354,-31.8663,25.219,7.223,-6.63298,-98.2545,-9.19657,-199.040429,-32.1004,-87.0956,-30.5054,-27.2708,6.66744,-17.1563,16.9014,-87.0956,1907,-147.0956,Volatile State
1908,11:31:48,115.019,-30.4266,29.61,5.721,-8.17327,-95.6097,-9.57317,-172.863746,-43.1018,-87.4406,-28.5078,-27.423,3.92275,-14.5673,16.238,-87.4406,1908,-147.44060000000002,Volatile State
1909,11:31:49,109.942,-29.1143,33.147,7.661,-7.68703,-91.9279,-8.11911,-159.604672,-52.2454,-87.1367,-28.1871,-28.0837,1.52852,-13.6699,16.2816,-87.1367,1909,-147.13670000000002,Volatile State
1910,11:31:50,105.417,-29.0372,35.116,8.327,-7.74647,-89.3651,-4.97899,-153.47523,-60.5363,-88.1231,-28.8887,-26.6456,-0.133629,-11.5582,17.5336,-88.1231,1910,-148.1231,Volatile State
1911,11:31:51,102.114,-29.9878,33.974,4.797,-7.87142,-85.6116,-2.93666,-147.710883,-66.8219,-86.3956,-30.5762,-26.7564,0.393574,-10.4488,17.9525,-86.3956,1911,-146.3956,Volatile State
1912,11:31:52,99.4057,-31.2844,33.059,4.576,-9.82108,-82.6025,-1.99556,-154.747193,-73.3299,-84.3988,-32.0637,-25.6115,0.705542,-8.61239,16.0096,-84.3988,1912,-144.3988,Volatile State
1913,11:31:53,96.6744,-30.3416,29.481,3.187,-10.0612,-79.6366,-0.131068,-179.518925,-79.0212,-84.0926,-32.9925,-25.7911,2.42153,-7.13473,15.1032,-84.0926,1913,-144.0926,Volatile State
1914,11:31:54,95.015,-29.1343,25.724,3.013,-10.0081,-76.0369,1.05844,-183.916047,-85.1513,-83.0423,-33.2161,-25.161,1.52218,-5.13436,14.8635,-83.0423,1914,-143.0423,Volatile State
1915,11:31:55,93.5303,-28.1379,25.655,4.061,-7.69786,-72.6746,2.09287,-163.749355,-89.9818,-83.2133,-33.542,-24.3065,0.175797,-3.80672,16.5325,-83.2133,1915,-143.2133,Volatile State
1916,11:31:56,93.3819,-27.2818,30.926,4.012,-7.30499,-67.8403,1.71659,-136.257519,-93.1501,-83.2423,-34.3734,-23.6815,-1.26538,-3.39419,18.2224,-83.2423,1916,-143.2423,Volatile State
1917,11:31:57,93.7728,-26.7237,35.383,4.006,-6.10461,-64.868,-0.301162,-118.75518,-93.7272,-81.9345,-34.4324,-21.89,-2.06785,-2.7775,18.2502,-81.9345,1917,-141.9345,Volatile State
1918,11:31:58,93.4597,-26.0624,37.733,6.948,-7.9902,-61.9218,0.817199,-115.64337,-92.7522,-82.6576,-35.0552,-19.3277,0.257951,-2.23038,17.6022,-82.6576,1918,-142.6576,Volatile State
1919,11:31:59,92.9276,-25.4243,36.095,10.6,-6.48495,-61.2221,2.1217,-127.059586,-89.7593,-84.457,-36.787,-16.7079,1.30624,-2.92039,17.0744,-84.457,1919,-144.457,Volatile State
1920,11:32:00,94.1517,-25.168,35.371,11.474,-5.38237,-59.8578,4.62502,-140.965453,-86.0513,-88.5779,-38.2493,-15.8479,-0.2946,-3.24473,17.8637,-88.5779,1920,-148.5779,Volatile State
1921,11:32:01,93.9723,-25.432,38.364,9.733,-4.35946,-61.733,6.25043,-142.231501,-82.0024,-93.8529,-38.8029,-14.902,-2.81186,-3.77513,19.3245,-93.8529,1921,-153.8529,Volatile State
1922,11:32:02,93.337,-25.2457,44.031,11.792,-7.41643,-63.5829,5.45398,-134.072331,-75.5961,-98.6258,-39.1957,-14.9964,-5.99967,-3.67634,19.7697,-98.6258,1922,-158.6258,Volatile State
1923,11:32:03,94.5351,-23.8941,51.562,15.484,-6.42622,-64.2981,4.14623,-126.998421,-71.9308,-104.117,-39.3318,-14.338,-8.21118,-2.49298,18.6132,-104.117,1923,-164.11700000000002,Volatile State
1924,11:32:04,95.1382,-22.8352,59.377,15.997,-8.00444,-63.6314,3.63961,-120.130819,-65.6645,-109.814,-38.7,-14.633,-9.57987,-0.441268,18.8318,-109.814,1924,-169.814,Volatile State
1925,11:32:05,93.5551,-22.3927,63.878,18.509,-7.14154,-63.9079,3.94239,-101.626859,-61.5698,-115.128,-37.5993,-14.1715,-10.6969,1.96502,21.1033,-115.128,1925,-175.128,Volatile State
1926,11:32:06,90.3204,-22.5273,64.763,16.575,-7.40017,-67.0415,5.23966,-88.282621,-55.4396,-120.094,-37.265,-15.4681,-12.2483,3.15998,23.0806,-120.094,1926,-180.094,Volatile State
1927,11:32:07,88.7815,-22.9381,62.547,16.62,-5.89472,-73.3468,4.67069,-87.618949,-51.8409,-124.708,-37.0058,-15.8059,-13.3123,4.68188,24.4414,-124.708,1927,-184.708,Volatile State
1928,11:32:08,85.7088,-23.301,58.585,18.707,-6.64334,-80.3058,6.93704,-104.186229,-45.0899,-128.014,-36.7273,-16.4226,-14.4301,5.36115,25.5499,-128.014,1928,-188.014,Volatile State
1929,11:32:09,81.5778,-24.0694,56.782,19.871,-5.36682,-86.9456,8.94943,-127.390536,-40.9088,-129.109,-36.3869,-17.8475,-15.7704,6.62112,25.8744,-129.109,1929,-189.109,Volatile State
1930,11:32:10,77.791,-24.4854,58.638,20.809,-6.13568,-93.2095,10.3431,-147.167744,-33.838,-126.805,-34.6962,-20.1422,-15.3132,8.22589,26.6085,-126.805,1930,-186.805,Volatile State
1931,11:32:11,72.7678,-25.1217,60.717,22.467,-8.03903,-96.0617,9.76904,-152.166938,-28.6322,-124.447,-32.9733,-21.6334,-14.1974,8.64968,27.2717,-124.447,1931,-184.447,Volatile State
1932,11:32:12,67.238,-25.7817,65.497,23.354,-8.74935,-93.9262,8.02958,-144.950189,-21.4381,-120.755,-31.7487,-22.6452,-11.98,9.46926,28.2028,-120.755,1932,-180.755,Volatile State
1933,11:32:13,61.1945,-26.6195,70.46,24.121,-11.9055,-92.2004,9.121,-137.53077,-15.0249,-117.556,-32.5571,-23.1738,-10.6122,9.00313,27.7559,-117.556,1933,-177.55599999999998,Volatile State
1934,11:32:14,56.2045,-27.5546,74.508,25.731,-12.9902,-90.1797,11.1087,-131.807452,-6.09714,-116.354,-33.5987,-24.1659,-10.1067,8.646,25.7668,-116.354,1934,-176.35399999999998,Volatile State
1935,11:32:15,53.3793,-28.1598,75.087,26.821,-16.0432,-88.9001,9.67203,-124.433054,2.26936,-114.977,-34.6446,-25.4106,-9.89759,7.89697,22.321,-114.977,1935,-174.977,Volatile State
1936,11:32:16,50.5432,-28.098,73.915,25.065,-15.7033,-88.4359,9.1925,-107.234276,11.1457,-114.681,-35.6944,-26.1251,-7.04322,7.38685,18.6472,-114.681,1936,-174.68099999999998,Volatile State
1937,11:32:17,45.698,-26.963,73.579,22.488,-17.6939,-89.0826,8.10616,-84.047064,19.4102,-114.257,-35.3288,-25.4975,-6.20589,6.55492,16.0592,-114.257,1937,-174.257,Volatile State
1938,11:32:18,40.8703,-25.7524,75.284,21.545,-19.3566,-91.4035,6.74075,-60.859853,28.8031,-113.671,-34.4395,-24.6431,-7.0769,6.66503,13.3607,-113.671,1938,-173.671,Volatile State
1939,11:32:19,36.6193,-23.9675,80.173,22.402,-17.7248,-93.7454,7.18995,-37.672641,37.4695,-111.968,-33.7436,-24.2406,-7.34502,6.31196,10.3914,-111.968,1939,-171.96800000000002,Volatile State
1940,11:32:20,33.1123,-22.0103,87.682,23.681,-17.2373,-95.4135,9.87342,-75.667548,45.3075,-111.473,-34.2252,-23.66,-5.75675,6.49833,7.24122,-111.473,1940,-171.473,Volatile State
1941,11:32:21,29.7651,-20.9795,92.242,22.025,-15.5465,-97.7045,11.3183,-123.249304,51.1974,-111.359,-36.1314,-22.6711,-5.56301,6.52308,4.68493,-111.359,1941,-171.35899999999998,Volatile State
1942,11:32:22,26.9882,-21.0387,93.294,21.984,-16.2733,-100.139,12.9852,-141.549074,55.0501,-112.121,-37.3409,-21.4566,-7.51513,7.1198,2.98833,-112.121,1942,-172.12099999999998,Volatile State
1943,11:32:23,25.5166,-21.6467,93.061,23.297,-13.4082,-99.9439,12.6135,-123.992994,58.7334,-112.932,-38.3571,-20.1513,-9.28472,7.60022,3.42748,-112.932,1943,-172.93200000000002,Volatile State
1944,11:32:24,22.7669,-22.1951,91.269,21.037,-12.4682,-99.5284,14.369,-109.670742,61.511,-113.064,-37.4861,-19.425,-10.4476,7.23235,2.62715,-113.064,1944,-173.064,Volatile State
1945,11:32:25,18.1794,-22.8934,85.13,16.721,-11.9856,-100.1,16.5413,-105.590072,63.6368,-113.153,-36.4012,-19.1984,-10.1791,6.87482,1.0674,-113.153,1945,-173.15300000000002,Volatile State
1946,11:32:26,12.5303,-23.0858,79.007,16.512,-8.73004,-101.507,17.6045,-102.283271,64.9295,-114.292,-36.7981,-18.5917,-10.535,6.20203,0.006929,-114.292,1946,-174.292,Volatile State
1947,11:32:27,7.92103,-22.9629,75.408,17.79,-6.55764,-100.72,16.6887,-89.902681,65.1913,-114.632,-38.2316,-17.5511,-11.1046,3.68108,-0.133306,-114.632,1947,-174.632,Volatile State
1948,11:32:28,1.65355,-22.6211,74.758,18.431,-5.47269,-96.9842,15.8949,-83.829809,64.352,-116.313,-40.0837,-16.0531,-10.9671,1.52717,0.237881,-116.313,1948,-176.313,Volatile State
1949,11:32:29,-4.65459,-21.6069,77.125,17.509,-4.58667,-92.8706,15.5391,-78.880869,60.7427,-117.866,-41.6208,-15.8512,-10.7219,0.738469,0.869244,-117.866,1949,-177.86599999999999,Volatile State
1950,11:32:30,-9.58838,-21.1709,82.495,17.936,-2.49909,-88.7331,15.1062,-58.81663,57.4565,-119.319,-41.4947,-15.5263,-9.47861,-0.042586,2.07274,-119.319,1950,-179.31900000000002,Volatile State
1951,11:32:31,-16.2603,-21.6907,89.796,18.35,1.06313,-83.686,14.2889,-45.780319,53.4178,-120.308,-39.7885,-13.3448,-6.06627,-2.06763,3.17273,-120.308,1951,-180.308,Volatile State
1952,11:32:32,-23.8545,-21.9564,94.84,15.788,2.83999,-79.2519,13.3262,-71.143484,49.7051,-120.196,-38.4195,-10.5041,-4.08781,-3.89441,2.09856,-120.196,1952,-180.196,Volatile State
1953,11:32:33,-29.9949,-21.8283,93.088,15.817,6.84837,-76.4849,12.1647,-105.972998,46.4895,-121.217,-36.7852,-8.40959,-3.76252,-4.91973,1.15763,-121.217,1953,-181.21699999999998,Volatile State
1954,11:32:34,-36.6531,-21.4706,90.505,14.838,9.20604,-76.6594,12.2938,-120.087976,45.181,-123.837,-35.157,-7.89909,-3.64641,-5.9256,2.11844,-123.837,1954,-183.837,Volatile State
1955,11:32:35,-43.4578,-21.1404,87.512,12.498,11.1879,-77.751,12.1922,-95.465173,41.3074,-126.526,-34.5056,-7.06084,-2.25456,-6.35907,4.73965,-126.526,1955,-186.526,Volatile State
1956,11:32:36,-49.6313,-20.6347,83.744,9.472,12.4813,-77.97,10.1114,-70.842369,38.7175,-129.144,-34.6492,-5.00463,0.105568,-7.02257,5.12142,-129.144,1956,-189.144,Volatile State
1957,11:32:37,-54.9973,-19.8508,77.074,10.713,15.9139,-76.1204,7.04002,-46.219566,34.4284,-129.814,-35.6131,-3.80515,2.59943,-8.07073,4.44548,-129.814,1957,-189.814,Volatile State
1958,11:32:38,-61.0357,-18.4572,71.362,13.217,17.6921,-73.6897,7.42173,-5.170926,29.9704,-131.331,-35.7579,-3.616,3.57631,-8.86103,4.85749,-131.331,1958,-191.331,Volatile State
1959,11:32:39,-67.0033,-16.7028,66.998,9.799,19.8174,-69.0951,8.26276,27.372391,26.371,-133.055,-35.2595,-3.84476,4.4635,-9.43913,5.22538,-133.055,1959,-193.055,Volatile State
1960,11:32:40,-72.2008,-15.1923,61.999,8.326,21.504,-64.5884,10.1117,25.885671,21.8581,-133.996,-34.3904,-3.30206,4.51064,-10.1118,5.29628,-133.996,1960,-193.996,Volatile State
1961,11:32:41,-75.3182,-12.8871,55.069,10.197,19.4445,-62.7099,9.90589,5.449913,15.5925,-136.725,-33.2614,-2.5201,4.19656,-11.7313,5.93928,-136.725,1961,-196.725,Volatile State
1962,11:32:42,-79.5581,-12.2155,49.431,7.627,17.2034,-63.895,8.67118,-21.130986,8.09282,-139.298,-33.8447,-3.16136,3.48284,-12.1798,6.83747,-139.298,1962,-199.298,Volatile State
1963,11:32:43,-83.0056,-12.9622,44.408,2.392,15.9852,-67.9568,7.53607,-46.125846,0.239426,-139.551,-34.9956,-3.7228,5.32685,-12.4087,9.02661,-139.551,1963,-199.551,Volatile State
1964,11:32:44,-84.9998,-13.7658,40.838,0.822,14.2353,-71.686,8.37762,-62.935051,-6.93483,-138.56,-35.1376,-3.93561,6.59226,-12.2526,10.6568,-138.56,1964,-198.56,Volatile State
1965,11:32:45,-86.4037,-13.8175,43.663,1.585,11.0902,-73.2355,7.50858,-72.124802,-12.7142,-136.985,-34.1613,-3.6861,7.8159,-12.7882,11.6273,-136.985,1965,-196.985,Volatile State
1966,11:32:46,-89.2112,-13.7252,50.474,1.699,6.4794,-73.4534,7.86177,-76.889609,-18.4393,-135.084,-33.6462,-6.35337,8.52514,-12.7233,11.8479,-135.084,1966,-195.084,Volatile State
1967,11:32:47,-89.6793,-13.1905,61.977,1.85,6.19557,-73.4276,8.96124,-78.880578,-22.7295,-134.998,-32.6606,-8.40221,9.17543,-12.7093,12.2314,-134.998,1967,-194.998,Volatile State
1968,11:32:48,-88.6011,-12.6485,73.304,2.6,2.18832,-74.5949,9.6331,-74.623129,-27.5095,-135.752,-31.7994,-9.7545,8.42995,-11.6044,13.3137,-135.752,1968,-195.752,Volatile State
1969,11:32:49,-84.4642,-12.2649,80.052,0.447,1.20454,-75.3689,9.30571,-86.894717,-31.0196,-137.468,-31.2486,-10.7268,9.3517,-10.6089,15.2841,-137.468,1969,-197.468,Volatile State
1970,11:32:50,-80.6226,-11.3449,82.612,1.344,-1.45919,-76.3447,10.4345,-99.166305,-33.6103,-140.776,-30.7497,-12.3781,9.66286,-8.74536,17.2561,-140.776,1970,-200.776,Volatile State
1971,11:32:51,-76.6588,-10.3333,81.4,0.202,-2.55183,-77.555,10.1722,-111.437893,-36.2189,-145.596,-30.5831,-14.6283,10.5836,-6.37666,19.3666,-145.596,1971,-205.596,Volatile State
1972,11:32:52,-73.7584,-9.96344,79.188,0.027,-6.49218,-75.4554,11.0135,-126.973696,-38.2588,-150.765,-31.3086,-15.8105,11.4523,-4.11193,19.3466,-150.765,1972,-210.765,Volatile State
1973,11:32:53,-69.44,-9.29616,76.188,0.091,-8.92278,-73.189,11.4143,-137.343718,-39.571,-155.008,-31.7536,-14.9908,11.8839,-2.41114,19.2762,-155.008,1973,-215.008,Volatile State
1974,11:32:54,-66.8825,-8.52199,73.204,-0.356,-11.249,-69.3841,10.5178,-153.42663,-39.7617,-158.662,-32.7948,-12.9971,12.6819,-1.07976,21.3563,-158.662,1974,-218.662,Volatile State
1975,11:32:55,-62.3088,-7.18822,69.622,1.242,-12.7234,-67.0301,9.64872,-162.982447,-39.3609,-160.704,-33.3224,-13.1825,12.1231,-1.07523,25.4297,-160.704,1975,-220.704,Volatile State
1976,11:32:56,-56.3931,-5.9345,68.872,1.094,-14.6952,-64.4441,12.0024,-165.879759,-37.8256,-160.937,-33.5893,-14.8125,10.2119,-1.06778,25.8703,-160.937,1976,-220.937,Volatile State
1977,11:32:57,-52.622,-5.50377,71.221,0.783,-15.8444,-61.7353,12.5939,-163.072884,-35.6977,-159.445,-34.837,-15.3519,8.1451,-0.530354,25.1032,-159.445,1977,-219.445,Volatile State
1978,11:32:58,-50.0637,-5.3446,69.471,3.412,-14.1044,-60.0488,13.5867,-148.20472,-32.8654,-156.513,-34.5487,-14.8076,8.05391,0.124031,23.3135,-156.513,1978,-216.513,Volatile State
1979,11:32:59,-47.5625,-4.29501,64.618,4.94,-15.1118,-60.425,12.244,-126.493541,-31.926,-154.442,-33.4188,-15.1071,7.63948,0.359093,21.5122,-154.442,1979,-214.442,Volatile State
1980,11:33:00,-45.6987,-3.13614,59.842,4.15,-16.3446,-62.9109,9.82249,-105.016162,-30.834,-155.261,-31.1627,-15.5557,6.70755,-1.33259,20.7418,-155.261,1980,-215.261,Volatile State
1981,11:33:01,-44.6289,-3.19855,56.104,4.721,-17.1407,-65.296,10.2285,-98.556085,-29.1068,-158.354,-29.9728,-16.5821,4.65034,-1.75536,20.075,-158.354,1981,-218.354,Volatile State
1982,11:33:02,-43.6256,-3.3658,55.564,5.776,-17.378,-70.7707,9.78891,-92.096007,-26.7461,-162.38,-28.5334,-18.0554,2.49025,-3.33886,20.4288,-162.38,1982,-222.38,Volatile State
1983,11:33:03,-42.5136,-2.66875,56.751,3.219,-19.5166,-76.7845,10.7721,-85.63593,-23.6191,-167.73,-26.677,-19.1735,0.913766,-4.48266,19.8244,-167.73,1983,-227.73,Volatile State
1984,11:33:04,-40.0491,-1.69881,61.264,1.087,-19.1266,-81.2696,10.7603,-89.643589,-20.4057,-174.196,-25.46,-20.9387,-1.07249,-3.88246,18.8584,-174.196,1984,-234.196,Volatile State
1985,11:33:05,-40.7154,-1.17073,62.511,2.399,-19.3689,-85.8931,10.7227,-91.94151,-15.8849,-178.66,-24.7446,-23.6931,-1.74983,-3.97203,18.9009,-178.66,1985,-238.66,Volatile State
1986,11:33:06,-39.8275,-0.150338,63.275,3.973,-19.1804,-90.4103,11.8806,-82.646448,-11.3538,-180.098,-24.7811,-26.5035,-3.15702,-4.35606,20.5438,-180.098,1986,-240.098,Volatile State
1987,11:33:07,-40.6438,0.499363,58.946,2.743,-16.4104,-95.0113,11.8333,-79.940649,-7.15688,-179.475,-25.4203,-28.8681,-2.64503,-6.01984,20.6583,-179.475,1987,-239.475,Volatile State
1988,11:33:08,-41.9323,0.687981,50.89,0.75,-15.8056,-98.1464,9.81573,-80.86185,0.361676,-176.603,-25.8114,-29.8048,-3.03881,-6.31739,21.0631,-176.603,1988,-236.603,Volatile State
1989,11:33:09,-43.9248,1.69487,38.431,3.186,-13.0327,-99.8922,9.95597,-89.689165,5.02037,-174.384,-26.5581,-29.9403,-2.16326,-4.3642,22.157,-174.384,1989,-234.384,Volatile State
1990,11:33:10,-45.5359,1.93026,24.273,2.798,-10.8502,-99.8871,9.30855,-103.142649,10.0896,-170.5,-27.6221,-29.3879,-1.5691,-3.21537,21.99,-170.5,1990,-230.5,Volatile State
1991,11:33:11,-43.2823,1.91634,13.58,0.064,-10.4364,-99.9596,9.03354,-112.354205,13.7154,-164.933,-29.2249,-28.9819,-4.15821,-2.26925,21.1129,-164.933,1991,-224.933,Volatile State
1992,11:33:12,-39.9467,3.07957,5.628,-0.15,-8.76546,-102.034,9.80051,-102.622629,17.4682,-160.169,-29.6524,-29.0976,-3.6709,-1.82354,18.8165,-160.169,1992,-220.169,Volatile State
1993,11:33:13,-36.3086,5.75111,-5.017,2.035,-4.94473,-102.123,10.6368,-66.323636,21.779,-157.615,-29.7201,-28.3467,-5.1299,-2.05597,18.8968,-157.615,1993,-217.615,Volatile State
1994,11:33:14,-32.389,10.4577,-11.18,-0.348,-3.64391,-102.802,10.1982,-72.145098,26.6473,-157.004,-30.2364,-26.6248,-7.09272,-2.61013,18.6651,-157.004,1994,-217.004,Volatile State
1995,11:33:15,-32.4065,14.9954,-12.847,-2.896,-2.19122,-103.249,10.9797,-77.966559,30.3484,-156.923,-31.4894,-26.2652,-8.55071,-3.12224,17.7224,-156.923,1995,-216.923,Volatile State
1996,11:33:16,-30.7253,18.7912,-15.366,-2.25,0.328162,-103.781,9.8858,-83.788021,33.7436,-154.905,-32.519,-26.2756,-8.83002,-4.08813,15.802,-154.905,1996,-214.905,Volatile State
1997,11:33:17,-29.7525,20.3503,-15.429,0.668,2.22158,-105.063,6.48631,-108.717886,36.6684,-152.267,-33.3656,-25.0614,-9.25494,-5.78392,15.5988,-152.267,1997,-212.267,Volatile State
1998,11:33:18,-28.1123,21.3555,-13.791,0.372,3.5983,-105.9,4.89475,-122.86814,40.7505,-150.573,-33.053,-23.3182,-11.6398,-7.82256,14.5232,-150.573,1998,-210.573,Volatile State
1999,11:33:19,-26.9783,21.0211,-16.0,-0.467,3.24685,-106.216,3.6002,-124.882095,44.7753,-148.997,-32.8931,-21.984,-13.62,-10.6008,13.2268,-148.997,1999,-208.997,Volatile State
2000,11:33:20,-25.4689,19.4181,-18.184,1.838,6.03511,-107.411,4.67356,-122.072199,49.5557,-146.514,-33.9342,-21.4337,-14.3343,-13.1934,12.6571,-146.514,2000,-206.514,Volatile State
2001,11:33:21,-23.4838,18.1257,-15.619,-0.572,5.67404,-108.536,5.31811,-104.323031,53.3143,-143.257,-36.0732,-21.5625,-13.5205,-14.2328,11.5651,-143.257,2001,-203.257,Volatile State
2002,11:33:22,-22.0462,16.8035,-11.133,-2.982,8.80026,-109.544,4.01296,-98.592434,56.2293,-141.856,-36.6312,-22.1835,-12.9759,-14.2194,10.5765,-141.856,2002,-201.856,Volatile State
2003,11:33:23,-20.5442,15.692,-4.79,-5.392,9.23254,-111.26,2.63366,-105.090169,57.3894,-143.865,-35.7232,-22.5007,-12.6911,-14.159,9.30028,-143.865,2003,-203.865,Volatile State
2004,11:33:24,-18.4251,14.8193,-2.437,-2.39,11.622,-113.572,2.18102,-118.034873,57.2578,-146.116,-34.9567,-21.2157,-12.9729,-14.8507,8.37194,-146.116,2004,-206.116,Volatile State
2005,11:33:25,-14.4465,14.3427,0.208,0.054,11.7519,-115.43,-0.276048,-120.816685,55.7988,-150.721,-33.8656,-20.9416,-14.4398,-17.4945,6.54529,-150.721,2005,-210.721,Volatile State
2006,11:33:26,-9.97973,14.5016,1.647,2.477,13.9357,-116.828,-3.28402,-128.001478,54.879,-155.987,-32.1772,-19.4446,-15.7175,-18.3752,4.7844,-155.987,2006,-215.987,Volatile State
2007,11:33:27,-5.88526,15.1136,3.465,1.452,13.2879,-119.709,-4.99365,-136.302515,52.6315,-160.636,-31.5115,-21.1938,-13.6278,-21.0615,3.36691,-160.636,2007,-220.636,Volatile State
2008,11:33:28,-2.30305,14.9834,2.752,4.05,14.1309,-121.423,-5.48816,-135.110068,51.2489,-164.994,-31.3437,-21.9913,-10.9012,-21.9474,0.613011,-164.994,2008,-224.994,Volatile State
2009,11:33:29,-0.960298,14.5344,1.061,5.65,12.3189,-121.053,-5.42213,-123.276483,49.9261,-167.712,-32.0682,-22.733,-10.0869,-21.95,-2.63722,-167.712,2009,-227.712,Volatile State
2010,11:33:30,0.471524,14.0317,0.478,4.887,9.44965,-118.067,-4.20613,-113.953651,47.3073,-170.048,-32.6437,-23.9613,-11.4243,-21.2454,-4.82903,-170.048,2010,-230.048,Volatile State
2011,11:33:31,3.27001,13.2561,0.911,6.59,5.5137,-115.573,-7.16731,-107.200748,42.9713,-171.271,-32.6162,-24.2723,-12.8931,-21.3223,-5.85654,-171.271,2011,-231.271,Volatile State
2012,11:33:32,5.05952,12.8605,1.375,10.089,4.17751,-114.529,-8.11985,-100.32873,39.9154,-171.037,-32.9779,-25.435,-12.3046,-20.521,-6.54892,-171.037,2012,-231.037,Volatile State
2013,11:33:33,5.69595,12.8484,-0.159,12.305,2.37362,-113.876,-10.1277,-86.132332,37.0482,-169.217,-31.8807,-24.8377,-11.1343,-19.426,-6.58646,-169.217,2013,-229.217,Volatile State
2014,11:33:34,5.38616,13.2975,-2.699,12.804,-2.88895,-116.042,-10.8065,-69.741154,35.6203,-167.798,-31.5201,-24.6555,-7.25293,-18.7339,-7.83503,-167.798,2014,-227.798,Volatile State
2015,11:33:35,4.52264,13.9863,-4.288,12.401,-4.33912,-118.756,-10.7708,-61.877735,33.7014,-164.715,-32.6153,-24.4157,-5.79448,-17.9906,-8.41089,-164.715,2015,-224.715,Volatile State
2016,11:33:36,3.89386,14.1476,-4.883,14.201,-6.76463,-119.644,-9.41011,-66.755777,32.1462,-162.223,-34.4315,-24.2432,-4.66993,-16.5826,-10.2726,-162.223,2016,-222.223,Volatile State
2017,11:33:37,4.02896,13.5734,1.346,12.613,-7.5486,-114.905,-8.52126,-80.633479,27.8585,-159.305,-35.8393,-24.6405,-5.06065,-15.1467,-8.98987,-159.305,2017,-219.305,Volatile State
2018,11:33:38,3.25194,12.6259,8.738,12.769,-9.68914,-111.507,-6.90739,-98.313126,25.3915,-155.709,-35.4674,-23.9906,-6.07339,-15.1279,-7.30051,-155.709,2018,-215.709,Volatile State
2019,11:33:39,2.75504,11.9696,13.275,13.473,-11.2122,-107.323,-5.55518,-111.555212,19.6727,-151.897,-33.5982,-22.9923,-5.37941,-15.2691,-4.64206,-151.897,2019,-211.897,Volatile State
2020,11:33:40,2.87061,11.0798,15.2,12.936,-13.9611,-102.53,-6.21952,-119.969964,15.7096,-149.541,-31.6159,-22.8637,-3.28916,-13.8462,-3.29025,-149.541,2020,-209.541,Volatile State
2021,11:33:41,1.22609,9.79531,16.877,14.668,-15.8444,-95.7792,-6.47134,-124.325712,10.0341,-149.908,-31.3131,-21.9553,-0.822425,-13.9269,-2.56659,-149.908,2021,-209.908,Volatile State
2022,11:33:42,-0.523879,8.64398,19.846,14.34,-15.9493,-87.1465,-7.73725,-121.182179,4.74762,-149.059,-31.9513,-21.4748,0.192796,-14.2239,-3.36993,-149.059,2022,-209.059,Volatile State
2023,11:33:43,-2.40597,8.1252,24.478,13.173,-15.8351,-80.5228,-7.37185,-105.637502,-3.09243,-150.0,-33.3914,-21.1594,-0.054003,-15.5147,-4.26057,-150.0,2023,-210.0,Volatile State
2024,11:33:44,-4.44321,7.50035,29.673,14.236,-16.6135,-73.5152,-7.32895,-70.989939,-10.1831,-150.539,-34.211,-21.1695,0.326239,-15.7391,-4.78638,-150.539,2024,-210.539,Volatile State
2025,11:33:45,-6.6829,6.95856,32.767,12.976,-17.3152,-64.8028,-6.33332,-45.471469,-18.1648,-151.325,-34.2298,-19.6555,1.00152,-16.9035,-3.75843,-151.325,2025,-211.325,Volatile State
2026,11:33:46,-8.6525,7.26608,38.166,12.279,-18.6498,-56.5166,-6.96324,-30.268771,-26.759,-149.145,-32.5916,-17.3198,3.08073,-17.6008,-4.25784,-149.145,2026,-209.145,Volatile State
2027,11:33:47,-12.6701,7.58314,41.227,12.338,-18.8302,-49.2023,-8.50499,-23.392487,-32.332,-146.067,-30.0306,-14.9269,5.80652,-17.8985,-3.88551,-146.067,2027,-206.067,Volatile State
2028,11:33:48,-14.1455,7.96385,43.937,12.481,-19.0728,-41.3532,-8.46678,-36.502461,-39.0277,-143.453,-27.403,-13.7178,8.03162,-17.2593,-5.28596,-143.453,2028,-203.453,Volatile State
2029,11:33:49,-14.8427,8.17397,43.125,9.006,-19.9406,-34.3316,-10.3824,-49.612434,-46.2606,-140.824,-25.8852,-12.943,10.1037,-17.9116,-7.01563,-140.824,2029,-200.824,Volatile State
2030,11:33:50,-16.1425,8.81452,37.046,8.731,-15.706,-29.8189,-8.44326,-62.722408,-54.876,-138.957,-26.2311,-11.4056,11.1073,-17.9594,-6.43398,-138.957,2030,-198.957,Volatile State
2031,11:33:51,-17.2754,8.99877,30.485,12.571,-15.6551,-25.538,-9.44001,-79.67295,-62.1866,-136.406,-27.0366,-9.41467,11.5612,-18.4252,-4.21744,-136.406,2031,-196.406,Volatile State
2032,11:33:52,-15.258,9.48603,26.817,14.305,-9.71463,-20.5446,-8.46753,-74.952406,-68.4398,-133.867,-26.4473,-8.39838,11.7961,-17.6527,-2.72395,-133.867,2032,-193.867,Volatile State
2033,11:33:53,-13.6885,9.74238,26.229,11.781,-10.4947,-15.1892,-9.55463,-71.112503,-74.6077,-129.392,-24.5571,-7.0903,12.993,-16.7759,-1.38039,-129.392,2033,-189.392,Volatile State
2034,11:33:54,-12.8888,10.3896,29.07,7.943,-8.01887,-10.6367,-8.43994,-75.606078,-81.7825,-125.508,-23.8211,-4.78247,14.5252,-14.1384,-0.083603,-125.508,2034,-185.50799999999998,Volatile State
2035,11:33:55,-12.3824,10.8238,34.083,12.443,-6.88956,-4.84127,-8.22216,-82.849779,-88.7787,-121.617,-23.5432,-3.85522,16.6205,-12.4424,1.09352,-121.617,2035,-181.61700000000002,Volatile State
2036,11:33:56,-10.8516,11.1564,39.836,13.13,-9.70584,0.188513,-8.5299,-101.434371,-94.0028,-115.883,-23.8619,-2.706,15.7374,-11.5018,3.10995,-115.883,2036,-175.88299999999998,Volatile State
2037,11:33:57,-9.58169,12.1988,38.745,10.748,-8.26188,1.25404,-7.47222,-117.952285,-99.0977,-109.964,-24.0479,-2.02591,15.8747,-10.7439,8.1401,-109.964,2037,-169.964,Volatile State
2038,11:33:58,-8.6341,12.2064,30.371,12.377,-9.6269,-0.069765,-8.43451,-127.513488,-102.264,-105.073,-24.4618,-1.90491,14.5268,-10.6891,12.9072,-105.073,2038,-165.07299999999998,Volatile State
2039,11:33:59,-6.98427,12.3331,17.315,13.307,-12.2701,-1.64936,-7.07051,-129.385882,-104.925,-100.939,-23.8389,-1.88246,12.2014,-9.88274,15.4156,-100.939,2039,-160.939,Volatile State
2040,11:34:00,-5.16403,12.5653,4.786,9.966,-12.8953,-3.39469,-5.13059,-129.658279,-105.104,-97.3248,-23.2629,-1.51992,12.3349,-8.30123,16.9556,-97.3248,2040,-157.32479999999998,Volatile State
2041,11:34:01,-4.32973,13.6985,-3.647,10.02,-16.7614,-4.62642,-5.44785,-124.123535,-103.453,-92.797,-22.2393,-1.56076,11.3992,-7.43199,17.8674,-92.797,2041,-152.797,Volatile State
2042,11:34:02,-2.14781,13.6378,-5.373,12.407,-16.8161,-8.22514,-6.28827,-117.192743,-100.464,-89.1848,-21.7462,-2.64979,10.6552,-8.32947,19.0231,-89.1848,2042,-149.1848,Volatile State
2043,11:34:03,1.04,12.9741,0.819,13.798,-17.9189,-11.4769,-5.88821,-104.056549,-96.0267,-87.0596,-22.2064,-2.83226,11.355,-11.1242,20.9693,-87.0596,2043,-147.0596,Volatile State
2044,11:34:04,2.68859,11.629,12.323,13.072,-20.3021,-13.537,-5.46517,-97.050988,-91.5728,-84.7791,-22.7859,-2.58409,12.566,-13.2936,22.7474,-84.7791,2044,-144.7791,Volatile State
2045,11:34:05,4.51432,10.4208,26.888,11.714,-19.1218,-19.7108,-5.51479,-100.677278,-86.6149,-85.1923,-24.8991,-3.08581,13.0666,-15.2075,22.9543,-85.1923,2045,-145.1923,Volatile State
2046,11:34:06,7.53416,9.08261,40.267,13.041,-18.4865,-28.05,-4.32605,-114.025657,-78.9312,-87.0046,-24.9758,-2.26896,12.1685,-15.421,21.8581,-87.0046,2046,-147.00459999999998,Volatile State
2047,11:34:07,11.0711,7.74483,50.315,13.605,-18.2334,-36.6587,-3.45458,-136.547395,-69.813,-88.9456,-24.5738,-1.59062,11.9463,-14.833,20.3343,-88.9456,2047,-148.9456,Volatile State
2048,11:34:08,15.2433,6.14119,56.336,14.984,-15.9783,-44.8293,-1.14282,-161.77347,-60.123,-89.7709,-24.7338,-0.534952,11.9854,-15.0438,19.8635,-89.7709,2048,-149.77089999999998,Volatile State
2049,11:34:09,17.378,4.20186,57.842,15.629,-15.0884,-51.7238,-0.176002,-179.024382,-50.5279,-90.1301,-25.8472,0.603646,11.2374,-15.0419,18.6377,-90.1301,2049,-150.1301,Volatile State
2050,11:34:10,19.598,2.10259,51.433,13.83,-13.3685,-57.4489,1.2334,-187.166463,-43.4803,-90.5372,-27.1225,2.44212,11.5318,-15.3346,17.0772,-90.5372,2050,-150.53719999999998,Volatile State
2051,11:34:11,20.022,0.882169,42.015,13.652,-12.0725,-64.3705,1.07095,-184.007315,-37.432,-91.6622,-27.9145,3.35496,12.398,-16.0297,17.3203,-91.6622,2051,-151.66219999999998,Volatile State
2052,11:34:12,21.2219,0.778034,33.895,14.727,-9.9629,-70.0581,1.47015,-163.191974,-33.3116,-92.758,-28.8157,3.60677,15.293,-16.0672,17.3177,-92.758,2052,-152.75799999999998,Volatile State
2053,11:34:13,23.5493,0.882165,29.127,11.967,-8.52248,-74.021,2.58774,-129.523912,-28.5575,-93.4514,-28.8259,3.01785,16.9801,-15.9337,17.8615,-93.4514,2053,-153.4514,Volatile State
2054,11:34:14,26.0494,0.890517,23.044,12.616,-8.53805,-82.9859,2.51699,-100.488252,-23.3658,-95.1706,-27.4645,3.5696,16.0377,-14.0694,17.1687,-95.1706,2054,-155.17059999999998,Volatile State
2055,11:34:15,28.8247,1.6062,17.587,15.194,-3.62455,-93.4091,2.53264,-84.050016,-19.1755,-97.6231,-27.9877,3.56606,15.2543,-13.8391,15.9428,-97.6231,2055,-157.6231,Volatile State
2056,11:34:16,32.5218,2.35489,13.245,13.752,-4.49971,-102.136,6.19989,-79.689804,-13.2603,-98.6293,-29.6578,3.13545,15.8298,-15.6105,15.0745,-98.6293,2056,-158.6293,Volatile State
2057,11:34:17,32.4022,2.69661,12.099,8.504,-0.997132,-109.632,6.44709,-76.690403,-8.08464,-99.806,-29.6764,3.50687,17.1767,-16.2886,13.2322,-99.806,2057,-159.80599999999998,Volatile State
2058,11:34:18,33.0714,2.25834,13.051,7.073,0.219883,-113.028,6.55234,-79.321726,-2.7534,-99.496,-28.5587,3.83244,17.8504,-15.0283,15.3327,-99.496,2058,-159.49599999999998,Volatile State
2059,11:34:19,32.0882,2.36178,14.677,9.833,2.36768,-116.689,5.86044,-109.458191,1.55131,-97.6709,-29.388,3.57752,19.211,-13.2566,14.9562,-97.6709,2059,-157.67090000000002,Volatile State
2060,11:34:20,31.7289,3.09888,16.874,8.041,5.38035,-117.619,3.82054,-144.738904,7.92859,-92.692,-30.3242,3.05898,20.6654,-10.9083,15.7312,-92.692,2060,-152.692,Volatile State
2061,11:34:21,32.1901,4.47336,16.88,5.752,6.30458,-119.105,4.90125,-158.391296,11.5686,-88.1049,-30.672,2.8525,20.3975,-9.19101,14.2709,-88.1049,2061,-148.1049,Volatile State
2062,11:34:22,31.4632,6.08177,16.442,8.225,6.31056,-120.458,7.91166,-150.42728,14.6434,-85.1598,-32.5932,3.25843,20.3484,-8.93305,14.2531,-85.1598,2062,-145.15980000000002,Volatile State
2063,11:34:23,31.4909,7.93522,13.582,11.014,7.15461,-119.479,9.19688,-126.561342,16.926,-84.4923,-33.2562,3.26565,23.2391,-9.40666,14.0158,-84.4923,2063,-144.4923,Volatile State
2064,11:34:24,31.3764,9.28463,9.657,9.703,7.37415,-120.751,11.9914,-80.509456,17.3419,-81.7659,-34.4133,3.4056,26.6249,-10.3792,14.3515,-81.7659,2064,-141.7659,Volatile State
2065,11:34:25,32.2814,10.1939,7.564,11.613,8.30017,-120.889,12.6999,-41.893362,18.19,-79.4827,-36.104,2.35975,26.3508,-11.7868,14.645,-79.4827,2065,-139.4827,Volatile State
2066,11:34:26,32.1438,10.3734,2.587,9.865,8.0766,-120.991,11.6137,-30.014509,19.5315,-77.9747,-38.0095,1.11366,25.5795,-12.1745,13.745,-77.9747,2066,-137.97469999999998,Volatile State
2067,11:34:27,34.3266,9.69906,-4.305,9.677,8.08767,-121.414,11.5369,-16.049509,20.5929,-76.1215,-38.0205,1.41558,24.4484,-13.5288,13.7551,-76.1215,2067,-136.1215,Volatile State
2068,11:34:28,36.8684,8.53659,-11.256,11.712,7.11078,-120.642,10.9455,5.965739,23.3687,-74.322,-37.5815,1.76477,23.8446,-13.1498,11.8404,-74.322,2068,-134.322,Volatile State
2069,11:34:29,38.6809,8.3673,-16.722,11.466,6.84873,-117.899,11.9222,2.105566,23.8256,-73.4457,-37.4763,1.75704,24.1545,-14.9905,11.3704,-73.4457,2069,-133.4457,Volatile State
2070,11:34:30,41.0352,7.72586,-23.26,9.885,5.52931,-114.571,11.7651,-8.026086,22.6125,-73.4044,-38.2732,1.87743,24.8386,-16.6659,10.4166,-73.4044,2070,-133.4044,Volatile State
2071,11:34:31,43.8567,7.34102,-26.798,14.025,5.24586,-110.862,13.6785,-27.35913,21.6874,-74.0424,-38.7181,1.38823,24.9462,-17.6285,9.42808,-74.0424,2071,-134.0424,Volatile State
2072,11:34:32,47.135,7.21495,-26.666,15.284,4.87675,-107.451,14.159,-59.773052,21.2517,-72.8819,-39.4035,-0.8785,23.8377,-17.6405,7.22407,-72.8819,2072,-132.8819,Volatile State
2073,11:34:33,51.6028,7.44368,-26.655,12.64,1.92748,-104.081,13.2181,-88.63024,22.8806,-69.8335,-38.7588,-0.051726,23.0847,-16.9036,6.90774,-69.8335,2073,-129.83350000000002,Volatile State
2074,11:34:34,55.4521,7.50703,-25.709,12.258,3.12423,-100.209,12.9639,-118.920005,24.4171,-69.2564,-38.574,-0.133319,21.0137,-16.9261,7.01875,-69.2564,2074,-129.25639999999999,Volatile State
2075,11:34:35,58.2227,7.57066,-22.2,11.621,0.764443,-96.4919,8.47607,-137.821966,25.3837,-68.5624,-38.8434,1.2024,21.3161,-17.6275,8.32503,-68.5624,2075,-128.5624,Volatile State
2076,11:34:36,58.357,7.16288,-17.067,11.623,-1.09352,-93.9085,7.75359,-141.759375,26.6344,-68.2866,-38.1779,1.03302,21.8492,-18.4662,9.18878,-68.2866,2076,-128.28660000000002,Volatile State
2077,11:34:37,58.0366,6.25431,-13.809,13.611,-3.39461,-92.6005,7.72057,-130.953806,26.417,-68.3474,-36.8637,1.51093,21.9103,-19.4435,9.95045,-68.3474,2077,-128.3474,Volatile State
2078,11:34:38,56.4912,6.9913,-13.728,13.35,-3.88134,-92.0792,8.0708,-128.005443,24.3372,-68.3538,-34.2054,0.73041,20.4892,-19.8695,10.2043,-68.3538,2078,-128.3538,Volatile State
2079,11:34:39,55.5227,6.95041,-17.164,12.937,-3.81416,-90.1098,9.19363,-143.582699,25.3273,-70.1104,-32.6166,0.807879,19.5858,-19.1356,10.6946,-70.1104,2079,-130.1104,Volatile State
2080,11:34:40,54.9912,6.76102,-19.901,13.662,-2.94609,-87.1054,8.43106,-153.843012,26.569,-72.1908,-31.9939,-0.216938,18.3175,-17.9458,13.5962,-72.1908,2080,-132.1908,Volatile State
2081,11:34:41,54.7998,7.14905,-18.697,13.413,-2.76317,-86.4449,9.77241,-151.476475,28.5587,-74.3913,-31.2721,-0.791459,18.7155,-18.5359,16.7035,-74.3913,2081,-134.3913,Volatile State
2082,11:34:42,53.9675,8.45399,-13.513,13.168,-3.59322,-85.5845,10.5093,-137.511617,27.5243,-78.6388,-30.45,-0.403977,20.5362,-18.8216,18.5667,-78.6388,2082,-138.6388,Volatile State
2083,11:34:43,52.6261,9.54779,-7.224,9.769,-3.17425,-84.589,10.2505,-141.652212,23.3108,-83.9405,-28.9817,1.93857,22.0373,-19.3983,17.9806,-83.9405,2083,-143.9405,Volatile State
2084,11:34:44,52.8093,10.3776,-0.38,8.988,-4.17257,-82.0532,10.3474,-161.349838,18.7173,-89.7917,-28.1904,3.36976,21.5885,-18.8387,17.0056,-89.7917,2084,-149.7917,Volatile State
2085,11:34:45,53.4915,10.879,9.294,9.001,-0.594886,-79.5931,9.87941,-173.191985,12.7375,-95.2923,-26.293,3.42011,21.4254,-16.9806,17.3213,-95.2923,2085,-155.2923,Volatile State
2086,11:34:46,54.1628,12.0005,19.246,7.314,0.458596,-79.7743,8.55853,-186.907514,7.26778,-98.304,-24.3191,2.62015,21.1006,-14.6757,18.3031,-98.304,2086,-158.304,Volatile State
2087,11:34:47,53.8063,12.9068,32.463,6.681666667,2.70572,-80.3033,9.68099,-191.620572,1.37276,-98.5914,-22.6459,0.274987,19.8166,-13.8277,20.8618,-98.5914,2087,-158.5914,Volatile State
2088,11:34:48,54.4453,13.2745,44.937,6.049333333,2.98218,-79.8905,11.0933,-195.284231,-6.66919,-97.7381,-21.4856,-1.9406,20.55,-14.1625,22.9486,-97.7381,2088,-157.7381,Volatile State
2089,11:34:49,53.5728,13.331,58.782,5.417,3.26212,-80.8837,9.72808,-185.616965,-10.9014,-94.4028,-21.7978,-5.11914,22.48,-14.8753,22.935,-94.4028,2089,-154.4028,Volatile State
2090,11:34:50,54.4119,13.4033,63.744,4.354,5.77655,-80.8754,12.1454,-157.667719,-15.7586,-91.4619,-21.8286,-7.8629,24.136,-13.421,22.2252,-91.4619,2090,-151.4619,Volatile State
2091,11:34:51,55.3781,12.9206,60.511,6.588,7.05081,-79.4288,9.62108,-132.362002,-17.2511,-88.3835,-18.6647,-9.61291,21.7254,-12.4416,22.4553,-88.3835,2091,-148.3835,Volatile State
2092,11:34:52,56.6747,12.662,55.838,7.237,7.58748,-80.1989,7.69707,-108.671279,-18.3788,-85.9866,-17.9306,-10.0094,21.2651,-10.8409,23.949,-85.9866,2092,-145.9866,Volatile State
2093,11:34:53,57.8766,12.3993,53.542,7.775,9.75694,-83.0187,6.57281,-104.342246,-17.6219,-84.4613,-16.8784,-9.3454,19.9141,-10.345,25.7336,-84.4613,2093,-144.4613,Volatile State
2094,11:34:54,58.0994,12.3255,52.22,9.307,11.1679,-85.8734,4.0277,-106.690234,-16.1536,-84.4818,-17.1705,-8.61726,20.1087,-10.7343,25.6515,-84.4818,2094,-144.48180000000002,Volatile State
2095,11:34:55,60.1202,12.9143,54.494,12.161,13.8832,-86.8362,4.50588,-110.062954,-14.4895,-83.891,-16.3153,-9.60575,18.7723,-10.6884,22.8429,-83.891,2095,-143.89100000000002,Volatile State
2096,11:34:56,61.5035,13.521,54.465,11.821,11.562,-86.2201,6.20928,-95.296898,-11.7397,-83.3253,-17.2195,-10.2535,18.1057,-10.0056,19.2847,-83.3253,2096,-143.3253,Volatile State
2097,11:34:57,62.8078,14.2803,52.783,14.6,12.0642,-86.3855,6.00892,-88.840526,-11.4822,-82.8362,-17.7951,-9.37362,18.328,-8.81569,16.6804,-82.8362,2097,-142.83620000000002,Volatile State
2098,11:34:58,63.5792,14.9357,47.305,16.465,12.9317,-86.4692,4.1351,-93.792245,-10.5185,-82.3125,-19.4405,-9.35785,18.6002,-8.42103,17.7399,-82.3125,2098,-142.3125,Volatile State
2099,11:34:59,65.7625,14.3374,40.075,15.247,12.7646,-84.9537,2.65185,-105.913173,-9.84875,-81.536,-19.9891,-9.87764,19.7443,-8.86393,19.253,-81.536,2099,-141.536,Volatile State
2100,11:35:00,67.9128,13.9366,33.662,15.962,13.2948,-85.1636,3.93407,-109.921349,-9.92558,-79.5314,-20.5235,-9.25508,22.0544,-9.89066,18.3858,-79.5314,2100,-139.53140000000002,Volatile State
2101,11:35:01,68.8333,13.8149,27.535,17.262,13.1075,-86.5643,6.12703,-120.983688,-7.74268,-77.2087,-21.1811,-7.05466,24.2653,-12.142,17.1954,-77.2087,2101,-137.2087,Volatile State
2102,11:35:02,71.2204,13.0674,27.711,18.229,10.8063,-87.9359,5.09472,-122.046497,-4.41925,-76.6761,-21.1508,-5.84903,25.629,-14.209,16.0949,-76.6761,2102,-136.67610000000002,Volatile State
2103,11:35:03,71.9458,12.2883,33.547,15.439,8.4331,-86.496,5.03957,-122.460011,-1.64777,-75.5179,-19.6246,-7.49543,26.0154,-15.6093,16.257,-75.5179,2103,-135.5179,Volatile State
2104,11:35:04,73.2137,11.1087,43.531,16.461,8.4121,-83.2918,3.68747,-117.73308,2.41324,-75.3305,-18.6182,-8.1485,26.5997,-16.201,16.7525,-75.3305,2104,-135.3305,Volatile State
2105,11:35:05,73.7097,10.3221,55.147,19.441,6.20689,-78.7142,4.68537,-104.238627,7.77062,-75.3676,-17.0869,-8.31434,26.0181,-16.2746,18.0006,-75.3676,2105,-135.36759999999998,Volatile State
2106,11:35:06,73.0034,8.93352,66.785,17.081,1.59049,-77.1103,5.79036,-101.650858,11.4109,-76.6834,-17.3511,-8.29755,25.1714,-15.9072,17.3716,-76.6834,2106,-136.6834,Volatile State
2107,11:35:07,71.8344,7.82794,76.282,13.368,-0.710281,-76.069,4.05424,-108.0882,16.2744,-76.6185,-18.8761,-7.45446,24.8705,-15.638,17.1415,-76.6185,2107,-136.61849999999998,Volatile State
2108,11:35:08,71.3513,6.88411,78.787,11.915,-3.31671,-75.8693,1.45368,-121.023963,21.0841,-77.108,-20.8523,-7.11245,25.7091,-15.872,16.2408,-77.108,2108,-137.108,Volatile State
2109,11:35:09,73.7446,5.77049,73.405,11.888,-6.73615,-75.5475,2.05209,-131.153245,27.6364,-78.0843,-23.1429,-5.44848,25.74,-16.9369,16.2925,-78.0843,2109,-138.08429999999998,Volatile State
2110,11:35:10,74.6902,4.52505,59.087,13.709,-7.24459,-75.553,3.52552,-137.29734,32.0576,-80.4216,-24.6791,-1.10906,26.186,-18.055,17.8711,-80.4216,2110,-140.4216,Volatile State
2111,11:35:11,76.225,4.45135,43.879,14.701,-9.05838,-76.2288,3.04564,-141.113913,37.4132,-83.2973,-23.9996,0.805027,27.1019,-19.4466,18.0566,-83.2973,2111,-143.2973,Volatile State
2112,11:35:12,77.7603,4.93711,30.243,13.206,-6.35877,-78.1937,2.52028,-141.723606,41.1715,-86.1805,-23.0498,2.4163,25.2195,-19.0956,17.1524,-86.1805,2112,-146.1805,Volatile State
2113,11:35:13,79.6714,5.51323,23.799,15.017,-7.57427,-79.3558,0.674497,-138.574963,42.7491,-89.6856,-22.6139,3.77122,23.9305,-17.7192,14.3105,-89.6856,2113,-149.6856,Volatile State
2114,11:35:14,82.5774,5.82278,24.069,14.09,-8.21706,-76.7442,1.08954,-136.446739,45.683,-94.7013,-23.143,4.27755,25.1289,-14.8504,12.5836,-94.7013,2114,-154.7013,Volatile State
2115,11:35:15,84.7406,5.39038,28.75,11.172,-5.83455,-76.4644,0.313396,-128.931995,45.5103,-100.166,-24.4425,4.83297,27.449,-11.7388,12.2098,-100.166,2115,-160.166,Volatile State
2116,11:35:16,87.5237,4.59508,30.631,9.274,-5.77464,-76.3634,0.241778,-111.567965,45.9613,-104.704,-26.5339,6.53646,28.6596,-12.4637,11.7114,-104.704,2116,-164.704,Volatile State
2117,11:35:17,89.5264,4.77009,34.064,10.161,-4.67116,-78.294,1.82879,-91.692703,46.201,-109.64,-26.7708,7.04254,30.6784,-14.9067,12.0702,-109.64,2117,-169.64,Volatile State
2118,11:35:18,91.1035,5.29743,33.457,10.097,-4.6722,-80.5381,1.70656,-78.68444,45.3685,-112.001,-26.3957,8.91179,32.8085,-16.6749,11.4512,-112.001,2118,-172.001,Volatile State
2119,11:35:19,92.3713,5.46352,33.388,12.221,-4.23645,-82.7834,2.11167,-76.833681,45.1507,-113.476,-24.8608,10.6731,33.7202,-17.2745,9.86637,-113.476,2119,-173.476,Volatile State
2120,11:35:20,93.7219,5.91218,32.744,13.488,-5.04955,-83.6137,1.68697,-83.871412,41.9541,-113.001,-25.257,12.3203,33.819,-16.0121,9.95269,-113.001,2120,-173.001,Volatile State
2121,11:35:21,95.2973,5.8338,26.455,13.598,-4.63911,-83.8614,2.17849,-112.415636,40.8723,-111.922,-26.0734,11.0764,33.0795,-13.1203,10.8692,-111.922,2121,-171.922,Volatile State
2122,11:35:22,97.0117,6.05555,18.083,12.921,-5.95608,-84.7197,4.20223,-134.674067,37.0292,-110.302,-27.3902,9.06964,31.5533,-11.4925,12.9423,-110.302,2122,-170.30200000000002,Volatile State
2123,11:35:23,98.9691,7.27491,8.09,13.897,-6.20063,-84.608,4.8054,-134.378853,34.2028,-108.861,-26.9733,8.39705,29.601,-12.8545,15.8131,-108.861,2123,-168.861,Volatile State
2124,11:35:24,100.354,8.01935,3.119,9.446,-5.06224,-82.9721,6.01381,-128.313381,30.67,-107.534,-25.118,8.05325,27.9367,-13.8042,18.0321,-107.534,2124,-167.534,Volatile State
2125,11:35:25,99.81,8.5177,5.85,6.297,-4.02711,-83.1963,5.79339,-122.084042,28.2872,-105.919,-22.8436,6.67638,26.1916,-14.8406,18.8479,-105.919,2125,-165.91899999999998,Volatile State
2126,11:35:26,100.95,8.73775,15.727,10.487,-2.71323,-84.5307,6.45759,-117.018543,24.4169,-105.07,-20.7665,7.34351,23.4402,-14.2126,20.8093,-105.07,2126,-165.07,Volatile State
2127,11:35:27,103.222,8.73156,24.259,11.256,-0.054925,-86.6999,5.46439,-119.441963,22.0724,-102.506,-19.5116,7.93463,20.331,-13.1408,23.6377,-102.506,2127,-162.506,Volatile State
2128,11:35:28,104.77,9.26814,30.508,11.376,2.17391,-89.6044,4.54748,-114.138128,18.8156,-99.4742,-19.3719,6.83221,16.6225,-11.5508,25.5647,-99.4742,2128,-159.4742,Volatile State
2129,11:35:29,105.101,9.82031,40.299,12.698,4.7967,-90.1193,5.76885,-106.274846,17.6012,-96.7872,-19.0664,4.20084,13.0282,-11.4987,25.4947,-96.7872,2129,-156.78719999999998,Volatile State
2130,11:35:30,103.643,10.2667,49.9,11.625,7.68033,-89.404,3.90519,-110.637936,14.6755,-94.5711,-18.0467,2.97589,13.1847,-12.5117,24.5794,-94.5711,2130,-154.5711,Volatile State
2131,11:35:31,100.263,11.0948,55.272,12.629,10.9804,-88.4214,3.95829,-127.715969,12.4564,-91.9329,-16.3582,1.59788,12.7535,-14.6576,23.285,-91.9329,2131,-151.93290000000002,Volatile State
2132,11:35:32,98.0755,12.1219,54.554,14.489,12.5179,-88.2722,4.18784,-144.819754,8.07633,-89.0195,-13.9171,-0.952122,11.3784,-15.887,24.3325,-89.0195,2132,-149.0195,Volatile State
2133,11:35:33,95.317,12.9706,47.882,17.524,14.646,-87.7335,1.57122,-167.732393,3.76802,-86.0971,-12.8682,-4.5865,10.1101,-16.0508,24.4834,-86.0971,2133,-146.0971,Volatile State
2134,11:35:34,94.3349,13.1293,38.566,18.982,16.7418,-85.7526,0.580499,-188.428349,-0.453622,-82.8141,-12.5291,-6.35333,10.0032,-15.8303,22.5754,-82.8141,2134,-142.8141,Volatile State
2135,11:35:35,95.4255,13.2393,29.701,16.931,18.9462,-82.7333,1.27066,-184.261151,-3.30267,-80.1636,-14.0486,-8.45155,11.067,-14.7064,21.0817,-80.1636,2135,-140.1636,Volatile State
2136,11:35:36,96.0713,12.4467,23.617,18.99,19.2119,-80.1747,-0.980364,-175.920192,-5.49333,-78.1279,-14.9975,-10.9587,13.2566,-13.9337,19.9398,-78.1279,2136,-138.1279,Volatile State
2137,11:35:37,95.2576,11.4336,18.869,20.292,19.2034,-77.6204,-0.439414,-152.302208,-7.7077,-77.0852,-15.3985,-14.1799,16.738,-13.2896,19.853,-77.0852,2137,-137.0852,Volatile State
2138,11:35:38,94.054,10.247,12.036,16.545,18.8903,-74.9516,-1.70795,-130.398602,-8.82687,-76.0443,-15.1424,-17.0381,19.0946,-12.6351,19.8254,-76.0443,2138,-136.04430000000002,Volatile State
2139,11:35:39,94.5275,9.06825,2.716,16.993,18.51,-73.4118,-2.79914,-116.117507,-9.98035,-75.4453,-15.6144,-17.4264,21.6904,-11.6357,19.5015,-75.4453,2139,-135.4453,Volatile State
2140,11:35:40,94.1038,7.74033,-5.752,21.079,15.4855,-70.3732,-3.93104,-105.505267,-10.7367,-73.6451,-16.886,-16.0912,22.9121,-10.7935,18.8652,-73.6451,2140,-133.6451,Volatile State
2141,11:35:41,93.7697,6.82755,-13.283,21.851,11.5867,-66.6828,-3.8741,-96.447758,-12.4261,-69.891,-17.5455,-14.4135,22.7225,-10.1975,19.0903,-69.891,2141,-129.89100000000002,Volatile State
2142,11:35:42,93.3149,5.88967,-19.681,19.289,8.59063,-62.8765,-4.17766,-93.380568,-13.6686,-66.1708,-18.0251,-15.9486,23.9055,-9.42186,18.9856,-66.1708,2142,-126.1708,Volatile State
2143,11:35:43,91.9219,4.89134,-21.18,18.271,7.13715,-60.922,-7.94508,-95.69021,-14.6832,-62.2313,-17.9622,-17.8003,24.8426,-8.85244,19.3051,-62.2313,2143,-122.2313,Volatile State
2144,11:35:44,90.8767,4.25834,-17.787,21.939,4.90901,-61.1245,-8.9286,-109.112468,-14.3209,-58.0977,-18.6004,-19.1626,25.6729,-7.06508,17.9878,-58.0977,2144,-118.0977,Volatile State
2145,11:35:45,91.0299,4.52501,-14.828,19.827,2.0562,-62.1078,-8.45845,-110.7749,-15.2599,-56.3606,-19.5167,-19.93,26.3991,-5.41247,17.8092,-56.3606,2145,-116.3606,Volatile State
2146,11:35:46,90.8412,4.862,-16.031,17.249,0.114013,-64.4045,-9.20185,-118.218326,-14.8597,-55.9114,-19.6906,-20.8459,27.3161,-5.51437,17.098,-55.9114,2146,-115.9114,Volatile State
2147,11:35:47,88.6506,5.55925,-20.074,17.975,-1.96925,-65.148,-8.14994,-123.954525,-13.4205,-55.4782,-17.8155,-21.6221,28.6679,-6.45969,15.7144,-55.4782,2147,-115.4782,Volatile State
2148,11:35:48,86.0044,6.0423,-26.991,20.648,-3.46492,-63.2097,-8.81239,-132.151719,-10.06,-55.7477,-16.8464,-19.6622,28.8184,-7.76138,15.8092,-55.7477,2148,-115.74770000000001,Volatile State
2149,11:35:49,81.8512,6.79703,-37.91,20.02,-5.33471,-61.467,-8.04357,-138.246872,-7.47565,-55.816,-17.163,-19.7406,29.3893,-9.35689,15.977,-55.816,2149,-115.816,Volatile State
2150,11:35:50,80.5973,6.71565,-47.699,18.892,-6.52598,-61.0943,-5.19332,-135.753234,-2.42048,-56.4848,-17.1942,-18.8673,30.0752,-10.2661,16.7869,-56.4848,2150,-116.4848,Volatile State
2151,11:35:51,76.2129,7.56011,-52.015,20.537,-6.97253,-63.1624,-5.57616,-134.180081,0.392473,-56.0237,-16.2476,-20.1998,29.4617,-11.1754,17.5094,-56.0237,2151,-116.02369999999999,Volatile State
2152,11:35:52,73.2352,9.18115,-53.671,20.103,-8.39125,-65.2753,-6.92994,-130.860566,4.2026,-56.0072,-16.0512,-20.9555,29.78,-12.0806,17.0345,-56.0072,2152,-116.0072,Volatile State
2153,11:35:53,70.8538,10.531,-49.974,19.594,-9.75408,-66.9519,-4.83461,-120.295768,5.92388,-57.475,-16.9215,-20.8856,30.4664,-12.1242,16.193,-57.475,2153,-117.475,Volatile State
2154,11:35:54,68.0473,11.9212,-40.258,17.729,-11.1159,-72.0676,-6.44285,-115.050048,8.67291,-58.7232,-16.6705,-19.2202,31.1393,-11.8488,14.9465,-58.7232,2154,-118.72319999999999,Volatile State
2155,11:35:55,65.9106,13.2619,-31.202,16.113,-11.3109,-78.464,-6.0585,-114.286757,9.15816,-60.7172,-16.2551,-17.5263,30.8087,-12.8997,15.2082,-60.7172,2155,-120.71719999999999,Volatile State
2156,11:35:56,65.0833,14.0031,-24.655,19.289,-12.0372,-85.585,-4.00534,-115.079776,10.9487,-61.465,-15.3039,-16.5483,30.1432,-12.2608,16.0517,-61.465,2156,-121.465,Volatile State
2157,11:35:57,65.1452,13.9839,-24.665,19.581,-11.3702,-92.4489,-2.82053,-129.569126,9.1203,-61.6278,-13.3867,-16.3777,29.8526,-10.7715,17.0809,-61.6278,2157,-121.62780000000001,Volatile State
2158,11:35:58,63.7722,14.0634,-32.008,16.867,-12.0257,-98.2593,-2.28657,-146.565214,8.41844,-62.8604,-13.9565,-17.4891,31.8051,-9.72887,17.3748,-62.8604,2158,-122.8604,Volatile State
2159,11:35:59,63.7722,14.1136,-43.879,17.37,-12.1735,-104.417,-1.88035,-158.122759,10.8421,-64.7559,-14.3076,-18.8246,32.5778,-9.5036,16.857,-64.7559,2159,-124.7559,Volatile State
2160,11:36:00,61.7686,13.9201,-59.058,17.754,-13.0279,-107.555,-3.2974,-166.02233,12.5981,-64.9484,-15.2093,-19.127,32.4334,-8.44903,17.6146,-64.9484,2160,-124.9484,Volatile State
2161,11:36:01,59.0203,12.4788,-74.342,17.183,-13.667,-110.672,-3.04804,-164.391539,13.4621,-65.8106,-15.5247,-19.0712,31.646,-9.10595,16.8146,-65.8106,2161,-125.8106,Volatile State
2162,11:36:02,55.7208,11.3319,-86.709,18.148,-16.5039,-116.078,-3.19703,-165.410619,12.7028,-66.6172,-16.3997,-20.1486,30.4488,-8.37309,18.1542,-66.6172,2162,-126.6172,Volatile State
2163,11:36:03,53.8241,10.3152,-89.071,19.7,-18.7421,-118.578,-0.925373,-167.707268,14.2642,-65.2081,-17.4496,-20.2724,29.4685,-7.71841,17.8444,-65.2081,2163,-125.2081,Volatile State
2164,11:36:04,52.7869,9.54998,-82.357,19.539,-19.5972,-120.805,0.821844,-160.503084,18.2096,-63.6233,-17.7544,-20.6901,27.6012,-7.37305,16.6759,-63.6233,2164,-123.6233,Volatile State
2165,11:36:05,52.6191,8.91895,-73.514,16.544,-18.4359,-121.607,2.67,-153.2989,22.9154,-61.2596,-17.5926,-19.8533,25.8138,-8.44773,13.8623,-61.2596,2165,-121.2596,Volatile State
2166,11:36:06,53.2254,7.83346,-64.936,16.793,-19.1146,-122.304,3.31552,-146.094716,27.2913,-58.3448,-17.9167,-18.7858,25.5022,-11.2396,12.1007,-58.3448,2166,-118.34479999999999,Volatile State
2167,11:36:07,52.8769,7.11296,-62.03,16.1,-18.4884,-122.882,3.16284,-178.352417,27.3631,-54.3105,-18.9293,-20.21,24.032,-14.471,11.6188,-54.3105,2167,-114.31049999999999,Volatile State
2168,11:36:08,52.135,7.0206,-64.891,13.595,-16.3139,-124.734,3.19183,-188.997567,29.2783,-51.6755,-20.1844,-19.7451,22.8158,-15.6351,10.5615,-51.6755,2168,-111.6755,Volatile State
2169,11:36:09,49.4922,6.68864,-74.696,16.248,-15.3267,-126.897,3.0127,-199.642716,28.9036,-50.5435,-20.9384,-19.965,22.8821,-15.6188,8.07107,-50.5435,2169,-110.5435,Volatile State
2170,11:36:10,45.9927,6.21708,-85.479,17.595,-11.7949,-130.456,2.10895,-144.846212,30.4468,-49.3632,-21.2057,-19.9076,23.1902,-14.7927,6.25199,-49.3632,2170,-109.3632,Volatile State
2171,11:36:11,42.8065,5.21415,-98.778,19.431,-10.9498,-132.21,1.0611,-121.985156,32.2147,-50.1711,-21.7838,-20.1184,24.1935,-15.9681,4.42456,-50.1711,2171,-110.1711,Volatile State
2172,11:36:12,41.5899,4.06889,-110.708,19.313,-8.21348,-132.838,0.581824,-99.1241,33.7779,-48.5427,-22.1371,-19.1504,25.8408,-16.859,4.10118,-48.5427,2172,-108.5427,Volatile State
2173,11:36:13,40.2645,3.69744,-116.971,19.632,-7.02164,-130.056,-0.912877,-69.437094,36.6545,-46.6827,-23.2574,-16.4741,25.7191,-18.7228,2.87501,-46.6827,2173,-106.6827,Volatile State
2174,11:36:14,39.4342,4.58522,-117.524,19.399,-5.49666,-124.83,-0.544002,-58.788984,38.2742,-42.8373,-22.85,-14.7193,24.9327,-19.2969,3.60279,-42.8373,2174,-102.8373,Volatile State
2175,11:36:15,37.8139,5.79841,-113.518,19.629,-5.50113,-117.187,-1.69712,-67.792391,38.0803,-38.3107,-22.3931,-12.6839,24.4649,-17.348,3.34321,-38.3107,2175,-98.3107,Volatile State
2176,11:36:16,35.2215,6.92426,-106.629,18.275,-4.54678,-109.151,-2.01503,-93.289665,36.0008,-33.9082,-22.8514,-10.6266,26.1954,-16.4702,3.62163,-33.9082,2176,-93.9082,Volatile State
2177,11:36:17,33.7074,8.03984,-98.898,17.513,-2.31172,-103.121,-1.49838,-113.537758,34.361,-30.6312,-23.4683,-10.4997,28.045,-15.3197,4.35637,-30.6312,2177,-90.6312,Volatile State
2178,11:36:18,31.0912,9.29917,-93.154,17.486,-2.72184,-98.044,-3.37962,-135.804662,31.5481,-29.4969,-25.0884,-10.1099,29.4814,-15.9658,4.71966,-29.4969,2178,-89.4969,Volatile State
2179,11:36:19,28.6928,10.3255,-90.875,17.292,-1.7631,-91.856,-4.88558,-158.071566,27.5463,-28.1468,-26.4353,-8.98784,29.4283,-18.3662,3.10066,-28.1468,2179,-88.1468,Volatile State
2180,11:36:20,27.1857,10.9158,-88.172,17.32,-0.286888,-85.7459,-6.78151,-180.33847,22.2943,-26.6014,-27.5291,-8.64394,32.1426,-19.8194,2.68858,-26.6014,2180,-86.6014,Volatile State
2181,11:36:21,25.0733,11.031,-84.967,16.647,-0.14735,-80.7308,-6.40115,-182.715022,18.8798,-26.4711,-27.8951,-7.58939,33.2366,-19.56,4.64543,-26.4711,2181,-86.4711,Volatile State
2182,11:36:22,21.0239,10.8419,-81.499,15.863,0.104064,-76.7951,-6.06199,-169.671808,19.2949,-28.0807,-28.504,-5.38478,33.1411,-17.21,5.41501,-28.0807,2182,-88.08070000000001,Volatile State
2183,11:36:23,17.4937,11.3001,-77.283,18.203,0.073011,-70.7198,-5.69347,-152.331437,16.9872,-30.7641,-28.6686,-2.74972,31.6213,-16.2113,6.32461,-30.7641,2183,-90.7641,Volatile State
2184,11:36:24,15.1329,11.0063,-72.341,17.345,-1.66758,-63.6891,-5.63845,-137.990366,17.1452,-34.8875,-30.0794,-0.559748,30.9038,-16.4259,5.38371,-34.8875,2184,-94.8875,Volatile State
2185,11:36:25,11.8615,9.9782,-70.454,15.458,-0.404018,-58.1644,-6.70431,-124.899269,17.6567,-39.2779,-30.8916,0.247376,29.3932,-17.1404,3.86629,-39.2779,2185,-99.2779,Volatile State
2186,11:36:26,8.05554,9.00057,-71.582,18.716,-2.57743,-52.6996,-7.1169,-133.338073,17.4229,-41.3671,-32.1287,-0.040149,27.1259,-17.2614,4.06822,-41.3671,2186,-101.3671,Volatile State
2187,11:36:27,4.15809,8.50382,-75.955,22.51,-5.05681,-47.7799,-7.76429,-140.671744,16.7195,-43.0344,-32.7199,-0.814631,27.086,-16.0986,5.83563,-43.0344,2187,-103.0344,Volatile State
2188,11:36:28,0.542421,8.10095,-82.716,21.497,-7.89639,-45.3554,-5.44076,-148.005415,14.2349,-44.0526,-31.1844,0.131487,28.2807,-15.3697,7.78787,-44.0526,2188,-104.0526,Volatile State
2189,11:36:29,-3.90399,8.3491,-88.75,20.303,-8.3982,-45.8656,-3.16692,-155.339086,8.79121,-40.7682,-30.0911,-0.024116,28.1607,-16.5284,8.16329,-40.7682,2189,-100.76820000000001,Volatile State
2190,11:36:30,-7.68765,8.68121,-95.571,21.538,-8.96225,-49.4932,-0.679294,-158.206536,2.37079,-34.6311,-29.5057,1.15896,26.2427,-17.3859,6.70245,-34.6311,2190,-94.6311,Volatile State
2191,11:36:31,-10.65,9.06352,-101.239,22.198,-9.56731,-53.2484,0.467859,-146.767747,-5.3986,-27.4196,-28.6338,1.202,23.8286,-19.4084,4.02932,-27.4196,2191,-87.4196,Volatile State
2192,11:36:32,-12.2134,9.77083,-108.609,18.419,-10.1823,-56.6512,-0.619901,-138.669068,-8.42888,-21.8456,-26.7185,1.54684,21.2815,-21.7716,3.467,-21.8456,2192,-81.8456,Volatile State
2193,11:36:33,-13.9087,10.6372,-115.065,19.033,-10.3284,-59.1355,-0.925378,-140.81964,-11.1473,-15.6814,-23.3586,1.20816,18.151,-23.0018,5.22754,-15.6814,2193,-75.6814,Volatile State
2194,11:36:34,-15.1407,11.0799,-119.355,22.049,-10.8013,-60.0765,-0.517426,-143.011961,-9.91279,-12.94,-19.4239,-0.76586,16.5033,-23.4689,6.76006,-12.94,2194,-72.94,Volatile State
2195,11:36:35,-17.8199,11.6373,-118.018,22.541,-10.7213,-61.9531,0.123122,-123.189812,-7.53913,-9.1937,-17.2042,-2.59483,15.5006,-22.1801,6.5636,-9.1937,2195,-69.1937,Volatile State
2196,11:36:36,-18.4595,11.8866,-111.109,20.856,-10.4774,-63.6221,0.563324,-103.572606,-4.25319,-7.24385,-16.104,-2.56669,15.9027,-21.6902,5.27881,-7.24385,2196,-67.24385,Volatile State
2197,11:36:37,-20.4431,12.2116,-103.157,19.1,-10.3389,-65.2277,-0.44975,-96.881216,-0.239379,-6.31485,-16.3216,-1.72312,15.9108,-22.4847,2.32531,-6.31485,2197,-66.31485,Volatile State
2198,11:36:38,-23.587,12.8781,-95.678,18.795,-8.96039,-65.6554,-2.37869,-99.821982,1.84066,-5.41477,-14.8187,-1.04258,15.4489,-25.6631,-1.18639,-5.41477,2198,-65.41477,Volatile State
2199,11:36:39,-26.1665,13.0036,-84.757,17.492,-6.98012,-65.5197,-4.35084,-104.572574,3.26918,-7.16319,-14.5797,-1.26917,15.0673,-26.93,-1.3873,-7.16319,2199,-67.16319,Volatile State
2200,11:36:40,-29.5027,12.9163,-79.014,15.958,-0.568614,-65.3466,-5.91278,-100.930508,4.56034,-11.6957,-14.6446,-1.18289,15.8803,-24.9117,-1.00739,-11.6957,2200,-71.6957,Volatile State
2201,11:36:41,-31.7903,13.3709,-77.285,13.505,-0.426564,-63.9309,-7.6932,-96.34536,5.94688,-15.8992,-15.6337,-2.0363,18.0543,-22.3771,1.63512,-15.8992,2201,-75.89920000000001,Volatile State
2202,11:36:42,-34.8036,14.1723,-78.596,14.415,5.61769,-62.6283,-8.54799,-78.575857,7.56202,-17.8081,-16.9361,-2.81157,18.0625,-19.1309,2.00124,-17.8081,2202,-77.8081,Volatile State
2203,11:36:43,-38.4972,14.6556,-80.695,16.661,8.01375,-62.6295,-8.07756,-60.028612,7.64766,-19.6754,-17.8156,-4.48384,16.8469,-18.2174,1.82513,-19.6754,2203,-79.6754,Volatile State
2204,11:36:44,-41.9744,14.815,-81.033,16.705,9.49073,-61.3061,-10.3146,-45.75425,10.0314,-20.7235,-18.603,-5.03801,15.5279,-17.5727,3.25147,-20.7235,2204,-80.7235,Volatile State
2205,11:36:45,-44.0338,14.983,-80.107,13.97,10.5018,-60.9986,-11.5002,-59.561819,10.0189,-20.9708,-19.4279,-3.71531,15.101,-18.1194,5.58148,-20.9708,2205,-80.9708,Volatile State
2206,11:36:46,-46.5614,14.3352,-79.461,11.608,10.909,-59.7857,-13.1965,-83.62141,13.8302,-20.1712,-20.5277,-2.09516,15.1748,-17.0793,7.61464,-20.1712,2206,-80.1712,Volatile State
2207,11:36:47,-47.9872,13.4202,-79.12,11.305,11.475,-60.3913,-14.8322,-100.355884,14.5493,-19.0242,-21.7841,-1.30946,15.9198,-14.7735,8.00628,-19.0242,2207,-79.02420000000001,Volatile State
2208,11:36:48,-48.7153,13.463,-76.676,9.176,12.7028,-63.7694,-15.7112,-112.880441,15.8989,-17.8861,-22.6033,-1.18829,16.6576,-12.2968,7.96709,-17.8861,2208,-77.8861,Volatile State
2209,11:36:49,-47.8715,14.2832,-71.404,5.15,12.9375,-67.1004,-17.7611,-118.926625,14.6291,-15.5959,-23.0393,-1.24274,18.6459,-9.9031,8.15126,-15.5959,2209,-75.5959,Volatile State
2210,11:36:50,-49.6802,14.5644,-62.861,3.9,11.3414,-68.0335,-19.9541,-119.911035,14.2526,-13.6388,-24.3408,-2.01915,20.5628,-8.42502,9.76283,-13.6388,2210,-73.6388,Volatile State
2211,11:36:51,-51.2802,14.0859,-51.062,6.727,10.8731,-67.679,-21.1701,-139.902442,13.5834,-13.2925,-23.9229,-2.4885,22.2531,-7.20551,11.3814,-13.2925,2211,-73.2925,Volatile State
2212,11:36:52,-52.7356,13.5413,-34.547,7.936,9.00083,-68.1738,-20.9502,-145.330469,14.3221,-13.2434,-22.7457,-2.27857,21.9116,-5.77045,11.3619,-13.2434,2212,-73.2434,Volatile State
2213,11:36:53,-53.3307,13.1674,-14.257,6.561,9.07776,-67.6246,-20.0235,-139.16314,15.2063,-13.2154,-21.6309,-1.07096,21.9998,-4.12339,10.9089,-13.2154,2213,-73.2154,Volatile State
2214,11:36:54,-55.1458,12.7811,3.356,8.206,9.73995,-66.8535,-17.7839,-117.627063,16.9835,-13.7806,-20.8423,1.32396,21.4277,-2.23911,10.789,-13.7806,2214,-73.78059999999999,Volatile State
2215,11:36:55,-55.9418,13.2059,12.176,10.208,8.96153,-67.2149,-18.819,-100.147673,17.5622,-14.8289,-19.6007,2.54395,22.3399,-0.961628,11.7003,-14.8289,2215,-74.8289,Volatile State
2216,11:36:56,-55.2277,14.2618,7.772,11.375,6.83573,-67.8179,-17.3971,-99.79166,18.0291,-15.2144,-17.8993,3.70773,22.882,-0.595005,12.8566,-15.2144,2216,-75.2144,Volatile State
2217,11:36:57,-54.2478,14.7883,-3.284,8.61,7.76088,-67.9079,-18.19,-94.182297,16.4936,-16.0417,-18.3331,3.85362,23.7153,0.104655,13.4067,-16.0417,2217,-76.04169999999999,Volatile State
2218,11:36:58,-54.8161,15.3497,-13.218,7.366,7.90014,-66.735,-17.3622,-90.082484,14.9283,-16.2152,-17.8568,2.91436,21.7894,1.09989,13.9085,-16.2152,2218,-76.2152,Volatile State
2219,11:36:59,-54.9458,16.4236,-17.534,13.132,9.54204,-64.3076,-18.0667,-78.079423,14.2131,-17.8097,-17.86,1.03893,21.1455,1.04057,13.6316,-17.8097,2219,-77.80969999999999,Volatile State
2220,11:37:00,-56.8244,16.8761,-15.272,17.104,10.9727,-60.7154,-17.623,-77.137565,14.8652,-19.6904,-16.5837,-0.425858,20.3521,1.11286,15.0703,-19.6904,2220,-79.6904,Volatile State
2221,11:37:01,-58.3873,16.184,-9.949,14.532,11.0345,-55.1939,-14.34,-86.965477,15.3458,-22.3854,-17.1162,-0.54156,20.3885,2.42532,15.7213,-22.3854,2221,-82.3854,Volatile State
2222,11:37:02,-60.153,15.0656,-4.407,15.581,10.3295,-52.3037,-11.9835,-100.083257,18.221,-25.9932,-18.6536,-1.33376,19.9381,4.28019,16.5351,-25.9932,2222,-85.9932,Volatile State
2223,11:37:03,-61.6697,13.4955,-4.336,20.117,10.5241,-50.3578,-8.51201,-119.310512,17.9708,-29.6395,-20.5214,-2.10417,20.8441,5.12816,17.4472,-29.6395,2223,-89.6395,Volatile State
2224,11:37:04,-61.7112,12.1806,-8.473,21.744,10.6376,-50.8935,-6.09059,-133.341522,18.1182,-33.6719,-21.4238,-3.58983,21.9234,3.9935,17.5512,-33.6719,2224,-93.6719,Volatile State
2225,11:37:05,-62.9324,11.3292,-13.992,18.908,11.8493,-52.9782,-4.71542,-134.070833,17.6421,-37.463,-22.1996,-5.07265,24.5544,2.46953,19.0588,-37.463,2225,-97.463,Volatile State
2226,11:37:06,-63.9978,11.0501,-18.102,18.948,11.9171,-58.2593,-3.46642,-128.747869,16.4611,-39.6643,-23.1888,-7.08554,26.1755,3.34598,22.2696,-39.6643,2226,-99.6643,Volatile State
2227,11:37:07,-65.4367,11.3514,-19.575,23.152,9.53397,-63.3708,-2.0414,-122.26639,14.5375,-40.4203,-22.7202,-8.12866,27.7106,3.42668,23.7718,-40.4203,2227,-100.4203,Volatile State
2228,11:37:08,-67.0823,11.6342,-18.989,24.125,10.14,-68.0589,-1.35458,-110.21851,10.0138,-43.268,-23.0752,-9.26083,29.1985,3.71206,25.0662,-43.268,2228,-103.268,Volatile State
2229,11:37:09,-69.1562,11.2347,-19.125,23.91,10.499,-72.7749,-1.51547,-100.521605,6.71522,-45.8276,-23.5706,-12.037,30.1007,3.18237,24.4484,-45.8276,2229,-105.82759999999999,Volatile State
2230,11:37:10,-71.0262,11.0209,-16.958,21.663,8.75014,-78.638,-0.733785,-105.599871,4.81912,-48.1672,-24.2953,-14.2816,31.5383,2.78806,23.5505,-48.1672,2230,-108.16720000000001,Volatile State
2231,11:37:11,-72.948,11.5089,-15.095,22.457,7.40071,-85.1504,-2.12911,-98.913609,4.89297,-48.4841,-24.6712,-16.1357,31.2632,2.5117,22.1891,-48.4841,2231,-108.4841,Volatile State
2232,11:37:12,-75.7649,11.7003,-11.198,23.782,8.7279,-93.6066,-2.01593,-86.506519,4.39062,-48.296,-24.8337,-15.7429,29.687,1.18917,22.669,-48.296,2232,-108.29599999999999,Volatile State
2233,11:37:13,-79.5917,11.082,-3.344,22.252,10.9029,-103.277,-3.58774,-79.13576,2.529,-48.4443,-25.2597,-16.5167,27.4613,1.49892,23.4051,-48.4443,2233,-108.4443,Volatile State
2234,11:37:14,-82.7103,10.787,7.408,20.472,9.71113,-111.31,-4.97039,-69.932501,0.317574,-48.3781,-24.3879,-16.2329,26.1685,2.25694,23.0883,-48.3781,2234,-108.3781,Volatile State
2235,11:37:15,-85.5719,10.6771,17.292,22.618,7.68515,-117.076,-5.72711,-68.666444,-1.74357,-50.9584,-23.7851,-16.4103,26.1009,2.01499,22.7062,-50.9584,2235,-110.9584,Volatile State
2236,11:37:16,-85.7737,10.2403,29.138,24.257,6.85676,-122.68,-5.6561,-93.732117,-6.55298,-55.1535,-25.0512,-15.0229,26.3359,0.763022,22.3005,-55.1535,2236,-115.15350000000001,Volatile State
2237,11:37:17,-85.0279,10.1371,39.259,21.64,6.99037,-127.832,-4.9753,-124.993877,-9.09685,-59.6789,-27.1132,-14.0879,27.1943,-0.718999,23.2758,-59.6789,2237,-119.6789,Volatile State
2238,11:37:18,-84.7552,9.74447,42.946,20.453,5.23918,-131.081,-5.70437,-153.429584,-14.5186,-63.1996,-27.8277,-14.5008,26.6833,-0.637448,23.5022,-63.1996,2238,-123.1996,Volatile State
2239,11:37:19,-83.0073,9.71599,38.268,21.565,2.48377,-133.385,-5.41647,-174.862906,-20.0198,-66.9592,-27.4994,-14.1689,26.6981,-1.56898,25.6428,-66.9592,2239,-126.9592,Volatile State
2240,11:37:20,-81.1648,9.53139,24.607,22.275,3.04013,-136.302,-6.80193,-185.564197,-23.723,-68.663,-27.8043,-14.2384,26.4791,-1.93562,26.5141,-68.663,2240,-128.663,Volatile State
2241,11:37:21,-79.7303,9.41606,8.362,19.842,1.79957,-139.664,-4.64431,-185.302405,-29.3588,-70.2744,-27.5637,-13.0785,27.9046,-2.03184,28.0495,-70.2744,2241,-130.2744,Volatile State
2242,11:37:22,-78.1308,9.81735,-5.382,17.635,2.75298,-142.044,-4.99772,-175.251295,-33.6603,-70.8551,-26.7632,-13.1469,29.8007,-2.06221,29.2909,-70.8551,2242,-130.8551,Volatile State
2243,11:37:23,-75.9749,11.3955,-17.437,21.541,3.64084,-142.371,-5.19717,-154.901079,-38.5861,-69.9182,-26.0509,-13.8655,30.4405,-3.59833,30.5104,-69.9182,2243,-129.9182,Volatile State
2244,11:37:24,-73.3292,13.2467,-23.615,21.95,3.567,-140.969,-4.92769,-134.718533,-43.7185,-67.4172,-25.4306,-14.0249,29.9811,-5.0844,31.3322,-67.4172,2244,-127.4172,Volatile State
2245,11:37:25,-71.2463,14.988,-22.488,20.001,4.67113,-137.41,-3.84562,-120.650155,-46.0427,-64.9877,-24.1829,-14.8888,29.1582,-6.38881,30.1957,-64.9877,2245,-124.9877,Volatile State
2246,11:37:26,-66.1804,16.2366,-16.93,23.583,5.51321,-134.527,-2.33842,-105.109175,-48.3067,-64.4449,-21.3494,-15.5371,28.4835,-6.39992,29.574,-64.4449,2246,-124.4449,Volatile State
2247,11:37:27,-62.0171,17.3055,-9.681,26.711,3.8931,-133.146,-1.17555,-91.838562,-50.4626,-62.9508,-19.6688,-16.2254,27.9377,-7.01211,28.5002,-62.9508,2247,-122.9508,Volatile State
2248,11:37:28,-55.8471,17.4556,-0.769,24.341,4.27815,-134.234,-0.672586,-84.252609,-53.8712,-61.8971,-19.5877,-15.4321,27.5157,-7.776,27.7426,-61.8971,2248,-121.8971,Volatile State
2249,11:37:29,-50.1208,17.3645,7.189,21.504,2.21558,-133.433,2.22627,-75.658008,-57.8849,-58.8335,-19.4687,-15.6175,27.6008,-8.94868,28.4248,-58.8335,2249,-118.8335,Volatile State
2250,11:37:30,-42.7424,16.603,13.17,21.098,1.54111,-129.954,3.02754,-67.980471,-62.0789,-55.5892,-19.9008,-13.8424,27.6461,-11.4271,29.7536,-55.5892,2250,-115.5892,Volatile State
2251,11:37:31,-36.7794,15.132,13.848,24.715,-0.937857,-127.036,1.90108,-72.355212,-67.5154,-52.485,-20.9936,-11.9687,26.0691,-14.6785,29.5748,-52.485,2251,-112.485,Volatile State
2252,11:37:32,-32.0965,13.6572,12.065,22.105,-1.88534,-123.159,1.88512,-75.730795,-71.3512,-48.3575,-20.959,-10.2019,24.0278,-16.7243,29.0895,-48.3575,2252,-108.3575,Volatile State
2253,11:37:33,-26.427,12.6809,10.225,17.962,-4.6728,-117.984,4.33711,-77.17371,-75.7684,-43.1155,-20.383,-10.1746,23.4854,-18.0974,28.3753,-43.1155,2253,-103.1155,Volatile State
2254,11:37:34,-22.5762,11.6523,10.776,17.923,-5.07967,-110.818,6.04277,-79.735655,-77.334,-37.4344,-20.6536,-9.33915,23.7181,-18.5412,29.6113,-37.4344,2254,-97.4344,Volatile State
2255,11:37:35,-19.1368,10.5749,15.05,19.787,-3.8343,-104.912,6.87399,-93.232169,-78.8195,-33.2569,-22.0038,-8.85139,22.7806,-18.7035,32.209,-33.2569,2255,-93.2569,Volatile State
2256,11:37:36,-15.275,9.24466,22.168,18.582,-5.52499,-100.158,6.97907,-119.450086,-79.8142,-29.9228,-22.857,-9.04261,23.2328,-19.4183,33.7878,-29.9228,2256,-89.9228,Volatile State
2257,11:37:37,-10.4367,8.06315,25.796,14.082,-7.56138,-95.6917,7.39344,-140.728112,-80.721,-27.5655,-23.2149,-9.89478,24.4253,-19.3577,34.5436,-27.5655,2257,-87.5655,Volatile State
2258,11:37:38,-5.45479,7.52816,22.813,11.144,-8.19307,-90.0618,7.61443,-142.679903,-80.668,-27.1753,-23.7128,-10.4487,24.3673,-21.052,34.5407,-27.1753,2258,-87.1753,Volatile State
2259,11:37:39,-0.532926,6.24659,15.542,11.725,-10.3361,-83.6799,9.08647,-143.902444,-80.6145,-28.4225,-23.8131,-11.827,25.5551,-22.1673,32.811,-28.4225,2259,-88.4225,Volatile State
2260,11:37:40,2.35414,4.37176,11.06,9.443,-11.6292,-77.1862,9.89703,-145.124984,-79.0415,-31.6496,-22.8273,-13.0066,25.7724,-22.7896,32.6909,-31.6496,2260,-91.64959999999999,Volatile State
2261,11:37:41,4.43963,2.76865,10.706,8.032,-11.3634,-71.1311,10.132,-146.347525,-75.7112,-34.3296,-22.1114,-13.0337,26.1123,-22.4759,33.9498,-34.3296,2261,-94.3296,Volatile State
2262,11:37:42,7.31573,0.664699,14.347,5.627,-12.1455,-66.7729,10.2965,-142.651029,-71.204,-37.3964,-22.2018,-13.2351,24.7923,-22.1901,36.0415,-37.3964,2262,-97.3964,Volatile State
2263,11:37:43,10.4709,-0.904269,23.479,6.35,-14.5228,-65.4775,11.3872,-130.975519,-65.3265,-38.1179,-21.72,-13.9603,24.1855,-21.0838,34.5954,-38.1179,2263,-98.11789999999999,Volatile State
2264,11:37:44,12.713,-1.20113,38.34,6.88,-15.4642,-64.177,11.1224,-108.493836,-59.8111,-36.2084,-22.7484,-15.7122,22.5574,-19.3231,33.1789,-36.2084,2264,-96.2084,Volatile State
2265,11:37:45,13.4194,-1.43455,51.02,6.429,-14.1134,-62.2725,10.4005,-92.795155,-54.9925,-34.0178,-23.7248,-16.9136,21.9508,-16.5356,29.914,-34.0178,2265,-94.0178,Volatile State
2266,11:37:46,15.4578,-2.14915,55.008,1.403,-13.9416,-60.6018,10.0747,-86.068042,-49.6648,-31.4352,-24.4529,-16.9979,21.8281,-14.0959,29.9105,-31.4352,2266,-91.4352,Volatile State
2267,11:37:47,17.2156,-2.29069,50.244,0.528,-14.9074,-59.1916,6.05317,-77.034157,-44.9895,-28.8378,-22.972,-15.8195,21.5592,-12.6233,29.1053,-28.8378,2267,-88.8378,Volatile State
2268,11:37:48,16.3426,-2.38506,41.685,2.583,-11.9202,-58.8021,5.19082,-79.173536,-39.8463,-27.1735,-21.917,-16.5896,20.2234,-10.7248,29.095,-27.1735,2268,-87.1735,Volatile State
2269,11:37:49,12.9352,-2.43,35.925,5.087,-11.292,-58.191,4.74308,-85.541439,-34.1206,-24.8069,-21.047,-17.6217,20.8938,-8.60108,27.3144,-24.8069,2269,-84.8069,Volatile State
2270,11:37:50,11.7855,-2.11586,37.371,2.965,-7.9642,-56.3719,4.1969,-91.909342,-27.2323,-23.4833,-21.2486,-18.4938,24.1059,-6.87028,23.7885,-23.4833,2270,-83.4833,Volatile State
2271,11:37:51,8.93443,-1.70188,41.508,1.661,-5.66961,-56.4096,5.2309,-98.277245,-22.2632,-25.4964,-22.1221,-18.4848,27.1379,-4.23585,22.3466,-25.4964,2271,-85.4964,Volatile State
2272,11:37:52,6.12534,-1.39234,45.56,3.259,-6.48603,-56.3637,5.93072,-90.15241,-15.7119,-28.1677,-22.5556,-18.6812,28.4141,-3.01495,21.0265,-28.1677,2272,-88.1677,Volatile State
2273,11:37:53,3.37677,-1.01618,48.997,1.589,-3.18763,-53.0421,5.17066,-68.665984,-11.107,-30.7104,-22.5162,-19.9206,27.7904,-3.07294,21.3346,-30.7104,2273,-90.71039999999999,Volatile State
2274,11:37:54,1.72803,-0.81188,50.03,0.731,-1.89487,-48.069,3.76307,-56.32388,-4.18356,-33.0812,-21.9012,-19.7424,27.1005,-2.47841,20.9258,-33.0812,2274,-93.0812,Volatile State
2275,11:37:55,0.06633,-0.611806,49.742,3.903,-1.30102,-44.179,2.62468,-74.947976,1.81332,-35.4057,-21.5844,-19.5697,27.2295,-2.08419,19.0905,-35.4057,2275,-95.4057,Volatile State
2276,11:37:56,-0.75028,-0.191998,47.477,3.275,0.066811,-42.1124,2.66018,-113.857708,8.58368,-33.8434,-21.9366,-18.065,28.5942,-2.22269,16.3243,-33.8434,2276,-93.8434,Volatile State
2277,11:37:57,-1.3134,0.997408,42.01,3.586,2.36335,-40.414,2.45314,-148.025069,14.9696,-31.4056,-22.7923,-18.0808,29.9479,-1.60379,13.7684,-31.4056,2277,-91.40559999999999,Volatile State
2278,11:37:58,-0.661776,3.02219,35.114,3.77,3.56616,-40.5137,4.22587,-173.847812,20.0569,-29.3818,-22.0462,-19.5785,30.8123,-0.081866,13.9041,-29.3818,2278,-89.3818,Volatile State
2279,11:37:59,-1.25605,5.07294,31.508,2.713,4.75274,-42.5732,4.18991,-192.422972,24.1684,-27.5802,-22.8808,-19.5939,30.4905,-0.200156,15.3955,-27.5802,2279,-87.5802,Volatile State
2280,11:38:00,-2.05879,6.18426,31.824,3.405,4.86774,-41.6358,4.04521,-199.68831,27.1981,-26.3389,-23.4586,-18.7858,28.2614,-1.45363,15.7097,-26.3389,2280,-86.3389,Volatile State
2281,11:38:01,-0.666936,7.52895,34.136,3.764,6.4268,-42.1464,5.96971,-204.206275,31.3624,-26.7089,-22.9666,-19.4504,26.9514,-3.23257,13.7146,-26.7089,2281,-86.7089,Volatile State
2282,11:38:02,0.380191,9.13563,36.552,3.994,8.30713,-44.3282,6.57388,-193.031637,33.6428,-27.4121,-22.3987,-21.2242,26.7345,-3.02719,9.79905,-27.4121,2282,-87.4121,Volatile State
2283,11:38:03,1.17384,10.7764,36.312,1.903,7.18496,-48.002,7.5573,-174.202613,33.9699,-28.2397,-21.7865,-22.6986,28.4458,-2.23603,7.17308,-28.2397,2283,-88.2397,Volatile State
2284,11:38:04,2.71195,12.3111,35.146,3.602,7.02023,-53.396,6.2218,-159.047998,34.8672,-30.634,-20.986,-23.6056,27.2619,-0.914669,6.06657,-30.634,2284,-90.634,Volatile State
2285,11:38:05,4.0906,13.5267,32.43,3.031,9.42501,-58.7128,5.91861,-153.081589,32.5017,-33.3313,-21.6181,-23.9164,25.5637,-0.233335,6.93028,-33.3313,2285,-93.3313,Volatile State
2286,11:38:06,5.08007,14.1864,30.572,0.288,8.69856,-65.1219,7.03898,-142.251322,29.2692,-37.3015,-22.4654,-23.2299,22.1441,-0.61838,7.95853,-37.3015,2286,-97.3015,Volatile State
2287,11:38:07,6.54115,14.5279,27.188,0.214,9.62758,-70.9363,7.87283,-121.68774,26.9896,-38.9623,-22.7878,-23.1398,20.7287,-0.965148,7.98483,-38.9623,2287,-98.9623,Volatile State
2288,11:38:08,8.34564,15.0251,24.892,5.302,9.18919,-75.8065,8.84636,-96.688097,25.2029,-38.6405,-22.5133,-21.8964,20.0113,-0.334181,7.60618,-38.6405,2288,-98.6405,Volatile State
2289,11:38:09,11.757,15.5063,24.74,10.236,9.44673,-78.8607,10.5624,-79.315543,25.8471,-38.496,-21.9148,-20.7906,20.2898,-0.075454,7.69288,-38.496,2289,-98.49600000000001,Volatile State
2290,11:38:10,13.2172,15.4967,28.458,13.53,10.0424,-79.1311,9.9513,-72.577031,23.1102,-37.6556,-20.5979,-19.2375,19.9321,1.07085,10.7885,-37.6556,2290,-97.65559999999999,Volatile State
2291,11:38:11,14.2965,15.4809,32.35,14.718,10.3309,-77.162,7.96342,-85.136186,19.1232,-35.6189,-19.6166,-18.7572,18.7912,2.17523,14.1817,-35.6189,2291,-95.6189,Volatile State
2292,11:38:12,13.6027,16.0093,34.375,15.793,9.49827,-75.6935,6.14719,-99.985849,10.9322,-30.1319,-19.3662,-19.2699,20.5211,2.98978,16.3132,-30.1319,2292,-90.1319,Volatile State
2293,11:38:13,12.3179,15.4731,33.629,17.01,8.61461,-73.081,6.11859,-112.731241,7.81571,-26.045,-20.2863,-19.3144,22.3656,2.53899,16.6542,-26.045,2293,-86.045,Volatile State
2294,11:38:14,7.89363,14.7966,32.074,17.221,7.1615,-70.7006,5.27389,-123.07963,2.17542,-22.8155,-20.5496,-19.1664,24.5805,1.98092,14.511,-22.8155,2294,-82.8155,Volatile State
2295,11:38:15,7.62153,13.6916,27.51,19.419,5.88064,-69.5549,3.97739,-145.725138,-1.40764,-20.3518,-20.5812,-20.1101,25.0424,2.87457,14.5574,-20.3518,2295,-80.3518,Volatile State
2296,11:38:16,5.78575,11.8156,22.624,22.632,2.44466,-68.7295,4.97923,-166.529445,-3.56263,-17.6796,-22.0951,-20.8391,24.7902,3.57423,15.5709,-17.6796,2296,-77.6796,Volatile State
2297,11:38:17,5.45059,10.8689,17.457,24.472,0.175076,-66.3134,2.81672,-188.306046,-8.12563,-14.5069,-23.0178,-19.5554,23.683,3.7196,16.9747,-14.5069,2297,-74.5069,Volatile State
2298,11:38:18,5.82771,10.5033,12.501,26.459,-1.9754,-60.8988,0.942712,-222.315169,-9.02553,-10.8844,-23.7135,-17.3406,22.3433,3.72905,15.7741,-10.8844,2298,-70.8844,Volatile State
2299,11:38:19,5.42537,10.1267,6.876,28.11,-2.56255,-55.3276,-0.109844,-245.000818,-11.4045,-7.8755,-24.9527,-15.6546,22.644,5.24667,14.8914,-7.8755,2299,-67.8755,Volatile State
2300,11:38:20,3.3331,9.27707,2.826,28.67,-2.53659,-49.6456,0.86863,-257.256825,-11.9282,-7.63805,-25.4482,-12.7825,24.1704,5.9052,12.8282,-7.63805,2300,-67.63804999999999,Volatile State
2301,11:38:21,1.29021,8.01265,2.971,25.972,-5.03893,-45.7325,-0.270238,-257.532506,-13.116,-9.78071,-26.0462,-9.89569,25.5073,6.53852,11.7883,-9.78071,2301,-69.78071,Volatile State
2302,11:38:22,0.909731,7.32488,9.98,23.843,-5.63745,-42.9339,0.700041,-239.269351,-14.2327,-12.3854,-27.2721,-9.21209,26.4229,6.12683,13.2848,-12.3854,2302,-72.3854,Volatile State
2303,11:38:23,-0.532793,7.35567,23.109,24.026,-7.67029,-40.1198,-0.317271,-205.402311,-15.8299,-15.1399,-27.8074,-9.68449,26.7311,5.27016,13.2934,-15.1399,2303,-75.1399,Volatile State
2304,11:38:24,-1.54362,7.84427,38.981,24.962,-9.48812,-37.702,-1.27885,-175.335171,-18.447,-17.6151,-27.9852,-9.70815,24.8618,4.39373,13.0778,-17.6151,2304,-77.6151,Volatile State
2305,11:38:25,-4.15876,8.75173,55.005,25.769,-9.41804,-37.2003,-1.38217,-168.805572,-22.0951,-18.8403,-27.7963,-8.0739,22.9248,2.49328,11.0154,-18.8403,2305,-78.8403,Volatile State
2306,11:38:26,-9.48702,9.37476,65.201,21.474,-10.5548,-40.5607,-0.021521,-168.941476,-24.4826,-17.794,-28.8235,-6.33135,22.6485,0.982445,8.67248,-17.794,2306,-77.794,Volatile State
2307,11:38:27,-16.4593,10.0674,64.208,19.907,-12.7175,-43.9069,0.370833,-180.462439,-27.2241,-16.1345,-28.6982,-5.28117,22.6318,-0.256599,9.48101,-16.1345,2307,-76.1345,Volatile State
2308,11:38:28,-22.318,10.2833,49.102,20.035,-12.9099,-46.5117,1.03093,-197.453191,-28.3221,-18.6213,-28.895,-3.98477,22.8954,-0.285588,10.7601,-18.6213,2308,-78.6213,Volatile State
2309,11:38:29,-25.3292,10.2364,31.22,18.391,-13.4389,-49.2344,1.21416,-211.308217,-30.6097,-25.1899,-29.1624,-2.14825,23.9666,-0.474295,12.4121,-25.1899,2309,-85.1899,Volatile State
2310,11:38:30,-28.994,10.6604,20.181,16.706,-11.1385,-53.2388,0.781128,-215.179169,-33.1396,-33.6471,-31.0877,-1.71163,23.4187,-0.702249,12.7679,-33.6471,2310,-93.6471,Volatile State
2311,11:38:31,-32.963,11.0442,15.195,14.529,-13.8882,-55.3955,1.62744,-226.058596,-35.815,-42.7557,-32.0209,-0.670934,22.6743,-0.792896,14.6614,-42.7557,2311,-102.75569999999999,Volatile State
2312,11:38:32,-38.802,10.9319,12.144,13.667,-14.5579,-57.0159,1.14875,-228.586081,-39.1883,-48.774,-32.1783,1.86365,22.7495,-0.198377,16.5417,-48.774,2312,-108.774,Volatile State
2313,11:38:33,-43.9584,11.3805,7.848,11.402,-15.5849,-57.9541,0.239772,-222.20652,-42.7892,-52.9741,-31.922,4.39016,24.8329,0.417522,19.3866,-52.9741,2313,-112.97409999999999,Volatile State
2314,11:38:34,-47.6607,11.1125,5.192,8.446,-17.0477,-58.9093,0.488818,-221.600912,-44.4486,-57.8984,-31.2795,5.58374,26.8082,1.98503,22.0947,-57.8984,2314,-117.89840000000001,Volatile State
2315,11:38:35,-50.8492,10.5734,4.025,7.035,-17.4596,-60.4598,1.97571,-212.106142,-44.1564,-63.069,-29.456,6.59132,28.9081,3.02707,23.8554,-63.069,2315,-123.069,Volatile State
2316,11:38:36,-52.6798,10.2096,6.973,7.231,-19.0524,-61.5893,4.00214,-201.463087,-44.5384,-67.6645,-28.3524,5.79448,29.658,2.48506,25.528,-67.6645,2316,-127.6645,Volatile State
2317,11:38:37,-54.8184,9.48131,11.867,6.954,-19.233,-64.1185,3.8556,-189.210553,-43.3789,-70.479,-28.0215,5.06825,28.7862,3.59906,24.544,-70.479,2317,-130.47899999999998,Volatile State
2318,11:38:38,-58.1199,9.37925,19.647,4.689,-19.7219,-65.7398,3.48887,-177.267403,-43.0416,-71.6005,-28.0899,4.14478,27.1741,3.71317,24.441,-71.6005,2318,-131.6005,Volatile State
2319,11:38:39,-61.6532,9.26214,31.298,1.906,-20.634,-66.6341,2.69256,-172.779656,-41.544,-71.6799,-27.4193,5.45664,25.8017,4.48393,26.6073,-71.6799,2319,-131.6799,Volatile State
2320,11:38:40,-63.715,8.72334,43.099,5.319,-21.7388,-66.4057,5.03472,-176.814741,-39.9506,-71.753,-26.921,6.50929,25.116,4.79772,28.7975,-71.753,2320,-131.753,Volatile State
2321,11:38:41,-62.4775,8.04143,55.722,6.383,-22.4311,-66.8006,4.39063,-185.139701,-38.2086,-71.3196,-26.5769,6.06695,26.8183,5.51192,29.5828,-71.3196,2321,-131.31959999999998,Volatile State
2322,11:38:42,-59.4146,6.95795,65.297,2.921,-20.3082,-66.9098,4.28664,-182.527801,-36.0745,-70.7598,-25.8096,4.91697,28.6327,6.46895,28.494,-70.7598,2322,-130.75979999999998,Volatile State
2323,11:38:43,-54.4524,5.59702,70.199,2.6,-20.2952,-67.6257,4.87484,-179.550932,-33.3295,-69.666,-24.0926,3.68902,29.3335,7.05624,27.5649,-69.666,2323,-129.666,Volatile State
2324,11:38:44,-49.9269,4.6311,67.381,5.831,-19.6229,-68.5096,4.6811,-179.296209,-29.6028,-67.6259,-24.6702,1.52579,28.0539,7.6399,27.6369,-67.6259,2324,-127.6259,Volatile State
2325,11:38:45,-45.9883,3.46453,62.879,6.807,-18.7934,-68.7335,1.89878,-179.48009,-25.3656,-66.8312,-26.2242,-2.89078,26.9646,8.98173,28.0239,-66.8312,2325,-126.8312,Volatile State
2326,11:38:46,-41.1572,2.38416,56.872,4.11,-15.3222,-67.7058,2.95915,-188.326658,-21.728,-68.0191,-27.2876,-6.38533,27.354,9.79872,28.9693,-68.0191,2326,-128.01909999999998,Volatile State
2327,11:38:47,-36.4875,1.48878,53.451,2.642,-14.2844,-68.4427,3.19764,-199.682926,-19.4998,-70.6435,-28.3347,-8.71305,28.9424,10.1218,27.0171,-70.6435,2327,-130.64350000000002,Volatile State
2328,11:38:48,-34.4244,0.976804,50.362,2.5,-11.7427,-69.438,3.00144,-198.476279,-17.2924,-72.9036,-28.6418,-9.7557,29.1858,10.4314,24.8657,-72.9036,2328,-132.90359999999998,Volatile State
2329,11:38:49,-33.9895,1.49687,45.431,0.635,-9.69162,-69.95,1.80442,-186.911574,-16.5052,-73.6914,-28.6362,-10.5183,29.8479,10.8823,23.369,-73.6914,2329,-133.6914,Volatile State
2330,11:38:50,-33.6946,1.85265,41.244,0.287,-8.58904,-66.7573,1.55113,-163.697894,-13.3722,-75.4116,-27.3252,-11.3567,29.1554,10.8981,23.1638,-75.4116,2330,-135.41160000000002,Volatile State
2331,11:38:51,-32.7332,1.76843,38.187,-0.279,-6.55707,-61.8,1.96806,-150.833564,-11.7469,-76.9666,-27.2409,-12.0438,29.4262,11.3244,21.7869,-76.9666,2331,-136.9666,Volatile State
2332,11:38:52,-31.1726,1.43678,31.25,-2.075,-3.70417,-56.559,1.83235,-156.251057,-8.62651,-76.3284,-26.0412,-12.4873,29.6183,12.67,21.322,-76.3284,2332,-136.3284,Volatile State
2333,11:38:53,-30.8709,1.0848,23.642,-2.792,-2.59363,-51.8445,2.60998,-178.25806,-4.52217,-74.6103,-24.7972,-11.8915,31.6262,12.7873,21.1016,-74.6103,2333,-134.6103,Volatile State
2334,11:38:54,-28.9087,1.05632,20.673,-0.202,0.45653,-49.2804,1.23577,-192.653138,0.265285,-73.8265,-24.1389,-10.0676,34.9121,12.8135,21.98,-73.8265,2334,-133.8265,Volatile State
2335,11:38:55,-26.7111,0.963841,23.402,2.087,1.5829,-46.6813,1.31043,-204.150876,4.73228,-73.3113,-22.6825,-9.13918,37.6218,12.7962,23.5467,-73.3113,2335,-133.31130000000002,Volatile State
2336,11:38:56,-24.679,0.878763,28.762,1.423,3.42972,-43.4718,0.897241,-202.857476,8.19523,-73.2544,-21.8173,-9.5407,38.943,12.3003,26.0991,-73.2544,2336,-133.2544,Volatile State
2337,11:38:57,-24.3562,1.04645,35.361,1.202,6.24887,-41.559,-0.288102,-189.324334,13.2301,-73.3282,-20.804,-8.67652,39.3274,12.4095,27.817,-73.3282,2337,-133.32819999999998,Volatile State
2338,11:38:58,-24.3571,1.2124,40.972,0.698,6.04339,-41.567,-0.652236,-168.093784,16.5755,-72.487,-20.6133,-6.17011,40.8044,12.8557,27.5411,-72.487,2338,-132.487,Volatile State
2339,11:38:59,-24.9951,1.11607,43.64,0.789,6.43718,-41.8779,-0.860533,-148.139424,18.6752,-70.0273,-19.25,-4.26396,42.1973,13.1925,25.0762,-70.0273,2339,-130.0273,Volatile State
2340,11:39:00,-25.0235,0.609175,47.081,-0.005,7.18505,-41.8086,-1.71497,-132.940592,19.1079,-66.4217,-19.5239,-3.65356,41.2516,12.3858,24.7076,-66.4217,2340,-126.4217,Volatile State
2341,11:39:01,-24.8706,-0.371641,49.955,0.159,7.71582,-39.3352,-0.816446,-127.535742,16.7191,-64.1185,-20.6548,-4.42695,40.4104,11.9583,26.7203,-64.1185,2341,-124.1185,Volatile State
2342,11:39:02,-24.9005,-2.01861,55.331,-0.022,7.35669,-35.4446,-1.27282,-125.328216,15.0628,-60.7145,-21.4524,-4.15787,38.5168,11.882,28.2979,-60.7145,2342,-120.7145,Volatile State
2343,11:39:03,-26.8494,-3.36132,60.386,5.782,6.1712,-31.6148,-1.8807,-131.516211,14.2727,-58.0109,-21.0935,-4.60893,36.9153,12.1373,28.3698,-58.0109,2343,-118.01089999999999,Volatile State
2344,11:39:04,-27.0975,-4.18012,61.887,8.771,4.67107,-29.8955,-0.653695,-136.245779,16.6225,-56.0384,-20.6857,-6.16818,34.7686,13.2392,26.0233,-56.0384,2344,-116.0384,Volatile State
2345,11:39:05,-27.3798,-4.16806,61.317,5.597,4.69421,-29.7317,1.62921,-139.792027,20.5337,-55.4753,-21.0803,-5.46502,33.2788,13.5811,23.2886,-55.4753,2345,-115.4753,Volatile State
2346,11:39:06,-30.5521,-3.73223,58.275,5.21,3.60111,-31.9756,2.49957,-144.48222,26.6415,-56.6404,-20.8961,-4.93442,31.9759,14.0566,22.4174,-56.6404,2346,-116.6404,Volatile State
2347,11:39:07,-33.4506,-3.18123,55.528,9.2,1.95516,-32.1182,0.865824,-150.997531,33.1495,-58.1536,-20.3217,-2.98704,31.2143,11.2324,22.4132,-58.1536,2347,-118.1536,Volatile State
2348,11:39:08,-37.1394,-3.15282,53.203,10.393,0.987991,-31.988,1.8872,-153.68966,37.2211,-60.3614,-19.7506,-2.09079,29.3188,9.43292,24.9693,-60.3614,2348,-120.3614,Volatile State
2349,11:39:09,-40.7075,-2.33513,53.406,6.653,1.62742,-30.5177,1.32122,-146.847653,37.7,-63.3625,-19.5735,-1.61678,28.8997,9.38171,25.2731,-63.3625,2349,-123.3625,Volatile State
2350,11:39:10,-44.0022,-1.43296,57.096,7.465,0.342329,-28.9528,-0.126306,-138.989128,37.7658,-66.6793,-19.2829,-2.35481,27.9749,10.0507,24.561,-66.6793,2350,-126.6793,Volatile State
2351,11:39:11,-47.34,0.557687,65.814,12.424,-0.670077,-26.9988,2.09442,-129.967645,35.8702,-68.1538,-18.2473,-2.79072,28.3572,11.0705,24.0538,-68.1538,2351,-128.1538,Volatile State
2352,11:39:12,-51.3845,2.1251,77.694,13.751,-1.41528,-25.4632,3.10529,-125.11331,34.3998,-68.7658,-18.3991,-2.25018,29.0657,12.0833,25.0304,-68.7658,2352,-128.7658,Volatile State
2353,11:39:13,-53.8643,4.02891,87.333,12.116,-0.275659,-23.8311,1.46966,-124.638207,32.5132,-69.1289,-16.0293,-3.57114,26.6564,11.4992,28.7775,-69.1289,2353,-129.1289,Volatile State
2354,11:39:14,-56.8049,5.74996,90.224,12.351,-1.27998,-23.2087,1.39248,-134.479664,33.6773,-68.4553,-13.9281,-5.23089,23.5841,8.21322,29.8914,-68.4553,2354,-128.4553,Volatile State
2355,11:39:15,-59.2441,6.74108,84.957,14.187,-1.15831,-23.9501,-0.591836,-144.321122,31.9065,-66.3727,-13.6293,-6.01874,22.3943,5.88837,30.7956,-66.3727,2355,-126.3727,Volatile State
2356,11:39:16,-60.5347,8.49826,75.161,15.469,1.31126,-26.1551,1.12074,-154.162579,31.6101,-64.1111,-14.348,-5.19886,21.234,4.4485,28.6882,-64.1111,2356,-124.1111,Volatile State
2357,11:39:17,-61.4705,10.768,65.268,14.859,2.57192,-28.8201,2.34305,-161.312762,28.5027,-61.7261,-14.6489,-4.80436,19.5433,5.65701,24.6293,-61.7261,2357,-121.7261,Volatile State
2358,11:39:18,-62.4462,12.2155,58.768,14.625,3.12979,-30.3985,-0.660705,-154.522582,24.8039,-59.5361,-13.9787,-5.98986,17.321,5.6215,25.0346,-59.5361,2358,-119.5361,Volatile State
2359,11:39:19,-63.2817,13.1109,47.433,11.561,4.906,-32.413,-1.99472,-136.196529,21.0662,-57.7565,-13.9444,-6.73757,15.1628,5.55892,27.3281,-57.7565,2359,-117.7565,Volatile State
2360,11:39:20,-63.3339,12.0155,37.447,13.313,5.8383,-32.3867,-4.20617,-119.262858,18.6204,-55.7856,-14.4797,-7.02337,14.7003,4.3848,26.3105,-55.7856,2360,-115.7856,Volatile State
2361,11:39:21,-64.0052,10.1416,27.463,15.917,7.17959,-33.1089,-4.60656,-113.83634,19.3308,-54.6569,-15.1208,-6.11108,15.6756,2.37326,23.602,-54.6569,2361,-114.65690000000001,Volatile State
2362,11:39:22,-65.5928,9.34017,24.222,15.521,8.49012,-32.4662,-2.87046,-108.937636,18.8249,-53.1357,-16.6105,-4.07538,15.7334,1.2566,20.8221,-53.1357,2362,-113.1357,Volatile State
2363,11:39:23,-65.2236,9.18464,26.518,13.705,8.56167,-31.7937,-4.34956,-112.732587,20.1686,-54.3288,-16.9822,-3.42112,16.5126,0.368055,19.1044,-54.3288,2363,-114.3288,Volatile State
2364,11:39:24,-65.7415,9.02922,31.564,12.509,9.02677,-32.6005,-5.48827,-117.143281,20.3421,-56.2107,-16.7646,-2.55005,17.4596,0.236807,18.1943,-56.2107,2364,-116.2107,Volatile State
2365,11:39:25,-67.3465,9.10036,36.522,13.087,10.0069,-34.2587,-7.55603,-120.179919,18.9293,-57.4809,-16.2919,-0.939459,17.5326,-0.061768,18.6199,-57.4809,2365,-117.48089999999999,Volatile State
2366,11:39:26,-67.4677,9.30932,43.118,10.523,10.8688,-36.6283,-9.27674,-123.216557,19.0965,-60.3028,-15.7534,0.109669,18.1357,-0.801461,18.6229,-60.3028,2366,-120.30279999999999,Volatile State
2367,11:39:27,-68.1626,9.05208,49.678,11.7,10.5847,-40.6045,-9.92345,-126.253195,17.7495,-61.4396,-15.9226,-1.79086,18.03,-2.43006,16.9545,-61.4396,2367,-121.4396,Volatile State
2368,11:39:28,-66.9221,8.53258,56.16,15.369,11.1673,-43.2323,-12.0663,-133.672484,17.8914,-62.515,-16.0539,-3.48544,19.3536,-2.75062,14.6344,-62.515,2368,-122.515,Volatile State
2369,11:39:29,-66.2149,7.10732,57.094,16.177,9.47548,-44.9662,-12.8131,-137.248946,16.1755,-63.2983,-15.97,-2.79669,21.7065,-2.7045,13.5823,-63.2983,2369,-123.2983,Volatile State
2370,11:39:30,-65.8903,5.34913,52.382,14.124,7.95035,-46.6712,-13.3147,-137.151639,14.6383,-64.0195,-14.82,-1.38418,23.7127,-2.04242,15.5255,-64.0195,2370,-124.0195,Volatile State
2371,11:39:31,-65.6553,5.22725,45.64,14.721,7.87041,-48.0233,-13.9376,-126.29442,9.75973,-65.1406,-13.4917,-2.54547,24.3294,-0.935751,17.8733,-65.1406,2371,-125.1406,Volatile State
2372,11:39:32,-66.3572,4.82761,36.968,11.597,7.19144,-48.7605,-13.7455,-115.437201,2.89459,-68.0934,-12.2668,-2.32215,25.213,-0.464067,19.4164,-68.0934,2372,-128.0934,Volatile State
2373,11:39:33,-68.4159,4.34943,26.083,12.133,3.95692,-50.1623,-16.1962,-104.579982,-4.50457,-73.4045,-11.4365,-2.75059,26.0093,-0.501555,18.499,-73.4045,2373,-133.40449999999998,Volatile State
2374,11:39:34,-69.652,4.26462,13.718,14.533,1.51807,-52.0085,-17.1356,-91.814736,-11.2608,-76.9232,-9.70177,-3.06576,27.0581,-1.34149,18.3763,-76.9232,2374,-136.9232,Volatile State
2375,11:39:35,-71.5535,4.21262,2.529,12.565,1.36377,-52.5879,-15.8672,-84.919252,-15.3659,-79.4632,-9.64131,-3.28995,28.3917,-2.86952,19.8276,-79.4632,2375,-139.4632,Volatile State
2376,11:39:36,-73.0396,4.84082,-5.553,13.158,-0.499511,-50.2855,-14.807,-83.898278,-20.8749,-81.2636,-9.24424,-3.23755,30.0007,-4.02716,22.1534,-81.2636,2376,-141.2636,Volatile State
2377,11:39:37,-74.7147,4.85822,-6.264,13.098,-2.45561,-50.2746,-15.0711,-90.595029,-26.1907,-80.828,-8.68429,-3.81955,30.2698,-5.67569,23.3327,-80.828,2377,-140.828,Volatile State
2378,11:39:38,-74.6329,4.9778,0.645,10.762,-4.1115,-50.529,-13.3678,-91.572473,-30.2646,-78.1989,-7.0371,-4.1817,29.3497,-8.12901,23.5417,-78.1989,2378,-138.19889999999998,Volatile State
2379,11:39:39,-72.9873,5.20095,11.62,9.825,-4.06593,-50.0776,-12.8736,-91.912528,-34.4665,-75.3,-6.54837,-3.35579,26.799,-10.1786,23.168,-75.3,2379,-135.3,Volatile State
2380,11:39:40,-71.2672,4.75861,22.567,12.443,-6.36347,-50.1835,-12.5578,-92.252584,-39.2366,-76.2425,-7.47921,-2.72214,24.6912,-11.6107,22.565,-76.2425,2380,-136.2425,Volatile State
2381,11:39:41,-70.0461,3.98063,31.371,11.813,-9.64061,-48.9865,-13.3867,-92.592639,-45.0256,-76.6927,-7.32388,-2.74655,24.5687,-12.0221,23.0252,-76.6927,2381,-136.6927,Volatile State
2382,11:39:42,-67.9629,2.75342,34.366,9.316,-10.394,-46.4424,-13.4238,-101.989093,-51.2771,-78.3333,-9.26817,-2.11744,25.4973,-11.1812,23.5004,-78.3333,2382,-138.3333,Volatile State
2383,11:39:43,-65.8682,1.44679,34.656,9.469,-8.94268,-43.6638,-11.3235,-125.852636,-57.2627,-77.9988,-11.2074,-2.26644,26.0501,-9.69636,23.6,-77.9988,2383,-137.99880000000002,Volatile State
2384,11:39:44,-64.2077,0.617675,35.056,11.61,-8.63487,-42.2123,-11.4888,-142.360557,-63.4897,-78.901,-11.2675,-0.703384,26.3604,-8.57359,24.5814,-78.901,2384,-138.901,Volatile State
2385,11:39:45,-61.3,0.399908,33.362,12.799,-7.77299,-38.418,-9.76001,-141.37726,-66.6252,-80.4073,-10.8344,0.68863,27.1191,-7.89823,25.0855,-80.4073,2385,-140.40730000000002,Volatile State
2386,11:39:46,-56.8011,0.38993,34.121,14.808,-7.53899,-35.4452,-8.84484,-140.393964,-67.6096,-82.3583,-9.61825,0.203309,28.5736,-7.01881,25.7363,-82.3583,2386,-142.35829999999999,Volatile State
2387,11:39:47,-53.5573,-0.201786,33.223,14.912,-6.24784,-33.8954,-9.27818,-139.410667,-67.5939,-84.9752,-9.95387,0.103501,28.8876,-7.40127,26.459,-84.9752,2387,-144.9752,Volatile State
2388,11:39:48,-50.9662,-0.12089,32.471,13.276,-5.95405,-33.1506,-11.0241,-140.458795,-65.9087,-88.5867,-11.0036,0.542619,29.4995,-7.35923,28.1597,-88.5867,2388,-148.5867,Volatile State
2389,11:39:49,-48.085,0.211564,31.058,11.12,-4.05501,-31.8895,-13.91,-140.632736,-64.858,-92.4848,-11.8293,1.3342,30.0594,-5.33809,28.5606,-92.4848,2389,-152.4848,Volatile State
2390,11:39:50,-44.8988,0.157218,31.741,12.904,-1.43289,-29.9773,-14.6048,-142.490945,-61.3118,-95.7914,-11.9418,3.05435,28.7383,-4.1417,30.4868,-95.7914,2390,-155.7914,Volatile State
2391,11:39:51,-41.7501,-0.238439,29.472,15.057,0.55851,-29.4444,-12.6201,-146.222274,-58.5803,-98.5003,-10.8119,3.63981,27.0778,-3.55528,30.6935,-98.5003,2391,-158.50029999999998,Volatile State
2392,11:39:52,-37.4523,-0.087121,27.862,11.342,1.60915,-30.0183,-11.3612,-144.347155,-54.0704,-100.793,-10.1621,3.46622,26.4227,-3.46058,31.4799,-100.793,2392,-160.793,Volatile State
2393,11:39:53,-33.4581,0.179755,22.573,13.161,2.55543,-30.0484,-10.2631,-143.401156,-49.8978,-102.121,-9.69191,4.13116,27.1489,-4.23971,32.5634,-102.121,2393,-162.12099999999998,Volatile State
2394,11:39:54,-31.1856,0.003446,15.856,15.064,5.81506,-29.294,-9.79776,-136.583194,-45.289,-100.34,-8.41583,3.95758,27.2731,-5.6059,32.4683,-100.34,2394,-160.34,Volatile State
2395,11:39:55,-28.8087,-0.22555,5.697,13.708,7.64967,-29.4247,-11.502,-125.650637,-40.768,-98.8458,-7.25278,4.76372,24.9883,-6.35502,32.6066,-98.8458,2395,-158.8458,Volatile State
2396,11:39:56,-25.8122,-0.929197,-6.741,14.495,12.1745,-26.9717,-10.7179,-107.689178,-35.5186,-97.5052,-7.68532,4.26212,21.8663,-6.05088,32.2283,-97.5052,2396,-157.5052,Volatile State
2397,11:39:57,-24.2119,-1.90629,-13.876,14.421,13.4747,-26.2124,-9.47922,-87.928726,-31.2298,-97.2258,-7.71105,4.69846,21.4051,-3.53294,30.1341,-97.2258,2397,-157.2258,Volatile State
2398,11:39:58,-20.0841,-2.71564,-17.458,11.729,15.2129,-24.8648,-8.0424,-78.676751,-24.5642,-95.1307,-6.94636,5.70418,22.239,-2.18461,28.9672,-95.1307,2398,-155.1307,Volatile State
2399,11:39:59,-16.7677,-3.35318,-19.275,7.845,16.4383,-23.5087,-10.1846,-75.801519,-18.9063,-93.1969,-6.32068,6.96849,23.7741,-2.79098,28.8715,-93.1969,2399,-153.1969,Volatile State
2400,11:40:00,-15.3885,-4.45013,-20.773,4.937,18.9747,-23.2272,-8.78354,-71.876629,-10.2764,-90.6902,-5.46574,8.05397,24.2227,-3.75928,28.4115,-90.6902,2400,-150.6902,Volatile State
2401,11:40:01,-14.3334,-5.3002,-19.933,5.623,19.2871,-24.3196,-7.43154,-68.1931,-1.69023,-88.3179,-5.63375,7.44236,21.5573,-3.46088,28.0639,-88.3179,2401,-148.3179,Volatile State
2402,11:40:02,-12.8879,-6.49355,-21.522,5.938,19.2259,-24.9436,-6.64194,-64.509572,7.06698,-87.5295,-6.80657,6.54039,17.8447,-2.42595,28.2194,-87.5295,2402,-147.52949999999998,Volatile State
2403,11:40:03,-9.52065,-7.89545,-22.853,4.514,17.4819,-24.2956,-6.05635,-60.826043,12.9902,-88.4758,-7.88129,5.42265,15.5066,-1.22711,27.7019,-88.4758,2403,-148.4758,Volatile State
2404,11:40:04,-6.91519,-9.01176,-25.28,5.556,15.4284,-24.5163,-5.03188,-83.021215,18.6517,-91.0896,-9.75373,4.80439,15.6486,-0.607882,25.4392,-91.0896,2404,-151.08960000000002,Volatile State
2405,11:40:05,-4.67624,-9.20482,-27.982,4.647,15.1583,-26.5914,-5.30933,-113.257412,20.7893,-95.0244,-11.6844,4.40058,14.8261,-1.51205,24.0105,-95.0244,2405,-155.0244,Volatile State
2406,11:40:06,-1.82955,-9.17896,-28.014,0.592,14.7501,-31.7139,-7.08143,-137.624794,22.6972,-97.3039,-11.7193,3.88022,14.5413,-3.60632,24.4985,-97.3039,2406,-157.3039,Volatile State
2407,11:40:07,1.30509,-9.33153,-28.156,-1.623,12.721,-36.5436,-8.67291,-142.775603,23.307,-98.9384,-10.958,3.52255,14.7902,-4.58477,25.5892,-98.9384,2407,-158.9384,Volatile State
2408,11:40:08,4.04901,-8.83825,-25.274,-2.381,10.8522,-40.4695,-9.39098,-144.618181,23.1969,-98.6662,-10.3523,3.78315,12.2519,-4.39635,26.0536,-98.6662,2408,-158.6662,Volatile State
2409,11:40:09,6.53681,-8.0014,-25.393,-2.506,9.58531,-44.2808,-9.2989,-139.712975,24.3576,-98.2736,-11.5461,2.80957,11.2645,-3.75216,26.8159,-98.2736,2409,-158.2736,Volatile State
2410,11:40:10,9.27983,-7.75629,-25.837,-0.613,10.0761,-48.2467,-7.34631,-131.838311,28.1949,-97.5659,-13.2148,0.210709,10.2564,-4.19265,26.4078,-97.5659,2410,-157.5659,Volatile State
2411,11:40:11,11.0046,-6.92605,-28.603,1.68,9.69875,-50.6048,-8.1435,-123.963646,33.2125,-96.842,-13.325,-2.20398,10.7354,-4.99036,28.3884,-96.842,2411,-156.84199999999998,Volatile State
2412,11:40:12,10.9169,-5.12669,-30.869,1.026,8.6889,-54.6107,-7.36747,-116.088982,40.4533,-96.047,-13.626,-4.27895,9.55614,-5.85464,30.2188,-96.047,2412,-156.047,Volatile State
2413,11:40:13,11.5518,-3.29308,-29.021,1.234,9.1239,-57.1293,-9.16204,-118.156805,44.931,-96.2339,-14.339,-4.75517,7.63791,-5.49237,32.8894,-96.2339,2413,-156.2339,Volatile State
2414,11:40:14,11.0273,-2.27587,-22.187,3.503,8.95554,-56.9615,-11.8289,-123.414192,49.6619,-95.8543,-15.2959,-4.94296,6.72159,-5.57681,33.6581,-95.8543,2414,-155.8543,Volatile State
2415,11:40:15,11.3495,-1.30919,-11.765,3.995,9.19307,-56.5786,-11.4719,-131.000263,51.8659,-95.4776,-15.8687,-3.91587,6.55581,-5.36683,32.8975,-95.4776,2415,-155.4776,Volatile State
2416,11:40:16,12.0763,-1.01824,0.233,2.837,9.25379,-57.1226,-12.6795,-138.575124,56.6467,-94.8046,-16.7471,-3.79667,6.81514,-5.60106,32.3938,-94.8046,2416,-154.8046,Volatile State
2417,11:40:17,12.318,-0.899964,10.501,4.059,9.40721,-59.6396,-13.4103,-147.899693,59.2603,-95.0109,-17.778,-4.67701,6.97731,-6.14877,33.6083,-95.0109,2417,-155.0109,Volatile State
2418,11:40:18,12.8514,-1.5299,18.415,6.053,9.29058,-61.5614,-12.7552,-154.375562,61.5585,-96.2566,-19.2282,-5.47753,8.62892,-5.90926,33.3177,-96.2566,2418,-156.2566,Volatile State
2419,11:40:19,12.765,-2.0163,27.11,9.125,8.21796,-65.1827,-14.0371,-143.373551,63.5656,-97.4613,-19.7374,-5.22898,10.06,-4.58233,31.8359,-97.4613,2419,-157.4613,Volatile State
2420,11:40:20,12.4854,-2.63761,32.439,9.385,7.05223,-69.6774,-12.8197,-125.149459,64.0677,-98.4672,-20.6134,-5.30188,10.6417,-3.57751,30.2175,-98.4672,2420,-158.4672,Volatile State
2421,11:40:21,11.9236,-3.23661,31.905,9.733,4.53184,-72.438,-9.76231,-119.092821,61.517,-98.9028,-20.159,-5.43756,12.7397,-2.2819,29.8459,-98.9028,2421,-158.9028,Volatile State
2422,11:40:22,11.0116,-2.79578,25.551,8.324,2.75199,-74.5197,-10.208,-116.680223,59.4606,-99.0762,-19.3869,-3.08238,12.2001,-2.46017,29.5898,-99.0762,2422,-159.0762,Volatile State
2423,11:40:23,11.1507,-1.45008,15.399,7.297,1.3082,-75.8399,-10.5882,-108.094244,55.5415,-98.9142,-18.3191,-0.947789,10.0078,-2.98773,30.1494,-98.9142,2423,-158.9142,Volatile State
2424,11:40:24,11.8678,-0.105862,4.636,8.028,-0.18902,-77.1834,-9.41506,-114.233696,53.3758,-99.4297,-17.41,-0.916188,9.77327,-4.34339,30.4356,-99.4297,2424,-159.4297,Volatile State
2425,11:40:25,13.8339,1.12947,-6.259,9.505,-1.52144,-80.0406,-11.6393,-119.313925,48.8965,-100.776,-16.9923,-1.48609,11.7541,-4.01684,29.917,-100.776,2425,-160.776,Volatile State
2426,11:40:26,15.6951,1.3204,-15.368,7.338,-2.06196,-81.7214,-8.26134,-107.494849,45.6429,-102.944,-17.4663,-2.70664,13.5753,-2.71924,28.0463,-102.944,2426,-162.94400000000002,Volatile State
2427,11:40:27,18.1003,2.25487,-18.259,6.769,-1.20517,-82.2664,-8.13992,-94.136534,41.467,-104.867,-17.3756,-4.66502,13.3356,-1.35555,27.1518,-104.867,2427,-164.86700000000002,Volatile State
2428,11:40:28,21.0324,3.39755,-12.477,9.923,-3.1892,-84.3945,-8.17397,-87.823584,38.2221,-105.826,-16.212,-5.91501,12.2633,-1.18593,27.4656,-105.826,2428,-165.826,Volatile State
2429,11:40:29,23.4665,4.64759,-2.96,6.579,-3.93632,-86.9635,-8.36156,-85.654885,34.6126,-107.226,-12.9557,-5.58157,11.9144,-1.80524,28.6778,-107.226,2429,-167.226,Volatile State
2430,11:40:30,26.1185,6.15793,4.497,3.585,-5.24698,-90.587,-9.08078,-78.37035,29.0382,-106.74,-9.45446,-5.80425,12.2046,-2.25917,30.3729,-106.74,2430,-166.74,Volatile State
2431,11:40:31,29.2113,7.86161,9.154,3.309,-6.02466,-93.7942,-10.3336,-77.130082,22.7819,-106.977,-8.19172,-7.13893,13.1251,-2.10388,29.1235,-106.977,2431,-166.977,Volatile State
2432,11:40:32,31.7643,9.38448,13.024,5.199,-6.61101,-96.3948,-12.1596,-80.329303,17.6501,-106.1,-8.1553,-8.1978,14.055,-0.763943,28.7765,-106.1,2432,-166.1,Volatile State
2433,11:40:33,33.8775,9.85782,16.218,2.816,-8.37683,-96.7077,-12.3303,-73.526031,12.9072,-103.479,-8.61686,-10.2919,15.0319,1.4109,28.5878,-103.479,2433,-163.47899999999998,Volatile State
2434,11:40:34,34.8525,10.3106,23.214,4.198,-9.08725,-94.8773,-11.6412,-66.72276,11.3148,-101.178,-8.0908,-12.3952,14.0198,4.24334,29.94,-101.178,2434,-161.178,Volatile State
2435,11:40:35,34.5306,10.2496,33.589,8.472,-10.0167,-91.4771,-12.0324,-59.919488,8.4885,-99.3732,-9.1944,-14.2062,15.2686,5.99651,32.7163,-99.3732,2435,-159.3732,Volatile State
2436,11:40:36,34.0962,9.78429,46.781,9.18,-13.6621,-86.8048,-12.455,-55.240859,7.41361,-97.9516,-10.4014,-15.7527,16.4533,5.74112,36.1193,-97.9516,2436,-157.95159999999998,Volatile State
2437,11:40:37,34.0134,8.67692,60.626,6.019,-16.1266,-79.4497,-9.85185,-52.006754,5.97533,-95.8812,-11.3633,-14.7063,16.8137,7.4416,36.2568,-95.8812,2437,-155.8812,Volatile State
2438,11:40:38,34.8437,8.01411,69.193,5.238,-18.234,-74.9356,-9.25225,-53.82338,5.41753,-93.4085,-12.3488,-13.1587,18.424,8.57281,35.3379,-93.4085,2438,-153.4085,Volatile State
2439,11:40:39,35.5276,7.21161,70.675,4.536,-21.1154,-72.8811,-10.1996,-57.753057,4.14873,-90.1095,-13.721,-14.1262,21.0182,8.86165,33.8259,-90.1095,2439,-150.1095,Volatile State
2440,11:40:40,36.4562,5.25044,66.893,1.919,-21.7075,-70.6333,-10.0271,-55.162073,4.9029,-87.0188,-15.2548,-16.6029,22.3918,10.3017,32.6231,-87.0188,2440,-147.0188,Volatile State
2441,11:40:41,37.7384,3.22876,66.026,1.095,-23.1005,-67.7052,-8.26273,-67.013523,3.70212,-84.5737,-17.9258,-19.1989,21.4596,11.2295,33.9961,-84.5737,2441,-144.5737,Volatile State
2442,11:40:42,37.2861,1.55781,68.122,-0.191,-24.0195,-65.6652,-8.77173,-89.892443,4.01268,-82.2403,-19.3993,-21.0715,20.1362,10.3455,34.1476,-82.2403,2442,-142.2403,Volatile State
2443,11:40:43,36.9468,1.15872,71.575,2.026,-24.9808,-63.0053,-6.1738,-108.53892,2.2666,-78.0582,-20.5832,-22.2997,19.5952,9.08748,32.1032,-78.0582,2443,-138.0582,Volatile State
2444,11:40:44,37.2204,-0.084701,77.967,3.893,-25.4745,-62.0396,-7.22612,-112.429071,1.13364,-73.5166,-21.0722,-22.5625,18.5576,8.0655,30.2291,-73.5166,2444,-133.51659999999998,Volatile State
2445,11:40:45,35.9319,-2.27519,84.307,2.522,-24.7063,-61.0832,-7.52063,-110.022977,-1.95106,-69.7428,-20.9759,-21.327,17.575,8.97371,32.1128,-69.7428,2445,-129.7428,Volatile State
2446,11:40:46,34.1633,-4.6522,84.242,-1.164,-22.4006,-59.3576,-7.76208,-97.229485,-4.27747,-67.9504,-21.634,-20.6747,15.5586,9.46712,34.8858,-67.9504,2446,-127.9504,Volatile State
2447,11:40:47,33.6483,-7.00891,76.318,0.735,-20.269,-55.5373,-7.18031,-74.647261,-6.05249,-67.1277,-22.7797,-21.7145,15.0281,9.44823,35.6861,-67.1277,2447,-127.1277,Volatile State
2448,11:40:48,33.6366,-8.75327,67.566,-0.463,-19.5441,-50.332,-7.75797,-60.018157,-7.17999,-69.4198,-22.8016,-22.297,14.3453,8.8976,33.6517,-69.4198,2448,-129.4198,Volatile State
2449,11:40:49,35.905,-9.9498,60.624,-2.373,-18.3534,-44.7421,-8.75924,-60.245288,-7.98939,-72.765,-22.6724,-22.5946,14.9548,7.22307,32.0893,-72.765,2449,-132.765,Volatile State
2450,11:40:50,37.4242,-10.115,58.76,-2.142,-16.4023,-39.3801,-9.03889,-78.774947,-7.84884,-77.4068,-22.7728,-23.8088,16.076,4.93202,31.4996,-77.4068,2450,-137.4068,Volatile State
2451,11:40:51,38.9824,-10.3725,57.093,-1.198,-18.0048,-31.8505,-9.01851,-96.535027,-7.78411,-82.248,-22.9384,-25.768,16.7149,4.59413,31.5563,-82.248,2451,-142.248,Volatile State
2452,11:40:52,39.5142,-10.8065,55.042,-2.715,-17.3958,-21.8769,-7.67546,-105.392485,-8.54566,-86.0053,-22.3809,-25.6689,18.5457,5.08479,32.0815,-86.0053,2452,-146.0053,Volatile State
2453,11:40:53,37.9281,-10.642,54.741,-2.876,-17.794,-12.9886,-6.98651,-99.80019,-9.56894,-88.2416,-21.7006,-25.0449,20.3702,5.1773,32.215,-88.2416,2453,-148.2416,Volatile State
2454,11:40:54,36.4667,-10.2032,56.283,-1.895,-16.7633,-2.69394,-6.75963,-100.560568,-11.7003,-89.6824,-20.1769,-24.8664,21.5209,4.99637,30.702,-89.6824,2454,-149.6824,Volatile State
2455,11:40:55,33.8268,-9.89279,61.688,-1.445,-16.2456,8.55585,-7.23365,-93.420002,-12.5719,-90.4508,-19.0652,-25.8737,22.4562,4.82719,29.4676,-90.4508,2455,-150.45080000000002,Volatile State
2456,11:40:56,30.3973,-9.86454,71.795,0.892,-16.8655,16.7964,-7.47794,-89.108148,-15.4642,-88.9121,-17.2669,-25.8938,23.5569,2.9262,30.8427,-88.9121,2456,-148.9121,Volatile State
2457,11:40:57,27.3842,-10.0181,81.233,2.104,-15.7501,24.3123,-7.48852,-89.226501,-16.6926,-86.1614,-16.1172,-27.0392,23.9276,2.94877,33.8159,-86.1614,2457,-146.16140000000001,Volatile State
2458,11:40:58,23.4345,-9.60448,87.775,1.831,-16.2596,32.4273,-7.79686,-90.803529,-17.6794,-82.3542,-14.8851,-26.7712,24.1404,3.56007,36.0132,-82.3542,2458,-142.3542,Volatile State
2459,11:40:59,20.0376,-9.39267,92.124,4.497,-14.9483,39.4907,-6.83,-96.841623,-20.9041,-79.6591,-15.6611,-25.3271,22.416,5.06418,36.9152,-79.6591,2459,-139.6591,Volatile State
2460,11:41:00,16.0805,-9.73454,94.531,4.863,-17.4278,45.7046,-6.75983,-109.274133,-23.4597,-77.0221,-16.1336,-25.3252,21.3854,6.61045,36.0082,-77.0221,2460,-137.0221,Volatile State
2461,11:41:01,12.1968,-11.003,97.366,3.907,-16.3249,48.6676,-5.61497,-120.257856,-25.6992,-76.0838,-16.3165,-25.6394,19.6845,8.05079,34.5587,-76.0838,2461,-136.0838,Volatile State
2462,11:41:02,7.22161,-11.2552,99.665,2.914,-17.3234,50.6026,-4.69431,-124.260812,-27.862,-74.281,-17.1504,-25.3002,18.9016,7.90809,34.2818,-74.281,2462,-134.281,Volatile State
2463,11:41:03,2.07125,-11.6554,100.085,2.288,-16.8517,52.612,-6.65409,-116.360234,-28.2021,-72.2458,-16.385,-25.3181,17.3709,5.96584,35.4107,-72.2458,2463,-132.2458,Volatile State
2464,11:41:04,-2.66373,-13.076,95.564,4.264,-15.7059,54.6741,-6.75242,-109.81933,-28.468,-69.1126,-16.298,-26.813,15.1501,6.47188,36.2927,-69.1126,2464,-129.1126,Volatile State
2465,11:41:05,-7.99426,-14.8142,87.32,4.363,-14.2548,54.9545,-4.60089,-115.168527,-27.372,-68.0128,-16.7491,-29.2364,12.1059,7.40971,34.6584,-68.0128,2465,-128.0128,Volatile State
2466,11:41:06,-11.2635,-15.6251,76.237,1.741,-13.0651,52.5094,-5.06646,-114.448154,-25.5547,-65.9441,-17.2873,-30.2076,10.1736,8.86348,33.7205,-65.9441,2466,-125.9441,Volatile State
2467,11:41:07,-14.6997,-15.5959,64.127,2.346,-10.9959,48.3567,-2.63951,-118.337092,-22.9626,-66.0067,-18.0954,-28.6973,8.54098,9.75028,34.4859,-66.0067,2467,-126.0067,Volatile State
2468,11:41:08,-16.4766,-14.9916,53.4,2.209,-8.99831,42.8372,-2.06711,-130.112577,-21.0324,-65.081,-19.6484,-27.7739,7.3087,8.30854,36.7941,-65.081,2468,-125.081,Volatile State
2469,11:41:09,-17.6879,-13.72,45.769,-1.618,-4.39331,34.7754,-1.96701,-136.349425,-19.9357,-61.6357,-21.6598,-28.7803,8.89895,7.99236,39.526,-61.6357,2469,-121.6357,Volatile State
2470,11:41:10,-18.6344,-12.915,42.842,-2.531,-0.254727,26.9323,-0.901861,-127.66213,-17.3367,-59.5708,-22.233,-30.9326,10.2426,8.91996,40.9379,-59.5708,2470,-119.57079999999999,Volatile State
2471,11:41:11,-17.6995,-12.0578,46.787,-3.906333333,0.969884,19.6529,-1.47888,-109.151914,-15.1899,-58.0389,-22.215,-31.5891,9.74755,8.95995,42.559,-58.0389,2471,-118.0389,Volatile State
2472,11:41:12,-17.4194,-11.2967,54.96,-5.281666667,3.35827,11.4455,-1.05918,-74.606173,-9.98595,-57.8947,-22.2838,-30.8078,8.10985,8.76096,41.3306,-57.8947,2472,-117.8947,Volatile State
2473,11:41:13,-18.7718,-10.9948,58.891,-6.657,4.76159,2.91662,-2.8755,-44.567705,-5.71441,-57.0467,-21.7967,-29.8525,6.21619,8.29747,40.8621,-57.0467,2473,-117.0467,Volatile State
2474,11:41:14,-19.5754,-10.2924,50.878,-6.385,5.76937,-6.22998,-3.55419,-27.549006,0.08431,-54.434,-22.753,-29.616,4.86699,8.82534,42.4435,-54.434,2474,-114.434,Volatile State
2475,11:41:15,-20.4073,-9.32983,36.707,-7.075,6.94699,-14.4657,-0.039437,-10.239261,3.2317,-53.3218,-22.805,-30.5576,6.2242,7.53051,43.6534,-53.3218,2475,-113.3218,Volatile State
2476,11:41:16,-22.4902,-9.53215,20.129,-10.957,8.49406,-22.478,1.67865,-0.189927,7.55923,-55.0843,-22.3102,-29.9041,9.21878,5.87344,42.3189,-55.0843,2476,-115.0843,Volatile State
2477,11:41:17,-24.0957,-10.0486,14.731,-12.366,10.4831,-29.6644,1.02872,2.483598,9.81463,-56.1714,-21.9129,-26.9031,10.6511,4.50279,37.347,-56.1714,2477,-116.1714,Volatile State
2478,11:41:18,-25.9397,-10.046,17.959,-10.887,10.9746,-37.063,3.13222,-0.708806,11.8045,-58.7838,-20.6978,-25.2288,11.7408,4.32945,33.9507,-58.7838,2478,-118.7838,Volatile State
2479,11:41:19,-28.3236,-10.5567,25.137,-13.997,12.2509,-41.7909,1.81692,-11.976098,8.66954,-60.0632,-19.3822,-24.8154,11.6571,3.86545,32.9237,-60.0632,2479,-120.0632,Volatile State
2480,11:41:20,-32.4029,-11.5697,31.805,-15.751,12.0343,-46.5888,2.96782,-45.514306,7.5337,-59.7308,-18.2952,-24.4319,12.4328,4.55685,32.4366,-59.7308,2480,-119.7308,Volatile State
2481,11:41:21,-37.0156,-12.9019,36.586,-14.4,11.847,-51.8626,2.81163,-78.968569,8.56249,-55.204,-17.7061,-23.1907,11.8282,5.50141,30.4966,-55.204,2481,-115.20400000000001,Volatile State
2482,11:41:22,-41.6134,-12.2527,39.007,-15.313,10.1812,-57.5872,4.38151,-110.05468,11.2187,-50.3991,-16.4924,-20.1926,15.029,7.57285,28.0624,-50.3991,2482,-110.3991,Volatile State
2483,11:41:23,-48.8881,-11.6729,35.881,-17.397,8.89724,-63.0986,5.50634,-122.754334,10.9648,-46.937,-13.9147,-17.177,18.2509,8.01118,26.2659,-46.937,2483,-106.937,Volatile State
2484,11:41:24,-57.5043,-11.6577,33.352,-15.23,8.32829,-68.0447,6.85331,-125.543384,9.22979,-43.1542,-11.8687,-15.4436,18.6951,7.80778,25.9768,-43.1542,2484,-103.1542,Volatile State
2485,11:41:25,-63.7468,-11.9138,30.506,-16.071,8.16683,-69.1641,7.95107,-132.621934,10.2265,-37.3129,-11.6117,-14.0983,18.8939,8.34662,27.359,-37.3129,2485,-97.3129,Volatile State
2486,11:41:26,-66.5183,-11.6897,29.742,-13.916,5.67683,-72.7735,7.73345,-140.49112,10.0022,-32.1348,-11.4659,-13.9112,18.8863,9.03657,30.6294,-32.1348,2486,-92.1348,Volatile State
2487,11:41:27,-71.112,-12.0884,28.552,-11.882,4.26809,-75.2871,10.1161,-117.940422,9.06267,-28.6245,-11.4914,-12.8214,20.2376,9.72819,32.0992,-28.6245,2487,-88.6245,Volatile State
2488,11:41:28,-72.663,-12.1379,31.004,-12.033,2.26136,-78.3388,9.01777,-101.650016,6.89415,-27.6535,-12.4627,-12.587,23.1187,10.8356,32.7649,-27.6535,2488,-87.65350000000001,Volatile State
2489,11:41:29,-72.2662,-11.5476,34.153,-13.846,-0.004945,-81.6798,8.25788,-88.90213,7.16895,-29.2415,-14.8751,-13.1331,25.6382,11.7267,32.4575,-29.2415,2489,-89.2415,Volatile State
2490,11:41:30,-71.1203,-10.3488,35.859,-14.578,-2.39824,-82.4936,10.2023,-75.532338,7.59228,-33.1173,-17.5218,-12.9914,25.9725,11.4315,33.2865,-33.1173,2490,-93.1173,Volatile State
2491,11:41:31,-73.1564,-8.85944,38.685,-13.039,-4.46501,-82.6029,11.1819,-60.562355,7.8021,-36.7705,-18.9122,-13.4472,26.9864,9.90475,34.5259,-36.7705,2491,-96.7705,Volatile State
2492,11:41:32,-74.2608,-7.91027,40.191,-14.233,-5.37499,-82.0106,11.5297,-47.749521,7.72659,-40.2971,-19.0665,-13.1794,29.277,8.07851,35.3555,-40.2971,2492,-100.2971,Volatile State
2493,11:41:33,-74.4794,-6.51048,41.905,-12.194,-6.37393,-80.2819,11.1799,-33.964517,8.15452,-42.4728,-19.4612,-13.1407,31.3381,7.69743,34.4999,-42.4728,2493,-102.4728,Volatile State
2494,11:41:34,-74.4161,-5.45789,48.174,-9.378,-6.66444,-76.0844,10.6921,-38.91869,8.71343,-43.8952,-21.5381,-14.1072,33.8498,8.56204,32.5733,-43.8952,2494,-103.8952,Volatile State
2495,11:41:35,-73.6001,-5.02949,55.529,-7.765,-6.66794,-73.7098,10.0673,-62.212677,7.68301,-45.1914,-22.9195,-15.3452,35.7976,7.93512,30.8942,-45.1914,2495,-105.1914,Volatile State
2496,11:41:36,-73.6486,-4.70497,63.074,-8.965,-6.85046,-69.3445,10.2348,-81.436203,7.44885,-45.5457,-23.774,-14.9779,35.2546,6.86918,28.7609,-45.5457,2496,-105.5457,Volatile State
2497,11:41:37,-71.7817,-4.71463,72.04,-9.794,-6.7015,-63.9914,8.44275,-97.327952,6.0259,-44.8336,-24.7789,-15.3686,34.1983,6.08753,28.4635,-44.8336,2497,-104.83359999999999,Volatile State
2498,11:41:38,-67.2956,-3.99036,78.3,-7.447,-6.73529,-56.7622,7.7639,-119.423111,4.21598,-46.272,-25.901,-15.8356,34.8031,4.74473,27.5494,-46.272,2498,-106.27199999999999,Volatile State
2499,11:41:39,-61.822,-3.18247,74.944,-7.393,-7.65976,-51.8354,6.21322,-119.227786,2.08844,-46.8609,-27.0838,-17.3435,36.3827,3.28491,27.9057,-46.8609,2499,-106.8609,Volatile State
2500,11:41:40,-58.5362,-2.22395,64.092,-8.443,-7.64037,-48.4746,7.30386,-115.716517,-0.519815,-47.7396,-27.7683,-17.5114,37.81,0.800161,26.2233,-47.7396,2500,-107.7396,Volatile State
2501,11:41:41,-55.4754,-2.03971,53.944,-5.892,-8.64864,-46.3558,7.58314,-100.507306,-2.83453,-47.8935,-28.0406,-18.2452,37.9377,-0.32737,23.7008,-47.8935,2501,-107.8935,Volatile State
2502,11:41:42,-54.7312,-2.12866,53.063,-1.898,-8.70496,-43.088,9.22208,-91.125376,-4.08378,-47.3473,-28.9884,-18.1878,37.9174,-0.191888,24.0506,-47.3473,2502,-107.34729999999999,Volatile State
2503,11:41:43,-53.2078,-2.18804,58.427,0.81,-8.09808,-38.8879,7.59451,-86.613403,-6.46769,-46.2822,-29.2314,-18.8792,39.1302,-0.391474,24.9611,-46.2822,2503,-106.2822,Volatile State
2504,11:41:44,-51.5884,-2.58971,65.429,0.247,-7.20682,-35.2598,9.07991,-95.274008,-8.41816,-45.2811,-29.5131,-18.4257,40.0751,-1.12681,27.2628,-45.2811,2504,-105.28110000000001,Volatile State
2505,11:41:45,-51.5294,-3.19873,73.462,0.637,-7.30303,-33.3596,7.37829,-96.831581,-10.3352,-46.227,-29.1364,-17.2517,41.3304,-3.12813,28.4774,-46.227,2505,-106.227,Volatile State
2506,11:41:46,-51.5129,-3.85827,81.086,4.097,-7.18471,-31.446,7.719,-93.141232,-10.3401,-47.9715,-27.781,-15.8296,43.8396,-4.38412,28.3879,-47.9715,2506,-107.97149999999999,Volatile State
2507,11:41:47,-52.6924,-4.33804,84.409,3.274,-6.64545,-28.4075,6.46019,-89.670523,-12.7379,-50.5496,-26.7857,-15.9119,45.9632,-5.34361,27.8003,-50.5496,2507,-110.5496,Volatile State
2508,11:41:48,-53.2482,-4.02092,79.825,0.69,-4.99709,-27.4466,5.54551,-84.34765,-14.0329,-53.6166,-26.5193,-15.3885,45.7552,-5.78911,27.0794,-53.6166,2508,-113.6166,Volatile State
2509,11:41:49,-53.3403,-4.77645,67.257,-0.855,-2.81647,-26.9915,5.86758,-83.693473,-16.2009,-56.7068,-25.6203,-15.1959,44.9188,-6.66526,28.4941,-56.7068,2509,-116.7068,Volatile State
2510,11:41:50,-54.358,-6.31638,47.103,0.466,-3.17003,-26.0004,5.35363,-92.549392,-18.7677,-58.797,-25.2943,-15.8426,45.4581,-6.19723,30.4289,-58.797,2510,-118.797,Volatile State
2511,11:41:51,-55.0301,-7.13389,28.015,1.041,-4.0894,-24.6473,4.73651,-101.809576,-21.216,-60.8597,-25.6682,-16.1683,45.0961,-7.18327,31.9425,-60.8597,2511,-120.8597,Volatile State
2512,11:41:52,-54.2105,-7.40364,16.765,2.372,-5.03291,-23.6818,4.41042,-106.556218,-23.3026,-61.8794,-24.4491,-17.5304,45.6766,-8.72696,31.9177,-61.8794,2512,-121.8794,Volatile State
2513,11:41:53,-55.4689,-7.76493,15.371,4.988,-4.26519,-21.1995,1.35344,-113.075949,-26.2662,-62.1165,-21.9871,-18.2102,48.4755,-11.3906,31.7999,-62.1165,2513,-122.1165,Volatile State
2514,11:41:54,-58.2018,-8.58546,22.691,6.57,-5.17151,-19.1701,2.42164,-122.091917,-28.9501,-60.952,-18.0962,-17.1698,50.7163,-10.9699,33.3634,-60.952,2514,-120.952,Volatile State
2515,11:41:55,-62.622,-9.50886,29.855,8.38,-4.93817,-16.7606,1.1439,-128.205258,-31.621,-60.4642,-15.2578,-16.9861,49.6735,-8.74575,36.5853,-60.4642,2515,-120.4642,Volatile State
2516,11:41:56,-66.5694,-10.3654,32.781,10.821,-8.77769,-13.674,-0.034362,-127.545481,-36.0522,-59.144,-13.2958,-16.3236,48.9461,-7.75475,39.8137,-59.144,2516,-119.144,Volatile State
2517,11:41:57,-69.834,-10.4259,26.076,14.03,-8.82526,-10.8828,-2.95888,-110.319555,-39.6238,-56.1773,-12.5452,-16.852,49.2843,-7.29695,40.7155,-56.1773,2517,-116.1773,Volatile State
2518,11:41:58,-72.7553,-10.8248,16.309,13.4,-10.7642,-10.6992,-4.67217,-83.401412,-42.8971,-51.9054,-11.8367,-16.3704,50.4188,-6.37885,41.4774,-51.9054,2518,-111.9054,Volatile State
2519,11:41:59,-73.1789,-11.1151,12.073,15.06,-11.5378,-12.7142,-5.96737,-50.034939,-46.8119,-48.88,-10.952,-15.6641,50.9483,-5.81729,40.2352,-48.88,2519,-108.88,Volatile State
2520,11:42:00,-73.989,-11.7768,14.599,14.987,-13.204,-12.6565,-5.93563,-32.465504,-50.1418,-45.74,-8.794,-16.0737,49.6109,-5.31457,39.7211,-45.74,2520,-105.74000000000001,Volatile State
2521,11:42:01,-73.7771,-12.2971,16.306,15.195,-14.3646,-13.9799,-8.00304,-22.583488,-53.5109,-43.9123,-7.17268,-15.9525,48.2318,-3.95607,39.9477,-43.9123,2521,-103.9123,Volatile State
2522,11:42:02,-73.2609,-13.4516,18.817,15.192,-17.2267,-17.1481,-8.06272,-20.813566,-57.5234,-43.5789,-5.19357,-14.8386,45.7469,-1.81289,40.5258,-43.5789,2522,-103.5789,Volatile State
2523,11:42:03,-74.6735,-14.116,16.598,14.149,-21.1437,-21.257,-8.69697,-38.270995,-61.6347,-43.7994,-3.26831,-12.9183,44.4693,-0.421287,39.1834,-43.7994,2523,-103.79939999999999,Volatile State
2524,11:42:04,-75.8682,-14.8336,8.585,14.335,-21.5659,-26.4957,-8.42472,-61.75725,-63.104,-45.726,-2.7868,-10.4585,44.2291,0.750618,37.6279,-45.726,2524,-105.726,Volatile State
2525,11:42:05,-77.9485,-14.9772,0.313,17.336,-20.9616,-33.4912,-7.65017,-80.964119,-64.0713,-46.3906,-2.80375,-9.02227,43.8989,0.466218,37.2785,-46.3906,2525,-106.3906,Volatile State
2526,11:42:06,-78.3649,-15.0554,-5.103,17.887,-21.4161,-37.9587,-6.86624,-87.84489,-61.945,-47.3765,-3.20594,-10.3541,42.5876,-0.146281,37.7034,-47.3765,2526,-107.3765,Volatile State
2527,11:42:07,-79.0212,-14.3082,-7.459,17.759,-20.9298,-38.634,-8.05202,-96.087804,-59.4189,-49.0111,-3.13154,-11.0292,41.6086,-0.123145,37.6467,-49.0111,2527,-109.0111,Volatile State
2528,11:42:08,-78.4708,-13.1138,-7.144,19.386,-19.4057,-37.0475,-9.51712,-114.063661,-54.403,-50.2439,-2.50508,-11.5018,39.6148,-0.135168,38.2329,-50.2439,2528,-110.2439,Volatile State
2529,11:42:09,-81.0729,-12.1255,-4.184,20.236,-18.4057,-36.0023,-9.95465,-128.007345,-50.587,-51.1975,-2.02975,-12.2733,38.9496,-1.03789,38.3335,-51.1975,2529,-111.19749999999999,Volatile State
2530,11:42:10,-81.3173,-10.2234,4.69,19.488,-17.9253,-37.8585,-11.4922,-109.166349,-46.0914,-53.3854,-2.97433,-14.5188,38.4853,0.439131,37.3551,-53.3854,2530,-113.3854,Volatile State
2531,11:42:11,-82.022,-9.1466,9.877,16.669,-17.9799,-41.3237,-10.9833,-75.303706,-42.5323,-54.5035,-4.02738,-15.7631,38.767,1.53347,36.6913,-54.5035,2531,-114.5035,Volatile State
2532,11:42:12,-83.2857,-7.56545,13.741,16.71,-16.9102,-46.3929,-9.79829,-37.742737,-38.3188,-53.8335,-4.95273,-14.648,38.477,2.82673,35.7577,-53.8335,2532,-113.8335,Volatile State
2533,11:42:13,-85.0144,-5.47915,18.109,18.883,-14.3684,-51.8271,-10.931,-17.565326,-34.9292,-53.8256,-6.53933,-12.9404,37.0556,2.96853,34.3236,-53.8256,2533,-113.82560000000001,Volatile State
2534,11:42:14,-86.5399,-3.23541,17.705,16.962,-11.314,-58.0981,-10.0895,-17.466212,-31.571,-53.0656,-7.465,-11.9205,37.2619,3.34784,33.3187,-53.0656,2534,-113.0656,Volatile State
2535,11:42:15,-88.3455,-1.29742,16.334,17.548,-9.16117,-65.0079,-9.07928,-37.590776,-26.6957,-52.0514,-8.14741,-11.7918,36.5801,4.31541,32.5276,-52.0514,2535,-112.0514,Volatile State
2536,11:42:16,-90.1448,-0.114106,16.427,19.411,-7.19285,-70.7133,-10.3389,-63.972379,-22.0993,-51.9967,-9.87299,-11.7757,36.0981,5.13173,30.5324,-51.9967,2536,-111.9967,Volatile State
2537,11:42:17,-92.9912,1.53597,19.139,19.694,-3.41156,-75.9732,-11.3891,-86.951124,-15.1964,-51.3879,-11.4029,-11.7095,35.0881,6.66086,28.4533,-51.3879,2537,-111.3879,Volatile State
2538,11:42:18,-94.5622,3.21883,25.824,19.664,-0.221772,-80.701,-11.6965,-99.890055,-8.49233,-49.3334,-13.4002,-11.1101,35.116,7.73619,28.3873,-49.3334,2538,-109.3334,Volatile State
2539,11:42:19,-96.9694,5.63658,32.234,16.765,1.08172,-86.4643,-12.4988,-96.020012,-2.89694,-49.2357,-15.5056,-10.6035,35.3145,8.70602,27.8031,-49.2357,2539,-109.23570000000001,Volatile State
2540,11:42:20,-97.8484,7.70936,36.291,14.527,3.77818,-93.9711,-13.6653,-92.149969,1.34166,-47.5583,-16.5196,-11.3045,32.7702,7.86976,27.9137,-47.5583,2540,-107.5583,Volatile State
2541,11:42:21,-96.3604,8.16238,39.865,14.204,5.54297,-102.82,-16.2687,-88.279926,5.5623,-46.5681,-17.702,-11.7219,31.5121,8.03384,27.9129,-46.5681,2541,-106.5681,Volatile State
2542,11:42:22,-93.0792,8.76042,42.084,13.446,7.03901,-108.978,-15.6942,-82.642204,11.2064,-47.0,-20.5187,-10.6585,32.1926,6.52005,26.7358,-47.0,2542,-107.0,Volatile State
2543,11:42:23,-88.9861,9.09179,45.016,13.699,6.92126,-112.779,-15.7799,-71.366655,15.2138,-47.8552,-21.884,-9.92884,32.5084,5.69226,25.6957,-47.8552,2543,-107.8552,Volatile State
2544,11:42:24,-85.4811,10.0476,48.229,13.029,7.13725,-114.698,-15.6739,-54.25759,22.6067,-48.5149,-23.4679,-11.2688,32.6422,6.01915,25.5348,-48.5149,2544,-108.5149,Volatile State
2545,11:42:25,-81.6745,10.5344,47.396,11.422,8.62877,-113.623,-14.1335,-42.371066,27.3643,-47.6691,-23.6667,-12.7816,32.0751,5.59896,27.4652,-47.6691,2545,-107.6691,Volatile State
2546,11:42:26,-79.9487,10.138,40.556,11.232,9.5317,-111.689,-15.4084,-45.713797,33.1272,-45.4037,-24.0262,-13.1376,33.518,3.83844,29.0092,-45.4037,2546,-105.4037,Volatile State
2547,11:42:27,-76.4455,10.0076,32.495,10.862,8.13642,-108.686,-13.4448,-56.145102,36.8283,-43.1948,-24.2387,-11.888,34.747,2.40606,32.0502,-43.1948,2547,-103.1948,Volatile State
2548,11:42:28,-72.9255,10.4739,26.662,3.953,8.59012,-106.336,-11.9369,-65.840064,39.734,-40.2238,-23.53,-10.726,34.9174,0.893034,34.6842,-40.2238,2548,-100.2238,Volatile State
2549,11:42:29,-71.0117,10.7733,25.972,4.293,8.8096,-105.564,-13.6251,-74.623544,40.4488,-39.0131,-22.8618,-10.5341,34.5965,0.506399,37.2903,-39.0131,2549,-99.01310000000001,Volatile State
2550,11:42:30,-69.9384,9.80313,23.339,8.463,8.79969,-104.334,-12.4608,-87.924606,42.3371,-36.5121,-21.9624,-10.4416,35.1187,1.5937,38.5941,-36.5121,2550,-96.5121,Volatile State
2551,11:42:31,-69.2593,9.16082,18.64,6.663,7.22791,-101.894,-12.6996,-92.643151,41.8095,-33.1873,-20.5052,-10.5336,35.8884,2.34911,38.318,-33.1873,2551,-93.1873,Volatile State
2552,11:42:32,-66.8075,8.91952,16.833,7.862,7.95393,-101.537,-15.3552,-96.233837,42.5352,-30.407,-17.9449,-9.7873,35.8252,2.91726,37.6897,-30.407,2552,-90.407,Volatile State
2553,11:42:33,-62.328,9.5488,16.646,11.829,8.64531,-100.023,-14.4324,-100.114449,43.7631,-27.9823,-15.699,-10.2129,35.442,0.89491,37.9719,-27.9823,2553,-87.9823,Volatile State
2554,11:42:34,-58.5692,10.8641,20.23,12.57,7.43056,-99.6453,-13.9733,-104.463545,45.2275,-26.3434,-14.5993,-10.8217,35.2708,-0.696993,37.8868,-26.3434,2554,-86.3434,Volatile State
2555,11:42:35,-55.3696,11.9718,24.8,12.624,6.61178,-98.7755,-14.4327,-110.54552,44.9165,-24.3776,-12.5477,-11.1569,35.1913,-2.98466,38.1052,-24.3776,2555,-84.3776,Volatile State
2556,11:42:36,-50.7652,12.7429,29.649,11.028,5.55024,-97.7545,-13.9572,-110.579705,46.3081,-23.489,-11.0911,-9.77152,35.9685,-2.28028,38.9276,-23.489,2556,-83.489,Volatile State
2557,11:42:37,-46.8383,13.6407,33.053,9.875,3.13328,-97.0632,-15.5734,-111.796286,44.0776,-22.2628,-8.4913,-8.46215,36.7199,0.201281,39.1778,-22.2628,2557,-82.2628,Volatile State
2558,11:42:38,-40.5768,13.6539,37.005,9.673,0.872213,-96.6235,-15.7694,-100.13263,43.8686,-21.7665,-7.23101,-8.54239,36.4494,1.03445,38.4575,-21.7665,2558,-81.76650000000001,Volatile State
2559,11:42:39,-34.6016,12.7152,40.213,11.296,-2.51468,-95.9038,-14.6438,-67.830887,41.5849,-22.5761,-5.72082,-8.12236,35.945,-0.876512,38.4935,-22.5761,2559,-82.5761,Volatile State
2560,11:42:40,-30.3546,11.8457,41.801,13.449,-1.66594,-93.3027,-13.0209,-27.555386,40.9922,-24.2584,-4.57208,-7.38489,34.1415,-3.17379,40.6584,-24.2584,2560,-84.2584,Volatile State
2561,11:42:41,-27.4325,11.4878,40.934,13.727,-3.46691,-90.0243,-12.6309,-7.64733,37.6845,-27.8538,-2.90042,-6.97142,32.2378,-5.23184,40.8331,-27.8538,2561,-87.8538,Volatile State
2562,11:42:42,-25.1911,10.5718,39.447,14.037,-4.87855,-84.9622,-12.9682,-5.344991,34.467,-29.3945,-1.94177,-6.27851,32.3951,-4.808,39.3488,-29.3945,2562,-89.3945,Volatile State
2563,11:42:43,-23.0691,9.98499,37.04,13.1,-5.65109,-77.2605,-12.0926,-18.433463,29.0175,-30.0222,-1.55159,-5.94855,33.507,-4.53393,36.3245,-30.0222,2563,-90.0222,Volatile State
2564,11:42:44,-23.1052,9.54129,33.211,18.095,-6.23507,-69.6599,-12.5889,-42.586905,23.3641,-30.4073,-1.83634,-6.50161,34.1961,-3.25546,35.4013,-30.4073,2564,-90.40729999999999,Volatile State
2565,11:42:45,-25.0338,9.02716,29.068,22.037,-6.58332,-62.0099,-10.6424,-74.023712,16.9736,-28.9851,-1.62129,-5.85112,36.5783,-2.76812,35.0192,-28.9851,2565,-88.9851,Volatile State
2566,11:42:46,-26.7778,8.01733,24.068,22.655,-5.47131,-56.6348,-11.1141,-106.815568,11.6279,-26.5105,-3.3293,-3.76703,35.8922,-4.06828,33.6897,-26.5105,2566,-86.51050000000001,Volatile State
2567,11:42:47,-26.7834,7.39641,21.876,21.623,-4.2511,-52.5664,-9.92999,-134.534184,5.74092,-24.1696,-3.81055,-4.49912,32.4447,-6.17229,32.0567,-24.1696,2567,-84.1696,Volatile State
2568,11:42:48,-26.149,6.69024,25.149,23.251,-6.08815,-50.3566,-9.83521,-148.72226,0.732648,-20.8979,-4.5558,-6.33415,31.0669,-7.4271,28.9555,-20.8979,2568,-80.89789999999999,Volatile State
2569,11:42:49,-23.0571,5.50264,35.496,27.972,-4.37074,-49.5751,-9.35044,-148.526422,-3.74779,-16.8752,-4.84283,-7.95934,29.841,-6.47198,27.3472,-16.8752,2569,-76.8752,Volatile State
2570,11:42:50,-19.1518,4.60956,47.822,26.371,-4.43853,-48.9717,-10.109,-133.424919,-9.45259,-13.9695,-4.04159,-8.56834,28.751,-4.34649,27.9608,-13.9695,2570,-73.9695,Volatile State
2571,11:42:51,-16.3715,3.40811,63.341,25.785,-4.01323,-46.8088,-11.8807,-108.686987,-14.9841,-12.6706,-4.18705,-8.77331,27.9853,-4.07548,28.8762,-12.6706,2571,-72.67060000000001,Volatile State
2572,11:42:52,-12.9383,1.4968,74.35,27.693,-4.42479,-46.0966,-11.5228,-93.975649,-19.3463,-12.3908,-4.93526,-10.1938,28.6194,-4.55245,29.5916,-12.3908,2572,-72.3908,Volatile State
2573,11:42:53,-10.489,-0.290043,79.697,30.241,-3.61233,-44.8844,-13.8885,-87.620127,-24.8208,-12.3013,-5.86754,-10.3149,27.0139,-5.48132,29.4901,-12.3013,2573,-72.3013,Volatile State
2574,11:42:54,-7.28912,-1.66336,75.197,28.08,-3.84369,-44.6179,-14.9515,-90.855021,-31.4288,-14.2669,-5.60685,-10.7938,23.8139,-6.35469,29.1725,-14.2669,2574,-74.26689999999999,Volatile State
2575,11:42:55,-3.38532,-2.21143,64.348,25.125,-4.07688,-45.3825,-15.4392,-83.723538,-39.5343,-16.5077,-5.2222,-9.59029,23.0465,-6.49615,27.9955,-16.5077,2575,-76.5077,Volatile State
2576,11:42:56,-1.92256,-2.6293,51.469,23.769,-5.25019,-44.5392,-12.972,-75.314531,-46.123,-18.0716,-5.68094,-10.1759,23.2369,-7.28988,28.4975,-18.0716,2576,-78.0716,Volatile State
2577,11:42:57,0.014791,-3.78241,42.021,23.949,-6.2919,-43.6586,-12.1449,-75.557593,-52.7534,-19.7337,-5.4928,-10.9569,25.7815,-7.91779,32.5611,-19.7337,2577,-79.7337,Volatile State
2578,11:42:58,4.38536,-4.91331,38.092,25.283,-7.02089,-45.0941,-10.4613,-85.311668,-56.2593,-21.0011,-4.76014,-10.3827,28.5047,-7.56611,34.5843,-21.0011,2578,-81.00110000000001,Volatile State
2579,11:42:59,6.23482,-5.9916,39.311,24.356,-8.73144,-49.1215,-9.60485,-92.679273,-61.43,-21.4164,-5.42047,-8.14897,29.1574,-8.20396,35.1995,-21.4164,2579,-81.4164,Volatile State
2580,11:43:00,4.96248,-7.63105,39.367,22.255,-9.56905,-53.0627,-7.82953,-85.593687,-65.1782,-23.6227,-5.99362,-6.83073,28.9,-9.39779,33.5198,-23.6227,2580,-83.6227,Volatile State
2581,11:43:01,6.01158,-9.42918,36.771,21.48,-11.3941,-55.3877,-6.63143,-77.577086,-70.2143,-25.1997,-5.68913,-7.92778,27.0372,-10.1874,29.1699,-25.1997,2581,-85.1997,Volatile State
2582,11:43:02,8.71161,-10.6778,33.733,20.551,-12.0839,-57.5394,-2.23595,-76.288576,-73.8159,-25.83,-4.89675,-9.08246,24.1726,-10.2351,28.2772,-25.83,2582,-85.83,Volatile State
2583,11:43:03,12.426,-11.036,29.856,16.326,-13.4538,-60.8138,-0.948534,-86.654017,-77.5881,-25.7742,-3.0004,-8.65927,25.1647,-9.84771,28.8141,-25.7742,2583,-85.77420000000001,Volatile State
2584,11:43:04,15.7342,-10.2502,26.505,14.637,-13.7085,-65.9321,0.054573,-108.466692,-79.5991,-25.6678,-0.490959,-7.48435,27.5958,-9.27868,28.7584,-25.6678,2584,-85.6678,Volatile State
2585,11:43:05,19.0172,-9.09628,25.669,21.868,-15.3107,-69.1346,-0.968934,-123.207443,-80.0354,-25.2953,0.155025,-8.01817,28.2177,-9.05022,29.5245,-25.2953,2585,-85.2953,Volatile State
2586,11:43:06,20.7056,-7.71005,24.813,25.652,-15.423,-69.8164,1.04773,-130.276027,-79.3618,-25.5404,-0.848444,-9.45359,25.6442,-10.1528,28.2151,-25.5404,2586,-85.5404,Volatile State
2587,11:43:07,19.0544,-5.93921,26.542,24.262,-14.858,-70.2134,2.06988,-138.035343,-77.9401,-27.1874,-2.04302,-9.71488,21.7295,-9.71008,25.6511,-27.1874,2587,-87.1874,Volatile State
2588,11:43:08,15.7346,-4.57829,29.707,22.131,-14.621,-70.3382,3.13438,-142.766865,-76.086,-29.3578,-1.59537,-9.15289,20.1382,-8.58628,25.3649,-29.3578,2588,-89.3578,Volatile State
2589,11:43:09,15.0631,-3.0133,32.794,26.751,-11.8058,-68.4735,2.70711,-121.903032,-74.2891,-31.5525,-1.05697,-7.84028,18.201,-8.25624,26.8114,-31.5525,2589,-91.5525,Volatile State
2590,11:43:10,15.3889,-2.09927,33.328,23.757,-8.00467,-65.7296,2.81608,-91.010438,-72.1311,-33.5919,-0.015387,-7.07806,18.1691,-8.73879,27.6857,-33.5919,2590,-93.59190000000001,Volatile State
2591,11:43:11,16.9036,-1.35786,36.729,19.596,-7.58321,-64.9219,3.10959,-59.858966,-70.1396,-33.4126,0.958933,-6.51089,18.9064,-9.2178,28.1411,-33.4126,2591,-93.4126,Volatile State
2592,11:43:12,14.6935,0.336057,36.199,22.244,-4.85865,-64.1965,3.17385,-42.226387,-68.0577,-33.6093,2.25109,-5.2835,18.348,-10.434,27.7148,-33.6093,2592,-93.60929999999999,Volatile State
2593,11:43:13,14.2091,0.825518,34.9,25.455,-1.60842,-61.3479,2.69557,-36.374234,-65.7772,-32.6928,3.95308,-3.44333,17.9374,-10.3398,27.7499,-32.6928,2593,-92.6928,Volatile State
2594,11:43:14,14.2045,2.48726,34.356,24.442,0.4362,-59.7259,4.17688,-37.475507,-64.0254,-31.2213,3.7444,-2.27671,16.5471,-10.9199,27.0994,-31.2213,2594,-91.2213,Volatile State
2595,11:43:15,15.129,4.54057,32.05,23.107,1.82191,-59.9237,4.8869,-41.158802,-59.0181,-29.4765,3.35711,-1.89314,17.4238,-10.298,29.193,-29.4765,2595,-89.4765,Volatile State
2596,11:43:16,15.8545,4.93096,25.575,21.65,6.76865,-60.9327,5.40795,-48.521394,-54.6887,-29.4941,2.59439,-0.510499,19.8966,-9.77274,29.1994,-29.4941,2596,-89.4941,Volatile State
2597,11:43:17,14.0802,5.25572,13.524,20.752,7.53733,-61.8377,6.69762,-52.75245,-49.7845,-28.904,4.15508,0.563902,20.8032,-10.2262,27.9596,-28.904,2597,-88.904,Volatile State
2598,11:43:18,12.3217,4.72425,-2.763,19.875,11.7639,-65.1625,5.43066,-54.825143,-45.3421,-30.932,5.67662,3.27635,21.8874,-10.9227,27.4729,-30.932,2598,-90.932,Volatile State
2599,11:43:19,10.0211,3.583,-19.265,19.407,12.6902,-68.206,4.72693,-64.228548,-40.7952,-33.5871,6.79028,6.44339,22.4622,-11.7115,26.8653,-33.5871,2599,-93.58709999999999,Volatile State
2600,11:43:20,7.19724,2.12217,-27.673,19.104,15.1519,-69.6376,4.77566,-72.252289,-36.3694,-37.3831,7.78294,7.90472,22.3842,-11.4982,25.4855,-37.3831,2600,-97.3831,Volatile State
2601,11:43:21,4.83745,0.875844,-27.527,22.921,15.4856,-67.3276,4.413,-93.101335,-29.4447,-40.4703,7.61263,7.92497,24.4183,-11.7466,23.7443,-40.4703,2601,-100.47030000000001,Volatile State
2602,11:43:22,3.52447,-0.034955,-18.931,23.299,15.7667,-62.4845,4.48828,-121.266521,-22.8965,-41.8826,7.14792,8.42408,25.4255,-12.0937,23.7422,-41.8826,2602,-101.8826,Volatile State
2603,11:43:23,3.44091,-1.55381,-7.808,19.305,15.438,-56.6831,4.3205,-134.782502,-14.6611,-41.6437,7.25707,9.01056,26.5827,-12.9415,24.8052,-41.6437,2603,-101.6437,Volatile State
2604,11:43:24,3.69294,-5.37486,-0.227,18.461,13.1053,-50.8009,5.08186,-131.042955,-6.20297,-40.0812,8.22234,10.4301,26.8824,-14.1067,25.7562,-40.0812,2604,-100.0812,Volatile State
2605,11:43:25,4.45623,-9.13254,5.41,19.388,13.8698,-45.0354,6.2624,-117.903098,1.58564,-36.0354,9.70125,10.9205,27.3684,-14.5185,27.2669,-36.0354,2605,-96.03540000000001,Volatile State
2606,11:43:26,2.9972,-11.6336,10.608,18.753,9.97974,-40.1882,6.19745,-102.883963,9.6396,-28.829,11.3214,11.2559,28.0562,-14.1963,29.1387,-28.829,2606,-88.82900000000001,Volatile State
2607,11:43:27,1.70275,-15.6401,15.347,19.641,8.69077,-36.7131,4.77278,-88.17603,15.3352,-21.8942,11.2425,13.972,28.552,-12.4286,32.0369,-21.8942,2607,-81.8942,Volatile State
2608,11:43:28,1.69558,-20.0996,16.955,22.514,5.71632,-35.1284,4.78947,-83.844191,21.372,-15.7687,10.948,14.4785,28.0572,-9.88909,32.8936,-15.7687,2608,-75.7687,Volatile State
2609,11:43:29,1.51844,-23.735,15.716,23.613,4.38029,-33.712,3.79059,-59.794304,26.5403,-10.8235,9.18017,13.1038,28.2221,-8.85029,34.6647,-10.8235,2609,-70.8235,Volatile State
2610,11:43:30,2.01094,-26.3081,15.168,21.814,2.28265,-28.533,2.93999,-27.6111,31.5707,-7.56797,7.19558,13.1444,28.4339,-9.74166,37.9948,-7.56797,2610,-67.56797,Volatile State
2611,11:43:31,1.66553,-27.4262,12.119,22.301,-0.295351,-23.2131,2.9932,-19.987903,34.0464,-6.31756,6.69984,12.3543,27.3724,-10.569,39.1974,-6.31756,2611,-66.31756,Volatile State
2612,11:43:32,2.49273,-26.9086,6.175,20.795,-1.74436,-16.603,3.41657,-21.433341,36.4158,-5.86282,5.22834,12.526,25.5346,-8.34871,38.9074,-5.86282,2612,-65.86282,Volatile State
2613,11:43:33,1.78189,-25.1937,1.17,18.031,-4.40318,-13.8314,0.886786,-25.155883,37.3295,-6.02655,3.20995,12.5845,24.3959,-5.57356,37.9252,-6.02655,2613,-66.02655,Volatile State
2614,11:43:34,0.886674,-23.7899,-4.721,19.8,-7.49485,-10.6958,1.18512,-29.723054,37.6865,-7.00844,0.656154,12.4699,22.6166,-4.30046,37.8846,-7.00844,2614,-67.00844000000001,Volatile State
2615,11:43:35,1.19663,-23.0736,-9.777,21.307,-7.82255,-6.62945,1.4743,-37.384415,38.0649,-10.4195,-0.484484,12.3446,23.0589,-5.31842,39.3615,-10.4195,2615,-70.4195,Volatile State
2616,11:43:36,1.55279,-23.1405,-13.914,18.413,-11.9924,-2.82424,0.991415,-49.057542,38.9025,-14.4808,-1.9147,11.2486,24.1008,-6.21435,39.6935,-14.4808,2616,-74.4808,Volatile State
2617,11:43:37,1.13886,-23.3847,-15.734,15.686,-13.7443,0.585696,0.072766,-79.277012,37.6726,-18.0112,-2.62712,10.6101,26.0052,-7.37961,39.7199,-18.0112,2617,-78.0112,Volatile State
2618,11:43:38,0.940771,-23.3292,-17.818,18.455,-16.0652,4.79471,0.858706,-106.000515,35.8151,-19.6356,-3.37731,8.164,25.6198,-8.07089,39.1061,-19.6356,2618,-79.6356,Volatile State
2619,11:43:39,2.49774,-23.4697,-21.727,16.448,-17.0736,8.01755,-1.00866,-133.120539,30.5683,-20.1905,-5.47374,5.69987,25.1109,-6.68495,39.0189,-20.1905,2619,-80.1905,Volatile State
2620,11:43:40,3.66069,-23.4066,-26.772,11.615,-18.1445,10.8559,-0.169805,-150.732989,25.4396,-20.5818,-6.81396,3.71458,25.3519,-4.28581,38.511,-20.5818,2620,-80.5818,Volatile State
2621,11:43:41,4.85035,-22.6638,-33.31,12.225,-18.3152,11.8699,-0.374597,-152.913821,20.8664,-18.9576,-7.85234,3.31875,26.0181,-3.20877,38.4548,-18.9576,2621,-78.9576,Volatile State
2622,11:43:42,5.60164,-21.5476,-36.095,13.289,-20.3362,12.6594,0.128152,-137.999842,15.1714,-16.0311,-7.88722,3.87866,27.703,-4.97528,40.2022,-16.0311,2622,-76.0311,Volatile State
2623,11:43:43,4.56653,-20.7198,-35.222,9.777,-21.1947,10.9103,2.02374,-115.823535,10.3655,-13.1889,-8.01072,4.99761,29.6378,-6.84446,41.7921,-13.1889,2623,-73.1889,Volatile State
2624,11:43:44,3.92159,-19.5662,-31.858,7.529,-20.2015,9.97879,0.505702,-97.637619,2.82039,-9.09109,-9.76951,4.81967,29.8358,-6.86219,43.6302,-9.09109,2624,-69.09109,Volatile State
2625,11:43:45,2.42596,-19.6046,-27.042,6.887,-18.7197,10.3505,0.448891,-80.216637,-5.14234,-4.12146,-9.51512,2.65156,29.2833,-5.3601,44.0958,-4.12146,2625,-64.12146,Volatile State
2626,11:43:46,0.888971,-19.8528,-25.027,7.155,-18.7668,10.6883,0.957568,-64.946956,-13.0665,0.377379,-9.54431,0.769921,27.4196,-2.42097,45.8228,0.377379,2626,-59.622621,Volatile State
2627,11:43:47,-0.271116,-20.2005,-28.749,3.987,-17.4995,12.6504,0.628266,-61.071019,-22.9205,3.91737,-9.50216,-1.19455,27.2705,-0.124778,47.1548,3.91737,2627,-56.08263,Volatile State
2628,11:43:48,1.38898,-21.1285,-35.089,3.389,-14.4467,13.0705,1.81645,-64.124124,-31.1561,6.39565,-9.91073,-3.44968,27.3995,1.18878,47.1293,6.39565,2628,-53.60435,Volatile State
2629,11:43:49,2.86024,-21.4147,-42.444,4.251,-12.7934,12.6926,1.34804,-77.090035,-40.7447,5.64696,-9.84429,-4.47168,27.1162,0.193078,47.8009,5.64696,2629,-54.35304,Volatile State
2630,11:43:50,4.61399,-21.744,-49.906,7.089,-14.1689,12.4407,1.4611,-78.935965,-47.7115,3.76399,-11.1138,-4.49636,25.5511,-1.60332,48.0405,3.76399,2630,-56.23601,Volatile State
2631,11:43:51,8.33798,-20.4711,-52.263,6.386,-14.4961,9.98371,3.71731,-73.8291,-56.329,1.07957,-11.1193,-4.23419,23.6572,-2.27027,46.2933,1.07957,2631,-58.92043,Volatile State
2632,11:43:52,9.3862,-18.7464,-47.551,2.828,-15.3861,7.05459,2.70702,-80.302344,-62.1709,-2.76029,-10.3478,-3.13621,20.9585,-1.30761,44.5087,-2.76029,2632,-62.76029,Volatile State
2633,11:43:53,10.2474,-17.705,-38.984,3.064,-17.559,3.4568,2.95541,-85.367834,-67.9446,-6.23277,-11.6045,-3.71962,19.9898,0.536309,43.9342,-6.23277,2633,-66.23277,Volatile State
2634,11:43:54,8.39918,-16.5323,-28.997,4.635,-17.7842,1.95127,1.50812,-85.008593,-72.0389,-10.8659,-12.9611,-3.00385,19.9032,1.01625,45.2681,-10.8659,2634,-70.8659,Volatile State
2635,11:43:55,3.04756,-16.2461,-20.267,4.624,-19.4604,-0.828813,-0.518232,-81.436908,-77.0027,-14.4554,-13.7972,-0.222377,19.8809,0.671649,45.7284,-14.4554,2635,-74.4554,Volatile State
2636,11:43:56,-6.7277,-15.8522,-14.998,5.127,-17.9854,-2.98314,1.96719,-79.82475,-81.8044,-18.5937,-14.0566,2.65075,19.7102,-0.061458,45.5873,-18.5937,2636,-78.5937,Volatile State
2637,11:43:57,-11.6503,-15.7701,-12.338,5.669,-18.8533,-6.93969,2.55746,-82.107377,-85.3395,-21.8925,-13.5897,4.53383,19.0932,-1.58973,43.7823,-21.8925,2637,-81.8925,Volatile State
2638,11:43:58,-16.5254,-15.6947,-11.785,8.688,-18.581,-9.74123,5.11157,-97.210246,-87.8064,-23.6767,-13.5082,5.28961,17.8057,-2.25962,43.4921,-23.6767,2638,-83.6767,Volatile State
2639,11:43:59,-22.9041,-15.5056,-12.009,10.187,-17.7339,-13.119,4.63591,-112.118815,-88.1941,-24.2478,-12.6521,6.48968,17.0033,-0.611399,41.7014,-24.2478,2639,-84.2478,Volatile State
2640,11:44:00,-26.2526,-14.5419,-10.262,9.674,-16.4279,-18.1987,5.36439,-117.588909,-86.3556,-23.8443,-11.156,9.16812,16.8209,1.34391,39.6449,-23.8443,2640,-83.8443,Volatile State
2641,11:44:01,-26.3871,-14.4404,-9.249,9.285,-16.603,-25.0186,3.45842,-112.77815,-84.3503,-23.311,-11.0499,8.45491,16.9069,2.62328,38.4539,-23.311,2641,-83.311,Volatile State
2642,11:44:02,-27.1812,-15.0387,-8.506,9.414,-16.9649,-29.9569,3.50161,-97.918627,-78.9011,-22.7713,-10.4186,8.80214,17.1849,2.72193,37.5175,-22.7713,2642,-82.7713,Volatile State
2643,11:44:03,-27.3492,-15.9689,-10.843,9.75,-15.8742,-32.033,3.90692,-86.91243,-74.3186,-21.403,-10.2627,9.42749,18.6493,1.72562,37.1737,-21.403,2643,-81.40299999999999,Volatile State
2644,11:44:04,-26.3137,-16.9913,-10.592,14.191,-16.2664,-33.5255,6.6007,-89.044396,-67.3432,-21.0654,-9.98631,10.2376,20.9104,0.800974,36.7442,-21.0654,2644,-81.0654,Volatile State
2645,11:44:05,-26.6718,-18.4655,-12.355,16.161,-16.0753,-35.3303,7.23485,-104.772273,-62.6658,-22.5908,-8.3441,12.0134,23.1799,1.3265,35.8457,-22.5908,2645,-82.5908,Volatile State
2646,11:44:06,-29.9772,-20.8257,-15.936,16.06,-16.1373,-39.0233,8.78692,-123.653563,-55.6665,-23.0565,-6.86558,13.9883,23.0866,3.1277,35.3713,-23.0565,2646,-83.0565,Volatile State
2647,11:44:07,-33.8407,-21.5135,-19.377,16.692,-12.9191,-45.6417,6.71701,-126.700519,-48.7848,-25.8632,-6.58034,13.7456,23.1251,5.72463,36.4868,-25.8632,2647,-85.8632,Volatile State
2648,11:44:08,-36.6184,-21.294,-23.656,16.093,-11.1956,-53.4127,6.56594,-114.882499,-41.5404,-27.4821,-5.46781,14.5263,24.7216,6.00217,38.8441,-27.4821,2648,-87.4821,Volatile State
2649,11:44:09,-38.2851,-20.8034,-27.882,16.016,-9.11384,-61.2909,6.15083,-104.860472,-34.6432,-28.8873,-4.95201,15.7811,25.259,3.87085,39.1893,-28.8873,2649,-88.8873,Volatile State
2650,11:44:10,-40.6925,-20.6749,-35.597,15.887,-9.23793,-68.4447,2.88111,-102.889949,-28.4266,-30.7392,-5.55542,15.7911,26.0145,2.03349,39.077,-30.7392,2650,-90.7392,Volatile State
2651,11:44:11,-40.0915,-19.9202,-44.056,15.767,-6.7956,-76.2309,1.88764,-108.654712,-22.9187,-31.467,-6.58066,15.0838,28.0039,1.00537,38.0265,-31.467,2651,-91.467,Volatile State
2652,11:44:12,-41.0019,-18.8841,-49.724,18.487,-4.36585,-83.7792,0.334609,-93.903605,-18.1251,-30.8551,-6.6544,14.5702,28.5828,1.23974,37.8588,-30.8551,2652,-90.8551,Volatile State
2653,11:44:13,-44.102,-17.6846,-52.0,20.622,-2.58778,-91.3997,-0.110441,-60.467954,-13.1836,-30.365,-5.21028,13.7131,28.7421,2.75747,36.7676,-30.365,2653,-90.365,Volatile State
2654,11:44:14,-44.9936,-17.1322,-49.437,21.542,-1.26108,-98.8664,0.671158,-41.972979,-7.94995,-28.7033,-3.70538,13.5315,28.4817,3.13973,36.7361,-28.7033,2654,-88.7033,Volatile State
2655,11:44:15,-44.8238,-16.6611,-43.071,20.295,0.125565,-103.865,0.36709,-35.196877,0.6787,-26.2042,-1.0013,12.8601,28.788,4.39539,35.694,-26.2042,2655,-86.2042,Volatile State
2656,11:44:16,-45.7285,-15.9728,-33.883,19.15,1.49616,-108.772,1.60626,-40.865747,8.04327,-24.3706,0.417984,12.3027,29.6879,4.25418,34.304,-24.3706,2656,-84.3706,Volatile State
2657,11:44:17,-47.2443,-15.0037,-26.103,15.784,2.93776,-112.374,0.928472,-51.09542,13.192,-20.7326,1.08529,11.3129,30.3705,3.64645,32.9472,-20.7326,2657,-80.7326,Volatile State
2658,11:44:18,-48.6684,-14.514,-21.375,10.256,3.68118,-115.586,-0.363984,-63.657781,16.8647,-17.4536,1.20758,10.7546,31.9652,4.3254,31.5637,-17.4536,2658,-77.4536,Volatile State
2659,11:44:19,-45.9567,-13.9372,-24.093,9.982,6.58598,-117.2,-2.48597,-77.343377,18.9653,-14.2062,1.40224,9.398,34.7312,7.74906,30.2901,-14.2062,2659,-74.2062,Volatile State
2660,11:44:20,-44.0502,-13.7877,-31.871,11.725,9.05791,-117.254,-1.78469,-97.769176,19.7083,-10.9165,1.92377,9.13419,35.7046,10.021,30.2489,-10.9165,2660,-70.9165,Volatile State
2661,11:44:21,-42.6333,-13.8882,-41.564,11.724,11.3801,-114.913,-1.93023,-118.191863,19.5039,-8.34464,1.77175,8.26325,36.1963,11.5003,29.3067,-8.34464,2661,-68.34464,Volatile State
2662,11:44:22,-42.0661,-14.0334,-48.328,11.31,12.0913,-114.197,0.09665,-133.959295,20.0321,-6.62463,2.47165,7.98322,34.3646,11.2322,30.0973,-6.62463,2662,-66.62463,Volatile State
2663,11:44:23,-42.5102,-13.9869,-52.835,12.261,14.7875,-112.323,0.553495,-140.504961,18.207,-6.61141,3.73073,7.16287,33.5221,10.5467,29.5577,-6.61141,2663,-66.61141,Volatile State
2664,11:44:24,-41.9695,-14.4377,-53.009,11.206,14.8441,-108.655,1.24151,-158.094428,18.4329,-7.08991,3.24601,7.54689,33.0041,9.20324,27.1933,-7.08991,2664,-67.08991,Volatile State
2665,11:44:25,-40.9916,-14.5353,-48.756,8.374,15.0631,-102.615,1.56057,-177.74359,19.1925,-6.84612,2.42581,8.49552,32.8448,8.86896,27.4786,-6.84612,2665,-66.84612,Volatile State
2666,11:44:26,-39.9341,-14.3994,-39.464,4.226,15.698,-94.1315,3.60265,-185.66995,21.178,-6.93396,1.90279,8.8319,32.4304,9.00445,27.4628,-6.93396,2666,-66.93396,Volatile State
2667,11:44:27,-39.291,-15.0652,-30.931,6.337,14.9032,-89.4275,4.9227,-179.490133,22.2129,-5.98501,1.39238,9.14107,32.9855,9.85699,27.5832,-5.98501,2667,-65.98501,Volatile State
2668,11:44:28,-39.9263,-16.4618,-25.61,8.947,16.0719,-85.073,3.5137,-165.791003,21.9267,-5.23604,1.46789,9.78117,31.0107,10.5591,26.9078,-5.23604,2668,-65.23604,Volatile State
2669,11:44:29,-38.7814,-16.4773,-24.434,10.595,16.3359,-81.3287,2.4467,-149.623711,20.9787,-3.44735,1.716,10.0966,28.6145,9.14114,25.3052,-3.44735,2669,-63.44735,Volatile State
2670,11:44:30,-36.7452,-16.426,-25.962,10.94,16.3922,-78.4575,6.27288,-140.134116,19.7509,-4.04396,2.71759,9.2993,27.2614,7.52552,23.3032,-4.04396,2670,-64.04396,Volatile State
2671,11:44:31,-35.9268,-16.6828,-28.696,12.268,16.7706,-76.0476,8.00391,-149.176517,18.8449,-5.32148,2.87741,9.12221,27.3872,6.50671,20.4914,-5.32148,2671,-65.32148,Volatile State
2672,11:44:32,-36.8814,-16.5617,-36.282,11.273,14.3418,-74.1717,7.32686,-152.431335,18.5757,-5.4054,2.515,9.57249,27.4491,6.25102,18.1259,-5.4054,2672,-65.4054,Volatile State
2673,11:44:33,-40.2598,-15.5475,-50.86,8.442,13.1857,-74.2969,4.3873,-151.07697,19.0264,-4.17488,3.2338,8.76548,27.3035,7.79666,16.0932,-4.17488,2673,-64.17488,Volatile State
2674,11:44:34,-43.7422,-16.1703,-66.505,6.732,12.8626,-74.5947,1.93293,-137.516421,20.1783,-2.06042,4.33075,7.5456,26.5908,8.35763,15.4181,-2.06042,2674,-62.06042,Volatile State
2675,11:44:35,-44.9443,-16.3047,-79.399,7.734,10.2522,-72.4255,1.65445,-101.396604,22.6434,0.478092,3.70575,5.81151,25.611,6.48076,14.184,0.478092,2675,-59.521908,Volatile State
2676,11:44:36,-46.1518,-16.1643,-86.985,6.563,11.5793,-67.8771,4.21849,-71.626214,24.9895,3.20307,2.5772,4.73594,23.9165,5.61537,12.9329,3.20307,2676,-56.79693,Volatile State
2677,11:44:37,-46.9391,-15.0346,-86.215,7.798,9.7369,-62.3495,4.25152,-68.464879,29.0685,3.90411,1.99722,5.39105,24.8792,6.10832,12.3972,3.90411,2677,-56.09589,Volatile State
2678,11:44:38,-47.5102,-14.6769,-76.591,6.627,7.20038,-56.0092,3.70344,-84.087975,33.646,3.05609,0.37258,4.7381,26.9061,6.86636,12.0666,3.05609,2678,-56.94391,Volatile State
2679,11:44:39,-46.9746,-14.0025,-69.649,5.601,4.8766,-49.058,3.51732,-100.54741,37.7956,2.00979,-1.70724,4.56009,28.3471,7.40637,10.8171,2.00979,2679,-57.99021,Volatile State
2680,11:44:40,-48.5259,-13.6274,-69.498,3.974,4.58437,-43.2058,2.07583,-113.48275,42.3693,0.645609,-4.5685,3.51922,28.6942,8.58228,11.6439,0.645609,2680,-59.354391,Volatile State
2681,11:44:41,-50.1746,-12.6592,-69.815,4.071,2.69283,-35.7221,1.5581,-124.239038,44.9592,0.166664,-5.71523,2.58498,28.8485,9.57109,12.8053,0.166664,2681,-59.833336,Volatile State
2682,11:44:42,-53.2806,-10.9857,-69.697,3.464,1.53993,-28.0691,1.60459,-128.228779,47.8635,1.12139,-6.45348,3.20889,30.815,8.9556,15.7523,1.12139,2682,-58.87861,Volatile State
2683,11:44:43,-55.2987,-9.72607,-66.958,3.101,0.360515,-20.2864,0.598445,-130.424991,47.4072,2.20598,-7.09762,2.31699,31.6214,7.42591,18.3849,2.20598,2683,-57.79402,Volatile State
2684,11:44:44,-55.2514,-8.93106,-61.019,1.97,-0.753752,-14.7738,0.709206,-128.760656,47.2759,2.33841,-8.98584,1.68166,33.5754,7.55359,19.9177,2.33841,2684,-57.66159,Volatile State
2685,11:44:45,-57.0287,-7.58575,-52.047,1.233,-0.60555,-9.73489,0.038501,-148.713575,45.074,5.57911,-10.8051,1.93546,33.7516,10.5665,19.658,5.57911,2685,-54.42089,Volatile State
2686,11:44:46,-60.4538,-6.46484,-40.156,1.905,-1.87831,-4.87756,1.18676,-165.004691,43.4584,10.5962,-12.3281,3.04935,35.1096,12.4427,19.9607,10.5962,2686,-49.403800000000004,Volatile State
2687,11:44:47,-61.462,-6.27585,-31.183,4.456,-2.30034,-1.55503,0.607983,-170.093951,42.8529,14.6952,-13.5762,2.68902,35.3079,12.6419,22.2264,14.6952,2687,-45.3048,Volatile State
2688,11:44:48,-62.6518,-5.62829,-23.683,3.941,-3.88357,0.859819,0.248908,-172.972184,40.9053,18.121,-13.0948,0.83754,34.7865,11.6396,24.1341,18.121,2688,-41.879000000000005,Volatile State
2689,11:44:49,-64.7695,-5.90345,-18.257,-0.508,-7.5208,3.90348,1.09676,-175.619129,37.5444,21.6997,-11.5612,-2.33197,32.9005,11.3915,24.7924,21.6997,2689,-38.3003,Volatile State
2690,11:44:50,-67.3054,-6.02579,-19.183,0.451,-8.85491,6.37824,1.69175,-160.800414,35.1802,25.7041,-10.4038,-3.28242,31.3957,11.4494,24.3743,25.7041,2690,-34.2959,Volatile State
2691,11:44:51,-70.2939,-6.16363,-23.447,4.437,-9.99865,8.93052,2.8089,-137.398765,30.5933,29.0265,-10.6708,-4.3903,30.5062,12.3168,24.231,29.0265,2691,-30.9735,Volatile State
2692,11:44:52,-76.588,-6.7931,-30.012,4.802,-11.8851,11.1384,3.27025,-115.710561,24.2532,31.9286,-9.64079,-5.66027,30.443,14.2102,24.1748,31.9286,2692,-28.0714,Volatile State
2693,11:44:53,-81.8301,-6.66965,-35.369,3.152,-11.8075,12.8461,1.88506,-102.993591,16.4245,33.5169,-8.78595,-5.02042,30.6653,16.5343,25.057,33.5169,2693,-26.4831,Volatile State
2694,11:44:54,-87.7666,-7.08684,-41.48,2.967,-12.2602,15.5913,2.34704,-97.627158,8.57279,32.3393,-9.91636,-5.8419,31.3499,17.3073,24.4703,32.3393,2694,-27.6607,Volatile State
2695,11:44:55,-93.7151,-8.03891,-50.76,4.728,-10.6649,20.7348,3.28719,-89.019125,2.38913,29.8137,-11.0851,-6.48681,29.288,17.237,24.6524,29.8137,2695,-30.1863,Volatile State
2696,11:44:56,-97.7193,-10.0358,-62.368,2.444,-8.38249,28.374,5.06683,-87.453709,-4.34691,30.1225,-9.70713,-6.69937,27.1204,17.5473,25.3132,30.1225,2696,-29.8775,Volatile State
2697,11:44:57,-101.081,-11.3658,-72.189,0.154,-5.80261,36.9145,6.19766,-73.192293,-9.64804,31.6722,-9.61525,-7.71746,27.1778,18.3732,25.9331,31.6722,2697,-28.3278,Volatile State
2698,11:44:58,-102.39,-11.7089,-75.191,0.024,-3.23759,43.3954,7.39492,-54.555595,-13.0279,33.4744,-9.73563,-8.41824,27.8518,20.1145,24.7071,33.4744,2698,-26.525599999999997,Volatile State
2699,11:44:59,-103.504,-12.138,-70.742,2.094,-1.88943,48.2028,7.03081,-31.375166,-15.3021,33.1859,-11.2078,-8.57447,29.1089,20.3346,24.6205,33.1859,2699,-26.814100000000003,Volatile State
2700,11:45:00,-106.624,-10.8213,-63.214,3.531,-0.837369,50.5444,6.16656,-7.332954,-16.2334,31.3975,-11.7368,-7.07517,28.972,18.9545,24.7951,31.3975,2700,-28.6025,Volatile State
2701,11:45:01,-110.337,-10.128,-57.365,2.101,-2.88356,49.2029,5.10673,-6.359789,-17.0045,29.6665,-13.9103,-5.0078,29.2666,16.4617,24.7446,29.6665,2701,-30.3335,Volatile State
2702,11:45:02,-113.257,-10.3815,-52.926,0.219,-4.84924,46.7447,5.78749,-33.015618,-15.8249,28.5533,-15.4462,-3.97828,28.1972,14.2789,24.7258,28.5533,2702,-31.4467,Volatile State
2703,11:45:03,-115.5,-10.4868,-50.78,-0.983,-6.44188,41.7679,7.6087,-45.505817,-17.0672,26.5296,-15.868,-2.13218,27.8011,12.2847,24.0612,26.5296,2703,-33.4704,Volatile State
2704,11:45:04,-118.562,-10.2939,-48.021,-4.413,-7.66923,35.7716,8.33184,-57.996017,-17.0495,24.7702,-15.3995,-1.13671,28.5082,11.1456,23.6596,24.7702,2704,-35.2298,Volatile State
2705,11:45:05,-122.568,-9.97138,-44.724,-2.898,-7.64697,27.3179,7.87455,-70.486216,-18.4025,21.0095,-14.5126,-0.00732,30.5245,9.90696,23.9612,21.0095,2705,-38.9905,Volatile State
2706,11:45:06,-125.262,-9.599,-38.307,-0.389,-8.38325,18.7265,7.49864,-70.236603,-19.2295,15.6516,-14.2193,-0.295581,32.3543,8.66036,24.3808,15.6516,2706,-44.3484,Volatile State
2707,11:45:07,-127.0,-8.88622,-32.527,1.461,-6.74465,8.32767,7.30677,-82.413851,-22.3136,11.8872,-13.5009,-0.520898,33.4228,6.43857,26.1131,11.8872,2707,-48.1128,Volatile State
2708,11:45:08,-128.048,-9.01595,-25.556,2.04,-6.80634,-0.796058,8.17168,-106.857194,-23.7043,9.38989,-12.1417,-0.036964,34.5199,3.95672,26.5367,9.38989,2708,-50.61011,Volatile State
2709,11:45:09,-127.273,-8.72934,-21.116,0.054,-7.66436,-9.41326,8.47115,-124.278779,-26.5823,5.82697,-11.1077,1.94177,35.3048,2.03258,26.7363,5.82697,2709,-54.17303,Volatile State
2710,11:45:10,-126.318,-8.81858,-24.309,-2.757,-7.97355,-18.7951,9.88884,-132.221608,-28.0144,1.43602,-10.2254,2.47033,35.7707,0.835031,25.7751,1.43602,2710,-58.56398,Volatile State
2711,11:45:11,-126.444,-10.0972,-28.481,-3.008,-7.858,-28.5981,8.01259,-133.037282,-28.4601,-2.05466,-8.66317,0.844496,35.7254,0.58217,25.3926,-2.05466,2711,-62.05466,Volatile State
2712,11:45:12,-124.618,-12.5174,-35.859,-1.497,-6.23067,-37.9795,8.79457,-133.531139,-29.0536,-3.22682,-6.56998,0.500138,34.8728,0.255161,24.7976,-3.22682,2712,-63.226820000000004,Volatile State
2713,11:45:13,-120.792,-13.8811,-40.92,-2.271,-9.61185,-48.6558,11.5821,-123.075993,-30.0357,-2.52407,-6.55175,0.381114,34.0452,-0.308109,23.8792,-2.52407,2713,-62.52407,Volatile State
2714,11:45:14,-120.58,-15.0058,-44.765,-1.136,-8.18397,-59.0969,10.4825,-112.981309,-29.9307,0.673728,-7.35981,0.161222,34.0163,-2.19446,22.9199,0.673728,2714,-59.326272,Volatile State
2715,11:45:15,-120.566,-15.7269,-48.378,2.747,-9.67981,-67.8913,8.82728,-101.71025,-29.3198,5.53989,-7.87561,1.53681,34.3726,-3.42478,22.0066,5.53989,2715,-54.46011,Volatile State
2716,11:45:16,-118.857,-16.6238,-51.924,4.001,-8.56534,-76.2073,9.35089,-100.258668,-28.0447,9.08724,-8.1793,3.12013,35.03,-4.07587,20.7512,9.08724,2716,-50.91276,Volatile State
2717,11:45:17,-117.249,-16.52,-51.532,4.415,1.43066,-84.5066,11.749,-102.062039,-27.9841,12.3757,-8.20269,3.30611,35.8577,-4.91786,20.5596,12.3757,2717,-47.6243,Volatile State
2718,11:45:18,-114.727,-16.0814,-53.645,3.285,9.46662,-92.1362,12.7165,-117.654858,-28.7969,15.8767,-7.28972,3.27032,35.271,-4.37268,20.3045,15.8767,2718,-44.1233,Volatile State
2719,11:45:19,-111.937,-15.4429,-54.598,2.368,17.5155,-98.3672,14.6395,-133.247676,-29.5746,20.0242,-5.5739,2.38984,34.071,-3.69452,19.6204,20.0242,2719,-39.9758,Volatile State
2720,11:45:20,-110.213,-15.0382,-53.329,3.758,25.1835,-103.023,13.8348,-148.840495,-30.9776,23.5811,-5.74136,0.85898,32.5261,-3.86341,17.0268,23.5811,2720,-36.4189,Volatile State
2721,11:45:21,-108.742,-14.9363,-50.611,7.588,29.1291,-107.089,15.0262,-172.76796,-31.9396,25.9233,-6.83993,-1.66399,32.8535,-4.21767,15.4109,25.9233,2721,-34.0767,Volatile State
2722,11:45:22,-105.827,-15.437,-45.997,9.817,34.3613,-108.116,16.1566,-181.406044,-30.4706,26.9724,-8.15897,-3.9993,33.6352,-4.54293,13.8326,26.9724,2722,-33.0276,Volatile State
2723,11:45:23,-105.06,-15.5914,-40.63,5.727,38.9791,-108.24,15.1634,-171.639806,-30.8875,27.3264,-9.49966,-3.75938,33.4346,-3.61957,11.7897,27.3264,2723,-32.6736,Volatile State
2724,11:45:24,-103.397,-15.7907,-35.386,5.814,42.4464,-108.04,15.0072,-165.505388,-29.9949,26.474,-11.3274,-3.12468,33.3519,-3.00723,9.13917,26.474,2724,-33.525999999999996,Volatile State
2725,11:45:25,-102.121,-15.075,-29.931,9.709,45.2868,-106.714,14.4896,-147.054479,-27.4986,23.1505,-12.3896,-3.78551,35.4222,-2.35162,7.68738,23.1505,2725,-36.8495,Volatile State
2726,11:45:26,-101.763,-14.9928,-23.188,7.659,44.0081,-104.04,16.1641,-140.463476,-25.3317,18.6408,-11.7664,-4.35511,36.7408,-2.24653,6.71341,18.6408,2726,-41.3592,Volatile State
2727,11:45:27,-101.456,-15.8533,-20.765,4.133,45.4915,-103.344,16.0345,-141.736203,-22.7771,13.1162,-11.2169,-3.5893,38.78,-2.48349,6.03039,13.1162,2727,-46.8838,Volatile State
2728,11:45:28,-99.7014,-16.3688,-18.872,4.177,43.3188,-103.361,15.5775,-146.196917,-19.9684,9.70026,-12.6331,-3.73942,39.4875,-3.54235,6.93391,9.70026,2728,-50.29974,Volatile State
2729,11:45:29,-97.5667,-16.8584,-17.918,10.3,40.5642,-101.092,15.8352,-152.252871,-18.0541,8.723,-13.7469,-4.92283,40.3619,-3.99446,8.40999,8.723,2729,-51.277,Volatile State
2730,11:45:30,-95.2482,-17.0032,-17.157,8.294,38.3897,-98.7384,16.3766,-146.936545,-16.2767,5.81326,-14.6081,-5.77251,40.0188,-4.32455,9.18432,5.81326,2730,-54.18674,Volatile State
2731,11:45:31,-89.7691,-16.602,-16.064,7.919,33.5623,-97.0895,17.19,-134.296437,-15.3495,2.74161,-15.2798,-6.13692,39.2628,-5.06933,8.01577,2.74161,2731,-57.25839,Volatile State
2732,11:45:32,-85.6505,-15.4313,-15.006,7.72,30.9918,-94.6507,17.6715,-124.333144,-12.6708,-0.066969,-15.8245,-7.0185,38.8072,-7.33388,7.55408,-0.066969,2732,-60.066969,Volatile State
2733,11:45:33,-83.7883,-14.4649,-10.024,9.24,28.4655,-89.8669,17.5756,-115.987959,-10.1917,-1.91298,-17.261,-7.44445,37.7404,-8.13004,6.97979,-1.91298,2733,-61.91298,Volatile State
2734,11:45:34,-80.9067,-14.9631,-3.483,8.207,25.7552,-85.1287,18.3062,-107.642774,-6.81974,-3.64868,-17.1074,-8.08524,36.5422,-8.99401,7.95103,-3.64868,2734,-63.64868,Volatile State
2735,11:45:35,-78.101,-15.1544,5.715,6.789,22.7562,-81.5658,16.0958,-99.297589,-3.6459,-4.4611,-16.2685,-7.65999,32.7633,-10.223,7.33747,-4.4611,2735,-64.4611,Volatile State
2736,11:45:36,-75.9934,-14.2459,17.143,6.6,21.7787,-75.5872,16.5828,-80.506435,-1.73293,-2.24144,-15.8657,-8.66729,30.5079,-10.789,7.06277,-2.24144,2736,-62.24144,Volatile State
2737,11:45:37,-73.3521,-12.9412,19.951,7.725,18.9884,-68.6806,16.7515,-86.435207,1.28615,0.687481,-15.981,-9.62453,29.2711,-12.0343,6.49102,0.687481,2737,-59.312519,Volatile State
2738,11:45:38,-69.0534,-11.5737,16.025,10.097,18.7164,-61.9594,17.4538,-92.36398,3.09214,3.75569,-18.0151,-10.2146,28.645,-12.1734,5.54196,3.75569,2738,-56.24431,Volatile State
2739,11:45:39,-64.0898,-9.90976,9.753,9.553,16.0005,-56.0125,18.5252,-98.292752,6.62835,5.71522,-17.9597,-11.5609,28.965,-10.529,6.29114,5.71522,2739,-54.28478,Volatile State
2740,11:45:40,-57.6973,-8.09623,6.319,8.807,14.6385,-50.1165,17.2216,-104.127722,8.60675,7.28068,-19.3356,-12.4038,28.3246,-9.42016,7.66565,7.28068,2740,-52.719319999999996,Volatile State
2741,11:45:41,-50.9608,-7.11275,4.285,9.884,13.5891,-45.5683,17.5469,-108.553261,9.09712,9.24918,-19.2608,-13.4499,27.9477,-8.53751,8.66683,9.24918,2741,-50.75082,Volatile State
2742,11:45:42,-41.5459,-6.51835,0.9,10.921,14.0315,-42.4197,18.0932,-115.651822,10.7998,11.1702,-18.5471,-14.3924,26.6594,-8.66003,7.70323,11.1702,2742,-48.8298,Volatile State
2743,11:45:43,-33.6576,-5.37654,-1.326,6.652,13.6291,-39.8104,18.5487,-124.696883,13.8579,13.0132,-17.1409,-15.325,26.4835,-8.26054,6.73388,13.0132,2743,-46.9868,Volatile State
2744,11:45:44,-25.553,-4.71062,-3.12,6.278,10.5847,-37.4476,18.6955,-132.788348,17.8971,17.5462,-17.3708,-16.4965,27.7291,-7.71367,8.03921,17.5462,2744,-42.4538,Volatile State
2745,11:45:45,-16.4229,-3.82076,-7.515,7.948,10.4172,-32.9645,18.48,-140.879812,20.1429,21.8636,-17.7246,-18.6013,30.2467,-7.99995,9.11185,21.8636,2745,-38.136399999999995,Volatile State
2746,11:45:46,-9.48915,-3.70884,-11.424,9.579,9.29566,-29.26,16.4252,-148.971277,21.2787,27.8889,-17.613,-19.2473,30.7552,-7.62341,9.18484,27.8889,2746,-32.1111,Volatile State
2747,11:45:47,-2.82719,-4.18976,-13.433,11.292,6.53204,-27.9481,15.2215,-145.129086,23.1904,35.0166,-18.5743,-19.4242,29.7197,-6.21166,9.0411,35.0166,2747,-24.983400000000003,Volatile State
2748,11:45:48,4.21358,-4.12798,-13.139,13.68,4.97841,-27.9495,13.8369,-142.024108,26.2679,41.5329,-19.8303,-18.8199,28.8373,-2.20012,9.17287,41.5329,2748,-18.467100000000002,Volatile State
2749,11:45:49,10.9518,-4.59995,-15.425,14.71,3.991,-29.8985,12.9944,-137.215416,29.6177,46.1155,-19.8015,-19.453,30.775,0.838201,8.58155,46.1155,2749,-13.884500000000003,Volatile State
2750,11:45:50,18.3574,-6.4127,-17.033,14.698,4.37454,-32.2806,11.6948,-129.723579,31.9006,47.6414,-18.5731,-19.2357,34.2342,2.94511,7.62372,47.6414,2750,-12.358600000000003,Volatile State
2751,11:45:51,24.735,-7.64609,-16.474,12.315,3.86783,-36.581,11.9399,-126.189481,33.1393,48.0258,-19.3608,-19.7885,35.0766,3.58915,9.17501,48.0258,2751,-11.974200000000003,Volatile State
2752,11:45:52,35.6816,-8.29791,-13.802,12.654,3.12539,-40.829,12.5179,-120.135901,32.4003,49.7869,-20.1449,-18.2696,35.4893,4.22305,11.5499,49.7869,2752,-10.213099999999997,Volatile State
2753,11:45:53,44.6959,-8.29508,-9.048,14.072,1.77916,-44.3837,11.7179,-123.110913,31.3955,51.2675,-21.1507,-15.5533,34.9351,6.28657,14.2097,51.2675,2753,-8.732500000000002,Volatile State
2754,11:45:54,52.3686,-7.90609,-3.417,13.652,0.328915,-46.4865,10.0289,-122.860863,30.2212,51.9457,-21.2397,-12.9314,33.32,8.15669,14.5712,51.9457,2754,-8.054299999999998,Volatile State
2755,11:45:55,58.3987,-7.53619,4.112,13.624,1.0134,-48.1518,9.88279,-122.610814,29.8823,51.9727,-21.7071,-10.9786,32.4208,10.6063,14.1481,51.9727,2755,-8.027299999999997,Volatile State
2756,11:45:56,62.9386,-6.93292,11.215,13.955,2.13481,-49.9501,7.63371,-122.360764,29.5675,50.6221,-22.8628,-8.63814,32.9554,12.023,15.4133,50.6221,2756,-9.377899999999997,Volatile State
2757,11:45:57,67.6176,-6.74622,17.996,16.183,2.23119,-51.7002,7.7764,-123.844986,28.0308,49.1411,-22.7772,-7.8654,33.6156,13.1446,16.4864,49.1411,2757,-10.858899999999998,Volatile State
2758,11:45:58,70.6885,-5.94732,21.609,16.319,4.74879,-53.7422,7.49251,-144.653686,26.9515,47.0603,-21.2867,-7.05034,34.6182,13.4344,17.1672,47.0603,2758,-12.939700000000002,Volatile State
2759,11:45:59,76.247,-5.61101,27.059,15.165,5.30257,-56.6835,7.75358,-163.025636,24.7085,45.5591,-21.6517,-5.56515,34.4699,13.4949,18.2752,45.5591,2759,-14.4409,Volatile State
2760,11:46:00,81.3088,-5.59137,30.538,16.528,4.594,-59.2972,7.77683,-168.482985,21.4472,42.2282,-23.2757,-5.47272,32.7126,12.5389,18.1346,42.2282,2760,-17.7718,Volatile State
2761,11:46:01,87.6946,-5.42177,32.466,13.892,4.92526,-60.9949,6.86747,-170.82488,17.2009,39.7541,-25.5444,-5.43288,31.4856,11.9468,17.1044,39.7541,2761,-20.2459,Volatile State
2762,11:46:02,91.7248,-4.20817,32.5,12.479,5.31941,-60.2469,4.78447,-166.578399,10.9884,37.3236,-27.3399,-7.01942,30.6918,11.7379,15.1531,37.3236,2762,-22.6764,Volatile State
2763,11:46:03,96.1912,-3.54511,30.764,14.351,6.74851,-56.6846,5.16679,-173.596201,5.54932,34.8818,-28.4962,-8.17776,30.7573,10.939,15.2581,34.8818,2763,-25.1182,Volatile State
2764,11:46:04,100.505,-3.26913,27.308,15.555,5.82882,-53.1787,6.19576,-179.576524,1.19719,32.4339,-28.6624,-9.36558,31.0695,10.1184,16.3648,32.4339,2764,-27.5661,Volatile State
2765,11:46:05,104.859,-2.43814,27.055,15.753,5.66282,-51.7725,4.77612,-177.46857,-2.57979,29.3712,-29.7013,-9.08897,30.4044,8.79074,16.9122,29.3712,2765,-30.6288,Volatile State
2766,11:46:06,109.235,-1.04832,30.629,15.294,3.11737,-51.2438,4.28845,-173.575346,-5.75416,24.2874,-30.5588,-11.3191,29.5149,8.35821,16.8209,24.2874,2766,-35.712599999999995,Volatile State
2767,11:46:07,114.411,-0.910995,38.431,14.254,1.95291,-51.4359,4.85731,-158.665316,-10.6066,19.9078,-32.2872,-13.4075,28.8248,7.6657,15.9522,19.9078,2767,-40.0922,Volatile State
2768,11:46:08,118.507,-1.23483,50.873,14.654,0.713607,-53.4225,4.38339,-148.277841,-15.9059,18.5916,-33.2358,-15.2105,27.8243,7.34535,14.4726,18.5916,2768,-41.4084,Volatile State
2769,11:46:09,123.817,-1.757,59.271,12.476,0.701005,-54.7744,4.86511,-151.351895,-21.1675,19.2313,-33.5402,-15.8517,27.3307,6.94236,14.2789,19.2313,2769,-40.768699999999995,Volatile State
2770,11:46:10,128.26,-1.283,60.525,9.517,1.33525,-53.3065,6.29948,-167.319991,-24.8815,20.589,-32.3653,-16.5562,26.2457,7.00242,14.5581,20.589,2770,-39.411,Volatile State
2771,11:46:11,131.591,-1.01928,51.778,10.852,2.28023,-50.0624,6.39798,-186.682696,-27.4375,22.3104,-31.3091,-18.3067,27.5552,6.48276,15.342,22.3104,2771,-37.6896,Volatile State
2772,11:46:12,135.303,-0.48707,40.656,13.293,4.49459,-44.0092,6.94606,-189.670883,-30.1486,22.9761,-29.3718,-20.3672,28.3824,6.25746,14.9293,22.9761,2772,-37.0239,Volatile State
2773,11:46:13,137.94,-0.288025,32.651,16.025,4.90304,-38.1507,6.93636,-177.694759,-31.2967,23.6812,-27.8706,-20.8215,28.641,4.65873,14.4199,23.6812,2773,-36.318799999999996,Volatile State
2774,11:46:14,142.441,-0.384126,24.143,15.618,7.79306,-31.0071,5.63098,-168.645736,-33.0102,25.3269,-27.5014,-19.2532,28.1749,3.40218,15.6867,25.3269,2774,-34.673100000000005,Volatile State
2775,11:46:15,147.17,-1.04416,18.941,14.108,10.6078,-23.5208,2.43287,-159.295897,-33.5148,27.5535,-28.0958,-19.143,28.4195,2.60141,16.1412,27.5535,2775,-32.4465,Volatile State
2776,11:46:16,151.71,-1.70619,17.523,15.161,12.0054,-15.9787,2.55548,-147.640471,-33.8987,29.8804,-26.799,-19.9749,29.1522,3.46661,16.9306,29.8804,2776,-30.1196,Volatile State
2777,11:46:17,153.573,-2.60814,18.586,14.911,14.4259,-9.87822,3.64707,-131.803328,-33.6459,31.5424,-25.2849,-20.7988,30.3305,5.1121,17.0693,31.5424,2777,-28.4576,Volatile State
2778,11:46:18,155.379,-3.483,17.882,12.244,16.6106,-2.27682,3.67411,-120.008488,-33.314,34.2059,-23.4704,-19.1017,30.8618,6.29663,17.4706,34.2059,2778,-25.7941,Volatile State
2779,11:46:19,158.836,-4.48622,14.986,10.22,17.8516,5.10591,2.77578,-125.811028,-32.2106,35.286,-21.7673,-17.6213,30.6755,7.67582,18.4187,35.286,2779,-24.714,Volatile State
2780,11:46:20,162.513,-4.22563,8.912,14.456,19.0417,9.4137,1.16566,-132.540631,-30.4072,36.2148,-21.863,-15.8416,29.6607,6.93202,19.5143,36.2148,2780,-23.785200000000003,Volatile State
2781,11:46:21,164.226,-4.26534,1.026,16.435,19.438,13.0597,1.03748,-126.833856,-30.057,36.0914,-21.3205,-14.9917,29.8728,7.45103,20.952,36.0914,2781,-23.9086,Volatile State
2782,11:46:22,162.689,-4.21378,-8.473,13.451,20.9545,16.832,-0.123122,-121.127082,-29.338,35.6709,-22.1971,-13.4207,30.5279,8.03262,21.9167,35.6709,2782,-24.329099999999997,Volatile State
2783,11:46:23,159.4,-3.18782,-16.119,13.0,21.6357,19.7533,0.012809,-115.420307,-30.2367,34.5854,-23.8413,-10.1767,31.4593,7.923,22.6436,34.5854,2783,-25.4146,Volatile State
2784,11:46:24,156.31,-1.21892,-18.673,14.046,22.7977,20.0761,-0.347513,-100.274904,-30.9955,32.7393,-23.4715,-8.65155,31.662,9.04543,24.1024,32.7393,2784,-27.2607,Volatile State
2785,11:46:25,152.321,-1.10561,-15.24,14.583,23.9097,22.9507,0.942311,-96.524581,-30.8739,30.6602,-22.7767,-8.89154,31.6532,9.22684,24.591,30.6602,2785,-29.3398,Volatile State
2786,11:46:26,148.288,-1.33673,-11.273,11.678,25.5287,24.8804,2.01072,-93.889302,-28.49,28.3741,-21.9787,-8.79361,32.3827,10.4771,24.5328,28.3741,2786,-31.6259,Volatile State
2787,11:46:27,144.997,-1.84062,-11.159,9.715,27.3834,27.6447,-0.616875,-97.127965,-26.1674,26.1357,-21.984,-8.41634,31.6151,11.0663,24.0156,26.1357,2787,-33.8643,Volatile State
2788,11:46:28,142.47,-2.0686,-8.854,10.191,26.1437,28.8949,-0.030769,-93.644305,-25.01,25.6379,-22.3112,-8.89942,33.2322,11.8432,24.5888,25.6379,2788,-34.3621,Volatile State
2789,11:46:29,140.869,-2.18895,-7.008,11.479,28.7746,29.4804,-0.362706,-85.241126,-24.2339,26.3662,-23.5489,-9.17788,36.1052,13.3912,23.449,26.3662,2789,-33.6338,Volatile State
2790,11:46:30,140.419,-3.06757,-1.225,8.473,28.5792,30.4945,0.294018,-78.871183,-24.2631,27.6207,-24.2892,-9.18717,38.3642,14.6327,22.1053,27.6207,2790,-32.3793,Volatile State
2791,11:46:31,141.791,-4.60402,3.612,6.498,26.462,31.7961,1.02234,-78.495168,-25.0641,29.9551,-24.5098,-8.83557,39.5001,16.3198,19.6682,29.9551,2791,-30.0449,Volatile State
2792,11:46:32,142.712,-4.90931,9.906,8.932,27.5843,33.0801,-1.04487,-65.049033,-26.6851,30.0924,-24.0364,-8.19355,38.0965,17.6512,17.1288,30.0924,2792,-29.9076,Volatile State
2793,11:46:33,141.493,-5.11405,14.334,11.884,26.7461,34.1534,-1.53675,-55.972262,-28.0012,29.773,-22.3768,-8.57123,36.767,18.4245,15.7093,29.773,2793,-30.227,Volatile State
2794,11:46:34,137.972,-5.19931,15.38,9.562,24.5268,35.1641,1.87706,-55.560806,-28.0647,29.7801,-20.8655,-8.85127,37.2481,18.5777,15.1712,29.7801,2794,-30.2199,Volatile State
2795,11:46:35,132.971,-5.25492,13.0,9.238,22.2028,36.8875,-0.389348,-67.369098,-26.4188,31.0689,-21.5962,-9.46524,39.2597,16.6205,13.5155,31.0689,2795,-28.9311,Volatile State
2796,11:46:36,128.377,-4.6172,8.795,11.926,20.4309,38.7384,2.71756,-86.853304,-23.689,31.6783,-21.9262,-8.3559,42.2168,15.7003,13.698,31.6783,2796,-28.3217,Volatile State
2797,11:46:37,123.767,-4.58275,6.778,13.166,19.0621,40.0972,1.7508,-108.076774,-21.2878,31.4809,-22.4094,-6.16252,43.5413,16.5879,14.3744,31.4809,2797,-28.5191,Volatile State
2798,11:46:38,119.209,-4.22898,7.382,10.429,15.9843,39.4447,1.99907,-127.141672,-17.6772,31.8213,-21.9754,-3.538,42.5477,16.5123,14.6414,31.8213,2798,-28.1787,Volatile State
2799,11:46:39,116.568,-4.23521,9.967,5.432,14.6818,36.846,2.94767,-137.787109,-16.0842,31.438,-20.7601,-2.95668,38.3201,15.4968,15.6726,31.438,2799,-28.562,Volatile State
2800,11:46:40,119.729,-4.90791,14.826,7.604,10.5685,33.1204,2.71961,-141.142651,-13.1841,30.9535,-19.9243,-2.65463,35.6801,14.3408,16.1223,30.9535,2800,-29.0465,Volatile State
2801,11:46:41,121.902,-5.3793,21.426,12.854,9.07109,29.64,3.96135,-144.756841,-10.6938,32.7738,-18.8627,-1.52394,37.0789,13.1319,16.1136,32.7738,2801,-27.2262,Volatile State
2802,11:46:42,123.072,-4.70925,25.25,6.102,6.5732,24.0782,4.46314,-147.258552,-9.43275,35.0597,-18.6406,0.127071,39.7171,13.8578,16.5512,35.0597,2802,-24.9403,Volatile State
2803,11:46:43,125.754,-4.44705,24.214,3.158,4.19885,18.4841,5.00573,-150.619793,-7.43236,36.2763,-18.7389,3.19996,41.1944,15.4708,15.7469,36.2763,2803,-23.7237,Volatile State
2804,11:46:44,128.483,-4.54213,17.677,7.789,2.90846,12.3979,5.71529,-170.248439,-6.01229,37.4605,-18.8765,6.0708,39.7717,15.9366,14.631,37.4605,2804,-22.539499999999997,Volatile State
2805,11:46:45,128.387,-3.90857,4.954,9.057,1.93617,4.88415,4.52728,-186.839558,-6.13222,39.0832,-19.109,7.21816,39.5891,15.3229,14.2503,39.0832,2805,-20.916800000000002,Volatile State
2806,11:46:46,129.7,-2.82924,-12.872,4.534,0.312758,-2.93156,3.28864,-205.174022,-4.33914,41.076,-18.9518,9.32076,39.3799,14.7253,14.4576,41.076,2806,-18.924,Volatile State
2807,11:46:47,131.442,-2.80662,-31.757,2.898,1.52156,-10.9893,2.27657,-208.141932,-2.36815,43.3268,-19.189,11.4327,38.4125,15.025,13.1346,43.3268,2807,-16.6732,Volatile State
2808,11:46:48,133.952,-3.3245,-47.266,1.708,1.2379,-17.0971,3.40123,-197.002458,0.608908,45.3743,-18.5255,11.8818,39.7387,17.9402,10.4876,45.3743,2808,-14.625700000000002,Volatile State
2809,11:46:49,135.185,-4.0618,-54.56,2.03,3.00967,-21.9656,2.9368,-172.093935,3.65777,48.2722,-17.8539,10.9356,41.2344,21.0902,9.9166,48.2722,2809,-11.727800000000002,Volatile State
2810,11:46:50,134.566,-5.20562,-51.164,1.439,3.04822,-26.8602,4.0515,-140.518628,8.74722,49.632,-18.8922,10.4412,41.0644,22.705,8.5702,49.632,2810,-10.368000000000002,Volatile State
2811,11:46:51,135.155,-6.54074,-42.407,3.542,3.47199,-30.0886,4.43452,-111.910578,14.2992,50.7405,-20.3591,10.2056,40.5687,24.3112,10.1055,50.7405,2811,-9.259500000000003,Volatile State
2812,11:46:52,135.625,-7.7492,-35.955,3.428,4.17005,-34.3917,4.52462,-95.973118,21.4241,52.591,-22.6954,11.7454,39.6288,25.3686,10.5611,52.591,2812,-7.408999999999999,Volatile State
2813,11:46:53,135.545,-8.1685,-31.507,3.249,4.09004,-38.7529,3.44332,-83.349005,24.975,56.1436,-23.8434,12.4287,39.3454,25.965,8.09054,56.1436,2813,-3.8564000000000007,Volatile State
2814,11:46:54,134.545,-7.8622,-28.43,2.456,4.18444,-42.2276,3.34586,-83.941484,29.8787,60.613,-23.7787,12.9637,38.0456,26.7119,4.5989,60.613,2814,0.6129999999999995,Volatile State
2815,11:46:55,132.203,-7.55154,-27.881,2.086,5.86473,-46.5852,0.005731,-82.742693,33.2264,64.4693,-24.1288,13.5235,36.5931,28.3374,5.05668,64.4693,2815,4.469300000000004,Volatile State
2816,11:46:56,129.256,-7.34068,-28.871,0.378,6.60299,-49.7854,0.823029,-92.215067,34.552,66.0217,-24.1936,11.1387,35.9192,30.659,4.89682,66.0217,2816,6.021699999999996,Volatile State
2817,11:46:57,124.113,-6.66238,-29.185,2.817,7.91675,-52.1867,1.11938,-105.239459,36.308,64.6129,-23.5185,11.577,34.8997,30.9354,5.81016,64.6129,2817,4.612899999999996,Volatile State
2818,11:46:58,121.069,-6.5974,-25.753,2.093,10.0246,-52.0434,-0.32824,-109.765849,37.3806,62.6381,-22.9201,10.6239,32.8216,30.915,6.73573,62.6381,2818,2.6381000000000014,Volatile State
2819,11:46:59,117.276,-5.79127,-19.385,2.206,11.6412,-51.0028,0.666572,-114.269597,39.9447,58.943,-24.1239,11.0706,31.3361,29.9498,8.53148,58.943,2819,-1.0570000000000022,Volatile State
2820,11:47:00,113.423,-4.65485,-12.97,6.403,13.9037,-48.7621,0.378295,-112.82743,42.4641,54.7132,-25.5393,10.2809,31.2437,31.3084,10.2473,54.7132,2820,-5.2867999999999995,Volatile State
2821,11:47:01,109.736,-4.06422,-7.455,5.039,14.0956,-46.1742,0.837411,-108.69103,44.6656,50.068,-26.3893,10.0699,30.5353,32.1074,10.2693,50.068,2821,-9.932000000000002,Volatile State
2822,11:47:02,105.719,-4.42353,-10.082,2.32,17.5953,-44.8709,1.35985,-110.484023,46.0396,45.2127,-26.9337,8.23918,28.9224,32.9632,8.00095,45.2127,2822,-14.787300000000002,Volatile State
2823,11:47:03,99.9039,-4.45935,-15.754,1.667,18.5101,-47.5322,-0.471266,-109.220147,46.6719,40.5642,-26.1803,6.20001,27.3709,33.1637,7.40611,40.5642,2823,-19.4358,Volatile State
2824,11:47:04,91.0516,-3.94575,-22.687,4.234,18.3908,-50.1833,0.226962,-108.872054,49.4358,37.9174,-26.1384,4.01665,26.9017,33.6052,6.44304,37.9174,2824,-22.0826,Volatile State
2825,11:47:05,82.6496,-2.9383,-29.7,3.719,19.9365,-52.3899,-0.416653,-109.707789,50.7242,36.2612,-25.9272,2.08403,27.6039,33.2123,5.30362,36.2612,2825,-23.738799999999998,Volatile State
2826,11:47:06,78.0941,-2.88849,-33.648,2.123,20.8874,-52.526,-1.16488,-103.569984,50.9236,34.9076,-26.6805,1.54165,28.7726,32.5491,5.52697,34.9076,2826,-25.092399999999998,Volatile State
2827,11:47:07,74.023,-3.35384,-38.468,1.579,21.1541,-52.4509,-1.40514,-94.452548,52.0198,32.7447,-26.9133,1.15807,29.3315,32.0,6.99019,32.7447,2827,-27.2553,Volatile State
2828,11:47:08,70.8829,-2.57717,-42.48,3.513,19.1073,-52.7252,-3.52446,-81.192999,51.3342,32.2225,-27.1086,1.91136,30.507,32.6542,6.56974,32.2225,2828,-27.777500000000003,Volatile State
2829,11:47:09,68.3104,-2.49319,-44.682,2.706,19.9081,-53.4989,-1.56538,-68.714278,49.6756,32.9446,-26.6596,3.23179,32.7967,32.2579,7.0877,32.9446,2829,-27.0554,Volatile State
2830,11:47:10,64.9052,-2.39947,-43.459,2.149,20.5695,-53.7836,-1.82467,-62.873312,47.6114,34.8627,-26.0095,4.14342,35.8998,32.1826,7.8585,34.8627,2830,-25.137300000000003,Volatile State
2831,11:47:11,61.6945,-2.39553,-40.39,1.361,19.966,-53.2334,-2.56271,-77.613297,45.7954,36.7327,-24.6932,3.89845,38.2584,31.9181,10.2175,36.7327,2831,-23.2673,Volatile State
2832,11:47:12,55.6855,-3.49929,-35.886,0.269,19.8844,-53.5596,-3.97492,-103.802731,42.4432,37.7496,-25.2455,2.76503,40.2764,32.554,11.8139,37.7496,2832,-22.2504,Volatile State
2833,11:47:13,46.8808,-4.15901,-29.267,1.062,20.4677,-52.0455,-4.53622,-128.547702,42.0663,37.783,-25.0033,1.89265,42.4416,32.0061,13.8732,37.783,2833,-22.217,Volatile State
2834,11:47:14,39.211,-4.1787,-21.583,-0.246,21.6414,-50.0256,-3.63719,-141.492259,38.8663,38.8468,-25.5075,1.35671,44.3969,32.3848,17.8862,38.8468,2834,-21.1532,Volatile State
2835,11:47:15,33.8785,-4.64017,-15.155,-1.777,23.8047,-47.6606,-2.22174,-156.539236,37.6285,39.4472,-24.4764,4.37654,46.0577,32.7025,20.9757,39.4472,2835,-20.552799999999998,Volatile State
2836,11:47:16,30.2571,-4.8491,-11.734,-2.834,22.8668,-45.6765,-2.4067,-154.265105,33.3832,39.9831,-24.6492,6.56687,46.8761,32.6877,21.9896,39.9831,2836,-20.0169,Volatile State
2837,11:47:17,25.5154,-4.55985,-8.17,-0.576,25.3315,-45.6287,-1.58201,-149.449407,29.6548,37.744,-22.8186,7.62865,47.53,33.7643,22.0783,37.744,2837,-22.256,Volatile State
2838,11:47:18,22.5515,-4.96076,-1.468,1.77,25.768,-47.6877,-3.35491,-149.486765,25.7837,34.6348,-21.575,7.96353,45.3302,34.5284,23.6088,34.6348,2838,-25.3652,Volatile State
2839,11:47:19,18.8466,-5.41104,4.148,-0.849,26.3699,-48.1623,-6.3765,-147.262921,22.5083,32.2,-20.3472,11.0332,42.0301,35.4198,25.0277,32.2,2839,-27.799999999999997,Volatile State
2840,11:47:20,16.4507,-7.29664,6.354,-3.138,27.3221,-48.4401,-7.09455,-129.35868,20.598,29.277,-21.616,11.3016,39.8488,35.2058,25.5728,29.277,2840,-30.723,Volatile State
2841,11:47:21,11.1891,-8.14513,4.539,-4.634,28.7244,-48.7356,-6.40709,-108.332831,16.2872,27.0914,-22.6472,12.0768,37.3504,35.5686,25.2982,27.0914,2841,-32.9086,Volatile State
2842,11:47:22,7.91885,-7.95195,0.667,-3.604,30.4267,-50.241,-6.59495,-74.884323,13.042,26.5718,-23.6864,11.9848,35.2786,34.8892,23.6692,26.5718,2842,-33.428200000000004,Volatile State
2843,11:47:23,3.08724,-8.88967,-7.492,-2.909,31.4567,-51.2074,-7.34961,-44.202043,7.76936,27.0446,-23.775,11.8607,33.7029,33.4296,22.3096,27.0446,2843,-32.9554,Volatile State
2844,11:47:24,-2.02088,-9.98993,-18.633,-3.975,32.5818,-54.6376,-6.46856,-25.308411,5.37563,27.3169,-24.0311,11.9063,33.0222,33.1475,22.0078,27.3169,2844,-32.683099999999996,Volatile State
2845,11:47:25,-8.10158,-10.6887,-31.483,-1.547,32.7621,-58.1801,-4.50848,-10.431571,0.839267,27.5137,-24.6542,12.8131,30.9918,31.3857,24.5312,27.5137,2845,-32.4863,Volatile State
2846,11:47:26,-13.1532,-11.9927,-43.223,-4.631,32.3759,-62.7934,-5.65512,-26.863866,-2.36483,27.5729,-22.3974,12.736,28.6943,29.9569,25.1319,27.5729,2846,-32.427099999999996,Volatile State
2847,11:47:27,-16.1908,-13.3953,-48.281,-7.605,32.9986,-67.0043,-4.29742,-43.29616,-7.25507,28.2594,-21.8459,10.6924,28.2946,28.8049,25.8551,28.2594,2847,-31.7406,Volatile State
2848,11:47:28,-18.2301,-13.224,-47.924,-6.405,33.3381,-69.0092,-5.34946,-59.728455,-9.41837,29.5069,-22.5432,10.2654,28.5824,27.1856,25.574,29.5069,2848,-30.4931,Volatile State
2849,11:47:29,-19.4164,-13.7878,-44.2,-4.685,32.5631,-69.2027,-4.13221,-76.160749,-13.1465,30.9286,-23.794,9.82643,28.3754,25.7614,25.8612,30.9286,2849,-29.0714,Volatile State
2850,11:47:30,-19.5191,-14.3754,-38.883,-4.773,30.3381,-70.4394,-3.37828,-92.593044,-15.8466,34.8088,-25.1299,8.51759,26.9415,24.5899,28.0799,34.8088,2850,-25.191200000000002,Volatile State
2851,11:47:31,-19.6511,-14.7151,-35.472,-4.102,25.9234,-71.1742,-5.13854,-111.512288,-18.9809,39.7854,-24.9485,7.74869,25.3769,23.7411,30.0369,39.7854,2851,-20.214599999999997,Volatile State
2852,11:47:32,-19.9895,-13.7711,-34.167,-2.928,25.8885,-71.0997,-4.49759,-113.758955,-22.6108,46.5934,-24.5621,7.47692,23.9694,23.2397,32.013,46.5934,2852,-13.406599999999997,Volatile State
2853,11:47:33,-19.6108,-12.989,-36.185,-2.603,24.2061,-70.4267,-3.9328,-111.530306,-26.5102,54.2495,-23.4973,8.58686,22.2703,22.3273,33.8037,54.2495,2853,-5.750500000000002,Volatile State
2854,11:47:34,-19.6351,-11.8107,-39.29,-4.539,19.465,-71.1005,-1.0093,-95.652431,-28.6792,58.9873,-23.5445,8.8448,20.7795,22.7722,32.879,58.9873,2854,-1.0127000000000024,Volatile State
2855,11:47:35,-18.5607,-10.555,-42.841,-5.21,15.5064,-70.7767,1.42958,-84.198256,-31.4263,62.0596,-24.7651,8.63064,21.0365,22.9544,32.7333,62.0596,2855,2.059600000000003,Volatile State
2856,11:47:36,-15.4478,-10.5069,-47.288,-7.407,13.1527,-70.1124,-0.471812,-81.672217,-32.954,64.8162,-25.7953,6.80662,20.3386,24.3307,32.4739,64.8162,2856,4.816199999999995,Volatile State
2857,11:47:37,-12.7525,-10.8778,-48.624,-10.014,10.6819,-67.4817,-0.029337,-81.7237,-33.7068,68.7812,-26.0287,4.26635,18.5361,28.0249,32.5354,68.7812,2857,8.781199999999998,Volatile State
2858,11:47:38,-10.5773,-10.3663,-48.137,-10.017,6.26067,-64.3879,-1.27527,-91.465219,-34.4589,70.5242,-26.336,2.81043,16.6382,30.8014,32.2634,70.5242,2858,10.524199999999993,Volatile State
2859,11:47:39,-8.78114,-9.63808,-47.595,-9.56,2.02405,-60.7537,-3.28984,-95.571952,-36.83,72.113,-26.3546,2.38843,15.7984,32.3761,31.8733,72.113,2859,12.113,Volatile State
2860,11:47:40,-8.78194,-8.70842,-46.533,-13.664,-1.04116,-57.218,-1.892,-85.890419,-38.0189,74.7669,-25.7633,3.72635,17.7415,31.5884,30.3154,74.7669,2860,14.766900000000007,Volatile State
2861,11:47:41,-10.7116,-8.25182,-44.227,-16.13,-3.08053,-54.7935,-3.50957,-68.890628,-40.2728,76.3165,-24.5144,4.44343,19.8336,29.969,28.606,76.3165,2861,16.316500000000005,Volatile State
2862,11:47:42,-12.1931,-7.81552,-43.203,-14.915,-3.70638,-52.7471,-4.79772,-48.125678,-41.9546,78.5187,-22.8843,4.13056,21.1188,29.4567,28.7637,78.5187,2862,18.518699999999995,Volatile State
2863,11:47:43,-16.2075,-5.39595,-43.139,-12.912,-5.88364,-49.083,-4.10418,-19.327424,-43.1296,79.2541,-22.1753,3.88057,20.7255,31.0025,29.5964,79.2541,2863,19.254099999999994,Volatile State
2864,11:47:44,-20.6954,-3.76502,-42.669,-15.162,-6.66338,-45.1544,-3.97811,-4.507505,-42.6444,79.9149,-21.3172,2.06123,19.9224,32.5394,29.7718,79.9149,2864,19.914900000000003,Volatile State
2865,11:47:45,-25.6428,-2.17356,-41.629,-17.029,-7.8719,-42.4566,-2.10952,-3.852267,-42.1006,82.41,-19.5131,0.040907,18.6535,32.8917,29.2827,82.41,2865,22.409999999999997,Volatile State
2866,11:47:46,-30.8374,-0.944596,-39.8,-16.071,-8.3037,-38.7599,-2.75131,-17.947577,-40.4709,83.4809,-17.7834,-1.92843,19.0093,31.2227,27.6405,83.4809,2866,23.480900000000005,Volatile State
2867,11:47:47,-35.1926,-1.1283,-41.289,-17.189,-9.33662,-34.9655,-2.58245,-38.267494,-39.1728,83.0931,-16.3424,-3.92824,20.5059,29.9642,27.3405,83.0931,2867,23.093100000000007,Volatile State
2868,11:47:48,-36.1199,-1.53261,-43.972,-15.546,-12.833,-31.3625,-3.26593,-66.012887,-37.8001,80.8907,-15.0184,-5.10748,20.5889,30.6514,27.5864,80.8907,2868,20.890699999999995,Volatile State
2869,11:47:49,-36.2005,-1.31977,-49.253,-17.555,-13.6525,-30.1707,-4.87468,-93.671699,-34.2298,77.5585,-15.7296,-3.60664,20.2453,31.2964,29.3985,77.5585,2869,17.558499999999995,Volatile State
2870,11:47:50,-35.8544,0.394214,-54.906,-12.738,-12.9205,-27.7345,-5.13534,-118.860693,-31.3021,75.8216,-14.2159,-2.05824,19.506,32.2762,30.3133,75.8216,2870,15.821600000000004,Volatile State
2871,11:47:51,-35.544,0.941691,-59.87,-13.481,-11.7819,-24.7189,-5.90954,-124.487897,-27.6964,74.5488,-13.1778,-2.97858,18.2889,33.761,29.7298,74.5488,2871,14.5488,Volatile State
2872,11:47:52,-33.3618,0.786422,-63.887,-17.293,-11.3852,-20.1698,-6.44417,-130.115101,-23.5137,72.4369,-11.4217,-5.27722,16.1781,33.8385,28.2465,72.4369,2872,12.436899999999994,Volatile State
2873,11:47:53,-30.9116,1.38181,-62.786,-15.793,-12.3234,-15.727,-7.3843,-135.742305,-18.0664,68.686,-11.5502,-6.80552,14.9695,33.3164,28.436,68.686,2873,8.686000000000007,Volatile State
2874,11:47:54,-27.5294,0.925699,-61.204,-16.31,-11.0033,-11.3657,-5.53377,-128.45964,-13.166,66.2928,-11.3035,-6.122,15.3066,31.9318,28.5142,66.2928,2874,6.2928,Volatile State
2875,11:47:55,-25.629,1.02506,-63.153,-13.372,-9.93163,-7.51984,-7.08923,-115.385843,-7.98898,65.0127,-11.6985,-3.32759,15.7535,32.4368,29.4032,65.0127,2875,5.012699999999995,Volatile State
2876,11:47:56,-22.8013,1.06025,-64.341,-11.578,-10.16,-4.10648,-6.57955,-102.054922,-5.03205,64.2061,-11.1239,-3.2757,16.4372,33.5672,30.0705,64.2061,2876,4.206100000000006,Volatile State
2877,11:47:57,-19.8365,0.983215,-62.01,-8.039,-8.07833,-2.04754,-4.20816,-88.07153,-2.82689,65.1406,-11.1872,-2.94139,16.8657,34.2187,31.2688,65.1406,2877,5.140600000000006,Volatile State
2878,11:47:58,-18.8636,0.370863,-60.401,-6.531,-7.03192,-0.385066,-4.08907,-77.423113,-0.760748,65.2329,-11.4766,-2.85698,16.8539,36.1656,31.6265,65.2329,2878,5.232900000000001,Volatile State
2879,11:47:59,-18.5638,0.065418,-60.088,-3.783,-5.66061,-0.265212,-3.80114,-83.104206,1.74338,63.8894,-9.31151,-1.86908,17.7426,37.004,31.0699,63.8894,2879,3.889400000000002,Volatile State
2880,11:48:00,-20.0684,-0.862275,-53.559,-4.375,-2.24674,-0.434166,-5.55671,-94.722555,3.1675,61.6194,-9.06036,-1.73352,18.0165,37.5969,31.5079,61.6194,2880,1.6193999999999988,Volatile State
2881,11:48:01,-22.487,-2.10781,-41.533,-5.573,-0.999876,0.043604,-6.26193,-97.535875,5.26602,58.371,-10.1826,-3.05763,17.4551,35.8722,34.078,58.371,2881,-1.6289999999999978,Volatile State
2882,11:48:02,-25.5961,-3.51942,-23.735,-5.683,-0.204286,0.320694,-7.44068,-111.868606,7.23632,55.0852,-10.6447,-3.61755,17.4424,35.1159,35.6043,55.0852,2882,-4.9148,Volatile State
2883,11:48:03,-27.9767,-4.42694,-4.179,-4.749,0.28627,1.2452,-9.2838,-130.579922,7.5726,51.4458,-10.6099,-3.60598,16.937,34.7775,37.4349,51.4458,2883,-8.554200000000002,Volatile State
2884,11:48:04,-29.551,-4.81833,8.892,-4.16,2.90586,2.09466,-8.5303,-147.273601,10.5655,46.8424,-9.66896,-0.917941,17.4781,34.6842,36.0074,46.8424,2884,-13.157600000000002,Volatile State
2885,11:48:05,-30.3062,-4.72955,12.112,-3.802,4.72169,3.87373,-6.60708,-154.304736,11.9228,44.6183,-10.0934,0.046866,16.9171,33.4015,34.1058,44.6183,2885,-15.381700000000002,Volatile State
2886,11:48:06,-31.4622,-5.17044,10.785,-4.985,5.11561,4.56752,-5.90711,-165.189006,16.5877,43.1333,-9.61985,0.185172,16.3263,32.5195,33.5053,43.1333,2886,-16.8667,Volatile State
2887,11:48:07,-31.818,-4.41393,6.3,-5.19,5.13062,6.03013,-6.96297,-158.505461,17.6525,41.9886,-10.2013,1.34331,16.2967,30.905,34.1018,41.9886,2887,-18.011400000000002,Volatile State
2888,11:48:08,-32.2299,-3.50009,4.785,-3.823,6.65053,6.9206,-6.20025,-148.913609,16.2842,40.5184,-10.0566,3.34959,15.5688,30.1096,35.5178,40.5184,2888,-19.4816,Volatile State
2889,11:48:09,-32.9115,-4.0386,4.743,-3.852333333,9.94773,6.24526,-6.40999,-133.668943,14.4575,38.6835,-10.506,5.07451,15.1764,28.3641,35.0528,38.6835,2889,-21.316499999999998,Volatile State
2890,11:48:10,-33.0964,-4.5582,5.671,-3.881666667,11.9942,5.82912,-7.5204,-126.976749,13.4703,37.8337,-11.5698,5.96933,17.3844,28.4184,32.5793,37.8337,2890,-22.1663,Volatile State
2891,11:48:11,-33.8716,-4.63222,7.105,-3.911,13.0288,3.81664,-5.96425,-124.958113,17.9129,38.2048,-12.8889,6.67777,18.0751,28.7868,29.9446,38.2048,2891,-21.7952,Volatile State
2892,11:48:12,-37.1126,-3.71026,11.447,-2.947,15.5668,-1.68847,-7.53594,-128.819323,22.1764,38.8112,-14.5019,7.77205,17.0919,28.8766,28.9901,38.8112,2892,-21.1888,Volatile State
2893,11:48:13,-40.7993,-2.66658,15.976,3.422,16.9677,-6.12375,-8.82957,-131.269242,28.9462,40.8819,-14.8756,7.94954,15.6148,28.6445,29.0293,40.8819,2893,-19.1181,Volatile State
2894,11:48:14,-43.7911,-3.74032,18.386,1.713,17.0362,-10.7029,-7.73539,-140.167512,35.459,42.0885,-16.0393,8.95078,15.692,27.3912,28.7099,42.0885,2894,-17.911499999999997,Volatile State
2895,11:48:15,-45.9574,-5.86431,20.218,2.263,19.2755,-15.0489,-9.00676,-157.280698,38.0805,42.9663,-16.5878,8.58713,15.7281,26.246,26.8717,42.9663,2895,-17.033700000000003,Volatile State
2896,11:48:16,-47.6976,-8.06744,17.995,5.125,20.9028,-20.4782,-8.99116,-186.892111,42.4538,43.8682,-18.4995,6.89449,16.1854,25.4337,22.859,43.8682,2896,-16.1318,Volatile State
2897,11:48:17,-47.9106,-9.41423,16.819,11.644,22.7197,-26.1289,-8.83595,-202.534578,43.2318,44.2263,-18.892,4.71263,16.6114,26.412,21.977,44.2263,2897,-15.773699999999998,Volatile State
2898,11:48:18,-46.5701,-9.75587,18.013,10.636,22.3312,-32.5545,-10.0505,-202.849284,44.62,44.69,-19.5312,4.8441,16.045,27.3823,23.3274,44.69,2898,-15.310000000000002,Volatile State
2899,11:48:19,-43.5114,-10.9687,20.87,8.516,23.952,-35.3034,-8.59133,-189.641379,43.8814,44.7138,-19.5018,6.67488,16.1069,27.244,24.6772,44.7138,2899,-15.286200000000001,Volatile State
2900,11:48:20,-38.9534,-12.1154,25.416,8.056,24.4765,-36.3974,-7.93864,-175.410218,40.8723,43.0317,-19.3921,7.26828,15.567,27.5283,26.3857,43.0317,2900,-16.9683,Volatile State
2901,11:48:21,-35.0529,-13.5695,29.488,10.64,26.0901,-37.7193,-8.27358,-142.799818,38.099,40.6586,-19.5937,6.1238,15.8141,25.6993,26.6966,40.6586,2901,-19.3414,Volatile State
2902,11:48:22,-31.7186,-14.4945,29.192,17.154,26.0099,-39.9056,-8.03398,-101.525656,33.4361,38.9119,-22.0483,6.32428,15.732,24.2841,25.1859,38.9119,2902,-21.088099999999997,Volatile State
2903,11:48:23,-29.0012,-14.8533,23.23,14.135,26.7517,-43.2575,-9.46537,-68.88338,27.7796,37.4002,-25.5867,6.8157,17.7794,24.2432,24.4506,37.4002,2903,-22.599800000000002,Volatile State
2904,11:48:24,-25.3887,-15.3628,13.453,11.917,26.6449,-45.4348,-9.12796,-44.61777,21.5923,36.5974,-25.9268,6.99828,18.553,24.1471,24.1622,36.5974,2904,-23.4026,Volatile State
2905,11:48:25,-21.2478,-15.6482,-2.448,13.569,28.5293,-46.5468,-9.09019,-47.117606,15.9798,36.2071,-26.3175,6.34395,19.5146,24.0114,25.6395,36.2071,2905,-23.792900000000003,Volatile State
2906,11:48:26,-17.7096,-15.3662,-19.093,16.598,28.9162,-47.5229,-9.41031,-70.690445,11.2081,37.6849,-26.454,7.07856,19.7948,22.5061,26.3314,37.6849,2906,-22.3151,Volatile State
2907,11:48:27,-14.8969,-16.1806,-28.675,16.639,27.5254,-49.5726,-9.2553,-95.455765,4.40868,38.6004,-25.7977,8.08799,20.3165,19.7884,26.2526,38.6004,2907,-21.3996,Volatile State
2908,11:48:28,-13.2815,-17.1703,-27.362,17.034,27.0854,-53.5874,-8.49222,-115.883657,-1.37229,39.8594,-24.8017,9.88883,21.0565,17.517,24.7289,39.8594,2908,-20.1406,Volatile State
2909,11:48:29,-12.2547,-16.6666,-19.609,19.287,25.4077,-54.0057,-6.52374,-147.751939,-7.32707,41.4757,-25.0311,10.5329,21.757,15.363,24.2767,41.4757,2909,-18.524299999999997,Volatile State
2910,11:48:30,-10.0188,-15.793,-10.652,19.851,22.8497,-51.7246,-4.42277,-173.904916,-11.4594,43.8113,-26.205,11.4517,23.3752,14.8159,25.2814,43.8113,2910,-16.188699999999997,Volatile State
2911,11:48:31,-7.71747,-15.1047,-1.579,19.896,20.9819,-49.5228,-3.89632,-190.714539,-14.0377,45.6718,-26.909,11.2905,23.819,15.4546,26.8074,45.6718,2911,-14.328200000000002,Volatile State
2912,11:48:32,-4.9629,-13.6491,6.585,19.77,18.613,-47.4407,-2.57515,-188.615472,-16.4671,47.6875,-26.6318,12.4005,24.8009,17.5916,27.1542,47.6875,2912,-12.3125,Volatile State
2913,11:48:33,-4.15109,-13.909,10.876,17.126,16.2204,-47.3846,-2.49857,-161.366266,-19.9965,46.9855,-25.9875,13.4749,26.6808,17.0442,28.6975,46.9855,2913,-13.014499999999998,Volatile State
2914,11:48:34,-3.26413,-14.6006,13.245,16.399,14.9831,-50.0622,-2.38315,-130.468466,-24.6803,44.7981,-25.4689,14.73,26.0424,15.6239,29.1151,44.7981,2914,-15.201900000000002,Volatile State
2915,11:48:35,-1.85195,-15.6827,10.665,16.116,12.5318,-53.191,0.038911,-108.065785,-29.2563,40.2859,-25.8651,15.346,25.3823,14.8003,30.3882,40.2859,2915,-19.714100000000002,Volatile State
2916,11:48:36,-2.30656,-15.9096,8.374,19.223,9.44583,-56.4056,-0.792318,-99.40031,-32.0873,34.1279,-26.4909,13.9767,23.2496,15.4438,31.4494,34.1279,2916,-25.872100000000003,Volatile State
2917,11:48:37,-1.4554,-16.0975,8.356,16.968,5.2977,-55.9713,-0.257218,-88.045874,-35.3782,28.8613,-27.9347,11.4324,21.7881,17.1139,31.668,28.8613,2917,-31.1387,Volatile State
2918,11:48:38,1.33402,-15.6618,12.074,15.455,3.48901,-54.858,0.985487,-80.24998,-36.6761,25.0389,-28.3109,9.37241,21.5827,19.4528,31.0635,25.0389,2918,-34.9611,Volatile State
2919,11:48:39,3.31745,-15.2228,19.979,15.321,1.90554,-53.7785,0.887442,-75.723084,-38.0295,23.6606,-27.5261,8.64788,20.6815,20.4188,32.316,23.6606,2919,-36.3394,Volatile State
2920,11:48:40,5.05246,-15.1393,27.764,12.787,1.29758,-52.6837,0.352289,-79.437628,-39.6285,23.2962,-28.023,8.01299,20.1811,20.408,32.7769,23.2962,2920,-36.7038,Volatile State
2921,11:48:41,6.86416,-15.1467,32.611,10.416,0.511115,-52.8677,-0.165823,-96.484388,-40.1014,21.7914,-28.0647,7.19374,18.0852,19.8656,33.2091,21.7914,2921,-38.208600000000004,Volatile State
2922,11:48:42,8.65764,-15.5224,32.946,9.556,1.3251,-53.7211,-0.640702,-125.350169,-41.3294,19.5786,-29.0374,7.58848,16.4117,18.9364,32.7193,19.5786,2922,-40.4214,Volatile State
2923,11:48:43,12.2944,-15.8767,29.402,5.905,1.50488,-55.3257,-1.11578,-147.015904,-42.3637,16.5314,-30.811,7.56603,16.5047,19.0825,32.7783,16.5314,2923,-43.468599999999995,Volatile State
2924,11:48:44,17.6286,-15.063,21.289,5.088,0.763631,-53.6251,0.858826,-151.040927,-44.1225,14.8039,-31.9003,6.90724,15.0945,19.9699,32.7334,14.8039,2924,-45.1961,Volatile State
2925,11:48:45,20.4928,-14.5065,11.378,4.616,0.719467,-50.7258,0.873257,-153.056757,-44.9034,12.4835,-31.8128,5.35735,14.6372,21.0888,32.0774,12.4835,2925,-47.5165,Volatile State
2926,11:48:46,22.4687,-15.2091,2.27,1.828,1.6403,-47.2631,-0.678437,-146.791601,-45.687,9.14726,-31.0104,3.56189,15.9182,20.7299,32.2245,9.14726,2926,-50.85274,Volatile State
2927,11:48:47,24.6989,-16.4691,-8.945,-0.165,2.84948,-43.436,0.618885,-136.252691,-44.8007,5.62179,-29.5846,3.41154,16.7612,18.8936,31.9346,5.62179,2927,-54.37821,Volatile State
2928,11:48:48,30.0463,-16.3644,-17.766,1.476,4.49461,-39.9261,1.85093,-120.340582,-44.5294,1.26287,-27.9657,3.19068,18.3783,18.0633,30.8791,1.26287,2928,-58.73713,Volatile State
2929,11:48:49,38.3282,-15.6293,-19.047,1.024,5.76839,-38.4962,2.17426,-112.537797,-44.5451,-2.3061,-26.9047,2.24845,21.5173,17.4202,28.6723,-2.3061,2929,-62.3061,Volatile State
2930,11:48:50,47.3249,-16.6701,-13.717,-1.636,5.75285,-37.2658,2.31683,-117.139992,-43.9786,-6.12663,-27.3123,2.04001,22.8077,17.4018,28.2956,-6.12663,2930,-66.12663,Volatile State
2931,11:48:51,53.9204,-17.8135,-6.453,-4.081,7.11451,-38.3099,0.906562,-124.490004,-42.8507,-9.00922,-27.7319,1.62113,23.9008,17.8124,29.0779,-9.00922,2931,-69.00922,Volatile State
2932,11:48:52,58.7381,-19.1482,1.803,-3.945,6.33434,-41.0662,0.676478,-124.071097,-40.7233,-8.98876,-28.0867,-0.8167,25.3207,19.6228,29.5547,-8.98876,2932,-68.98876,Volatile State
2933,11:48:53,60.8122,-20.3962,8.581,-7.127,7.85758,-44.4451,-1.45268,-115.823,-39.3006,-7.95163,-27.6038,-3.36209,27.1757,20.812,29.7799,-7.95163,2933,-67.95163,Volatile State
2934,11:48:54,64.9803,-20.5878,10.166,-6.871,8.3804,-48.5826,-0.613944,-92.488559,-35.7062,-6.47886,-26.0693,-4.43755,27.5636,21.4585,29.568,-6.47886,2934,-66.47886,Volatile State
2935,11:48:55,70.6527,-20.2576,8.664,-4.105,10.9837,-50.5753,0.171344,-70.538148,-34.3504,-5.49405,-23.6019,-3.54322,27.4509,22.4356,29.301,-5.49405,2935,-65.49405,Volatile State
2936,11:48:56,76.1499,-19.8716,10.348,-3.358,10.5352,-51.5642,-0.646227,-55.536295,-32.5509,-4.54729,-21.3833,-2.49524,27.8283,23.0336,29.9316,-4.54729,2936,-64.54729,Volatile State
2937,11:48:57,82.0225,-18.7186,14.956,-4.319,10.4713,-51.8395,-0.161999,-63.677988,-32.3397,-4.90508,-20.501,-2.75797,27.8362,23.6219,30.6164,-4.90508,2937,-64.90508,Volatile State
2938,11:48:58,88.0341,-18.174,22.641,-4.853,12.0,-52.5686,1.6605,-71.819681,-31.3497,-6.05398,-21.2685,-2.41491,27.1543,23.1379,29.7737,-6.05398,2938,-66.05398,Volatile State
2939,11:48:59,95.2198,-18.5692,29.507,-0.417,13.2892,-53.9142,3.16947,-79.961374,-31.1389,-7.62713,-21.3965,-0.082638,28.007,21.7788,28.9496,-7.62713,2939,-67.62713,Volatile State
2940,11:49:00,102.83,-19.366,28.705,-0.87,13.0016,-55.2847,1.39359,-106.72325,-31.043,-9.90387,-21.5865,1.84002,30.1303,20.7384,27.8113,-9.90387,2940,-69.90387,Volatile State
2941,11:49:01,108.801,-20.5878,20.698,-3.276,12.3882,-56.0314,2.95553,-128.934783,-30.0134,-14.277,-21.9388,3.92246,30.948,18.1154,27.4558,-14.277,2941,-74.277,Volatile State
2942,11:49:02,112.428,-21.9939,9.547,-1.462,11.8407,-55.048,4.57675,-151.81565,-29.8269,-17.68,-22.5939,4.2849,30.1468,17.2599,28.6267,-17.68,2942,-77.68,Volatile State
2943,11:49:03,115.31,-22.1694,2.139,2.863,10.255,-52.9211,5.28207,-176.241087,-30.0945,-20.9152,-21.726,4.82372,28.655,17.5806,29.0758,-20.9152,2943,-80.9152,Volatile State
2944,11:49:04,117.841,-21.1404,-5.907,3.534,9.18483,-48.6307,6.769,-190.75279,-29.7977,-23.861,-21.0809,6.78026,28.0438,19.1978,28.018,-23.861,2944,-83.861,Volatile State
2945,11:49:05,119.285,-19.7458,-8.55,3.545,10.4541,-45.5234,6.50196,-191.729664,-28.7561,-26.7716,-22.6803,9.64486,27.3847,18.5373,26.2995,-26.7716,2945,-86.7716,Volatile State
2946,11:49:06,122.508,-19.2795,-6.295,1.378,10.6941,-42.904,6.09567,-177.545238,-28.8925,-29.6901,-24.5811,10.4099,29.2868,17.647,26.0835,-29.6901,2946,-89.6901,Volatile State
2947,11:49:07,124.26,-19.1233,-1.612,-1.839,10.6793,-40.5785,6.44109,-156.590036,-27.4004,-31.0787,-26.6295,10.6093,30.9535,16.2784,27.1335,-31.0787,2947,-91.0787,Volatile State
2948,11:49:08,127.945,-18.1406,0.124,-2.071,12.0858,-39.9643,5.65173,-128.799084,-26.6216,-31.8936,-26.8212,9.96719,30.2613,15.1134,27.8544,-31.8936,2948,-91.89359999999999,Volatile State
2949,11:49:09,132.108,-16.5948,-2.967,2.136,11.4379,-38.5551,7.64914,-114.308869,-26.0265,-31.4049,-26.3207,10.6091,29.1114,15.1828,28.2415,-31.4049,2949,-91.4049,Volatile State
2950,11:49:10,137.948,-16.8104,-10.654,1.997,9.96447,-39.9933,9.30348,-115.923632,-25.0204,-32.2202,-27.6294,11.5934,29.125,16.4544,26.3377,-32.2202,2950,-92.2202,Volatile State
2951,11:49:11,144.434,-17.2979,-19.298,-0.539,10.4313,-42.6828,11.6332,-113.639585,-25.1995,-33.9419,-26.7379,11.0258,29.2113,18.4985,26.0866,-33.9419,2951,-93.9419,Volatile State
2952,11:49:12,149.423,-17.4023,-23.557,0.277,11.2158,-44.3362,11.7149,-104.18157,-24.4141,-35.1187,-26.3321,11.3709,29.3075,19.0898,26.1973,-35.1187,2952,-95.11869999999999,Volatile State
2953,11:49:13,153.183,-17.1371,-26.07,3.006,11.9714,-44.8896,11.856,-99.427169,-22.9494,-35.0684,-25.6383,11.6677,30.2799,18.4561,27.2239,-35.0684,2953,-95.0684,Volatile State
2954,11:49:14,156.469,-16.3228,-22.762,-0.341,12.8414,-44.5319,10.9408,-112.692862,-20.663,-36.0162,-25.0012,11.8342,29.8493,19.1203,28.2572,-36.0162,2954,-96.0162,Volatile State
2955,11:49:15,160.032,-15.0726,-15.434,-1.561,14.8552,-43.5989,9.55484,-131.143459,-19.358,-36.5239,-25.0,13.0129,28.5319,21.1067,27.6862,-36.5239,2955,-96.5239,Volatile State
2956,11:49:16,162.28,-13.6473,-4.138,-1.99,16.8471,-41.7478,9.17076,-141.759954,-17.9986,-39.1641,-24.8285,14.4939,28.9469,23.7046,25.5098,-39.1641,2956,-99.16409999999999,Volatile State
2957,11:49:17,165.734,-12.8056,8.093,-0.858,19.3314,-39.6956,10.0709,-140.684375,-17.6574,-42.3963,-25.0737,15.3124,29.9056,25.7354,23.1271,-42.3963,2957,-102.3963,Volatile State
2958,11:49:18,166.655,-11.9747,19.48,-2.195,22.53,-40.1137,11.1364,-138.445906,-17.1151,-45.5423,-24.4898,15.83,31.7436,28.2632,23.1069,-45.5423,2958,-105.5423,Volatile State
2959,11:49:19,168.18,-11.6059,28.218,-2.463,24.3689,-41.0141,10.9503,-147.089923,-17.2473,-49.3098,-24.5889,17.2394,32.1615,29.0951,23.6662,-49.3098,2959,-109.3098,Volatile State
2960,11:49:20,169.834,-11.7994,31.473,-2.523,26.2245,-42.8681,9.82695,-167.495983,-17.6947,-52.2206,-26.1081,18.7042,31.565,30.2188,25.6907,-52.2206,2960,-112.22059999999999,Volatile State
2961,11:49:21,170.097,-12.9228,26.772,-3.856,27.295,-45.3005,8.41506,-174.570874,-18.1473,-54.4704,-26.2769,20.4474,32.2943,31.3221,24.6044,-54.4704,2961,-114.4704,Volatile State
2962,11:49:22,168.746,-14.2196,17.611,-5.886,26.2538,-49.6808,10.0821,-155.858729,-18.3425,-55.7814,-24.8738,20.3203,31.9382,32.1112,22.9786,-55.7814,2962,-115.78139999999999,Volatile State
2963,11:49:23,168.082,-13.9661,9.768,-6.461,26.0788,-53.0701,10.1132,-132.696964,-18.9496,-56.6539,-23.9258,19.7464,31.7372,33.4096,22.9704,-56.6539,2963,-116.6539,Volatile State
2964,11:49:24,168.405,-12.9483,3.473,-6.445,25.9301,-54.8954,8.84373,-126.835369,-21.164,-57.544,-24.3912,18.815,31.3725,34.3064,23.4319,-57.544,2964,-117.544,Volatile State
2965,11:49:25,168.946,-13.0429,-4.541,-4.039,24.3215,-55.5801,9.75688,-116.282825,-21.0375,-56.8724,-22.8319,17.2078,33.4207,34.2935,25.2819,-56.8724,2965,-116.8724,Volatile State
2966,11:49:26,167.729,-13.7526,-16.336,-5.706,22.1048,-55.2002,9.5582,-99.073441,-23.2211,-54.2908,-21.8137,15.2651,33.2643,33.2882,27.7682,-54.2908,2966,-114.29079999999999,Volatile State
2967,11:49:27,165.73,-13.5958,-28.778,-9.077,20.1316,-55.5265,11.0039,-102.610188,-24.4158,-51.6382,-20.0623,13.4486,32.9447,32.7359,29.0456,-51.6382,2967,-111.6382,Volatile State
2968,11:49:28,163.136,-14.0961,-39.977,-6.589,19.1767,-56.0836,11.4571,-113.307273,-25.9159,-49.3333,-19.6358,11.9612,32.0084,32.3288,29.3899,-49.3333,2968,-109.33330000000001,Volatile State
2969,11:49:29,162.174,-15.3211,-45.666,-5.896,17.8503,-57.8422,8.72739,-116.779111,-27.5849,-47.2762,-19.3351,11.6537,32.6279,32.3269,28.9064,-47.2762,2969,-107.2762,Volatile State
2970,11:49:30,161.971,-14.9115,-47.296,-6.815,15.1531,-59.4833,13.0619,-106.000039,-25.6051,-44.891,-19.1089,12.1307,32.6853,31.419,29.8142,-44.891,2970,-104.89099999999999,Volatile State
2971,11:49:31,159.304,-13.9987,-48.253,-4.591,13.5197,-61.3328,11.4889,-100.613289,-23.426,-41.1181,-18.901,11.3056,31.7577,30.7868,29.4859,-41.1181,2971,-101.1181,Volatile State
2972,11:49:32,156.153,-13.8665,-47.339,-4.283,11.6782,-61.6621,9.90492,-110.037716,-20.585,-36.1915,-17.9375,10.4437,30.3998,31.9566,27.7204,-36.1915,2972,-96.19149999999999,Volatile State
2973,11:49:33,153.365,-13.0658,-46.232,-5.857,10.9475,-62.8118,9.57449,-126.223611,-16.3461,-29.7546,-17.1549,10.0228,28.5861,32.8242,26.7873,-29.7546,2973,-89.7546,Volatile State
2974,11:49:34,150.245,-12.9531,-47.951,-4.117,8.05968,-61.4881,9.01193,-143.22593,-11.3582,-24.4666,-16.9196,10.7788,26.9098,35.8123,23.9475,-24.4666,2974,-84.4666,Volatile State
2975,11:49:35,146.318,-14.9374,-47.26,-4.426,6.00318,-61.6269,9.54791,-165.055553,-7.45752,-19.6916,-16.3145,11.939,24.7732,36.3936,21.5049,-19.6916,2975,-79.6916,Volatile State
2976,11:49:36,144.436,-18.163,-46.284,-6.953,5.40315,-61.9401,6.76878,-181.634629,-2.23452,-15.3038,-16.0026,12.9678,24.6901,36.1997,20.4707,-15.3038,2976,-75.3038,Volatile State
2977,11:49:37,144.199,-23.6826,-49.205,-7.534,4.30985,-60.3989,6.2881,-180.380905,2.98645,-11.9166,-16.186,12.8776,24.4099,36.6288,18.1236,-11.9166,2977,-71.9166,Volatile State
2978,11:49:38,145.501,-27.2278,-53.85,-3.247,2.32784,-58.9385,6.39018,-177.546932,10.6996,-9.24137,-17.0741,13.8736,24.9118,36.4889,17.5019,-9.24137,2978,-69.24137,Volatile State
2979,11:49:39,145.337,-28.7661,-58.252,0.119,1.03449,-57.26,4.57161,-178.093676,17.1157,-7.58211,-17.8936,14.4423,26.9147,37.1975,16.2913,-7.58211,2979,-67.58211,Volatile State
2980,11:49:40,143.9,-28.9661,-65.328,0.268,0.270831,-55.4486,3.19054,-184.602935,23.4835,-4.66539,-18.2999,15.0205,27.531,39.2071,14.6027,-4.66539,2980,-64.66539,Volatile State
2981,11:49:41,142.878,-25.3792,-73.18,0.013,-0.010473,-52.4947,4.08656,-181.84084,26.0097,-1.81094,-19.2169,14.4329,26.2642,40.1278,13.502,-1.81094,2981,-61.81094,Volatile State
2982,11:49:42,141.848,-21.1326,-79.177,1.403,0.78152,-49.9125,4.82485,-159.67342,29.6261,-1.30921,-19.8681,13.1997,24.9163,39.7362,12.7402,-1.30921,2982,-61.30921,Volatile State
2983,11:49:43,141.546,-22.3792,-78.432,0.368,1.50667,-46.8811,4.48604,-124.520694,34.578,-1.36554,-20.4674,13.509,25.3493,37.5812,14.4965,-1.36554,2983,-61.36554,Volatile State
2984,11:49:44,138.502,-23.1936,-69.916,0.197,1.32989,-43.4993,5.17153,-95.361553,40.6214,-1.61964,-20.0666,13.8624,25.9859,36.1638,15.7707,-1.61964,2984,-61.61964,Volatile State
2985,11:49:45,135.493,-23.3833,-56.719,1.588,3.24267,-42.2208,5.68217,-85.224942,45.6257,-1.99817,-22.1521,13.499,27.3798,36.0323,16.2851,-1.99817,2985,-61.99817,Volatile State
2986,11:49:46,133.358,-23.4522,-46.06,0.424,3.31443,-40.9049,4.61205,-73.353372,49.7573,-3.61907,-22.4201,11.9205,27.3359,36.219,16.4795,-3.61907,2986,-63.61907,Volatile State
2987,11:49:47,130.88,-21.9168,-37.521,2.354,3.50877,-40.2095,2.74065,-65.784031,52.7404,-4.29348,-23.2381,10.0374,26.864,37.04,16.9517,-4.29348,2987,-64.29348,Volatile State
2988,11:49:48,126.807,-17.685,-31.81,4.898,4.86594,-39.0294,0.325057,-64.232483,56.7928,-5.31934,-23.0216,9.06764,25.1132,36.8975,18.7801,-5.31934,2988,-65.31934,Volatile State
2989,11:49:49,123.849,-15.7381,-26.313,6.069,6.22286,-38.9708,-2.39384,-73.984013,58.6659,-7.17446,-22.7159,7.75171,24.3822,35.2259,19.9286,-7.17446,2989,-67.17446,Volatile State
2990,11:49:50,120.6,-18.499,-20.415,6.359,8.44675,-38.6152,-4.50125,-83.221878,61.5533,-10.1134,-22.623,7.26397,24.8148,33.8829,20.6913,-10.1134,2990,-70.1134,Volatile State
2991,11:49:51,117.777,-21.6944,-13.374,6.578,10.9327,-37.7964,-3.1646,-79.292293,62.3243,-12.9306,-22.0008,7.8493,23.6327,32.9389,20.2504,-12.9306,2991,-72.9306,Volatile State
2992,11:49:52,114.429,-23.5048,-1.172,6.092,12.3308,-36.9878,-4.75361,-70.981813,63.3531,-14.8779,-20.7297,9.23824,22.9043,33.5323,19.7925,-14.8779,2992,-74.8779,Volatile State
2993,11:49:53,112.099,-23.136,10.687,6.739,12.7037,-34.534,-4.45259,-80.969305,63.2848,-14.255,-20.0528,10.9953,21.3967,34.524,19.0162,-14.255,2993,-74.255,Volatile State
2994,11:49:54,110.567,-23.1142,19.051,7.472,14.2883,-31.9657,-5.57293,-95.308478,62.4443,-12.6851,-19.0835,11.9636,18.9403,35.3875,19.9333,-12.6851,2994,-72.6851,Volatile State
2995,11:49:55,109.847,-22.1309,24.639,8.171,15.8032,-29.6495,-5.24283,-108.569987,60.8486,-9.28096,-18.3019,12.7337,18.0133,35.9012,20.9324,-9.28096,2995,-69.28096,Volatile State
2996,11:49:56,111.052,-20.6991,27.3,3.073,18.6103,-26.3785,-4.64052,-131.710749,57.8079,-4.12896,-18.3745,12.9714,17.571,35.7904,20.508,-4.12896,2996,-64.12896,Volatile State
2997,11:49:57,110.155,-19.2481,27.574,6.813,19.2471,-24.0016,-5.28089,-149.749817,54.1512,1.00185,-20.2159,13.6314,18.0935,35.5327,19.8367,1.00185,2997,-58.99815,Volatile State
2998,11:49:58,110.23,-18.8377,30.489,10.352,18.4841,-23.0457,-5.32031,-161.121055,48.1373,5.99759,-21.0429,14.7514,18.8684,35.0351,20.074,5.99759,2998,-54.00241,Volatile State
2999,11:49:59,108.445,-17.528,37.078,6.763,18.7516,-25.3379,-7.78564,-166.760308,40.9096,9.86906,-21.1596,15.6298,19.8676,35.2521,20.4274,9.86906,2999,-50.13094,Volatile State
3000,11:50:00,105.738,-14.4882,44.878,5.061,21.2182,-29.1729,-8.3912,-161.94407,34.7343,11.6529,-21.0622,17.8137,20.3582,35.6262,18.858,11.6529,3000,-48.3471,Volatile State
3001,11:50:01,103.179,-16.107,50.454,9.207,20.6386,-32.8285,-7.06102,-155.202985,28.9715,12.1293,-23.1672,18.0737,21.7406,33.9379,17.4828,12.1293,3001,-47.8707,Volatile State
3002,11:50:02,100.238,-18.0108,54.46,10.377,20.1247,-36.2314,-4.43324,-153.381468,23.8372,10.0372,-25.1653,18.2143,23.6539,30.8335,16.7879,10.0372,3002,-49.9628,Volatile State
3003,11:50:03,98.3862,-19.3161,54.466,6.899,19.9346,-38.8677,-4.05505,-141.583852,18.575,8.00338,-25.8277,17.9177,24.0957,29.1776,17.1676,8.00338,3003,-51.99662,Volatile State
3004,11:50:04,97.1365,-19.7295,51.943,3.041,20.7356,-41.3543,-1.9068,-143.198534,12.5899,5.74561,-26.9041,16.3801,24.6215,29.4125,18.4012,5.74561,3004,-54.25439,Volatile State
3005,11:50:05,98.2553,-19.6777,52.836,2.637,22.3662,-45.7254,-1.22171,-137.362648,6.04188,5.46757,-27.3557,15.303,25.7876,28.5508,19.8757,5.46757,3005,-54.53243,Volatile State
3006,11:50:06,97.5056,-19.5228,60.43,7.039,23.9033,-49.1812,-1.97734,-132.852919,1.01467,4.51385,-27.2166,16.0964,25.4972,27.5007,21.7685,4.51385,3006,-55.48615,Volatile State
3007,11:50:07,95.9519,-19.3584,70.839,7.013,23.4892,-52.8065,-0.856282,-136.729166,-5.41753,5.76684,-25.1057,16.8342,23.3045,25.412,23.1593,5.76684,3007,-54.23316,Volatile State
3008,11:50:08,93.2222,-19.295,79.893,7.72,24.6987,-57.2667,0.166309,-140.604832,-11.8134,4.66867,-23.4689,17.6706,20.8137,24.2819,23.2117,4.66867,3008,-55.33133,Volatile State
3009,11:50:09,89.6302,-19.2516,87.246,7.861,23.8592,-60.9637,2.08543,-124.374838,-18.4541,1.82618,-21.6132,17.9358,18.0264,23.2062,24.5984,1.82618,3009,-58.17382,Volatile State
3010,11:50:10,86.6777,-19.6811,93.578,8.108,23.9879,-65.346,4.58639,-109.284373,-22.9609,-1.22903,-20.7448,17.8414,16.1275,23.5999,26.368,-1.22903,3010,-61.22903,Volatile State
3011,11:50:11,86.0376,-20.1689,96.933,4.852,24.675,-67.7741,4.51765,-112.543204,-28.1279,-4.51121,-21.1834,18.4314,14.721,23.2827,28.1805,-4.51121,3011,-64.51121,Volatile State
3012,11:50:12,86.8436,-20.065,97.358,1.434,27.0158,-69.1847,4.31895,-130.311481,-31.9567,-8.84393,-21.4059,18.4527,15.245,24.6211,29.4866,-8.84393,3012,-68.84393,Volatile State
3013,11:50:13,85.2902,-19.4222,97.352,5.455,27.5224,-68.5706,7.45817,-141.655394,-37.2813,-12.4244,-21.4053,18.1779,14.5632,25.3559,29.2298,-12.4244,3013,-72.4244,Volatile State
3014,11:50:14,86.2364,-17.4135,95.335,5.852,27.4937,-68.8265,9.05766,-141.529899,-41.311,-17.1766,-20.7084,17.516,13.57,25.5181,28.3331,-17.1766,3014,-77.17660000000001,Volatile State
3015,11:50:15,85.7171,-17.1349,93.401,3.877,28.872,-68.1775,8.57533,-140.764935,-45.5104,-19.4639,-20.587,15.5905,12.851,25.5095,28.3169,-19.4639,3015,-79.4639,Volatile State
3016,11:50:16,84.026,-18.0474,92.835,3.169,29.8774,-67.0549,8.37179,-150.467851,-47.5061,-19.0719,-21.8851,13.2637,11.457,24.4468,29.9959,-19.0719,3016,-79.0719,Volatile State
3017,11:50:17,81.6709,-18.0351,94.382,1.499,31.1915,-65.3945,7.17895,-160.493542,-49.5816,-19.3176,-22.9397,13.4369,10.2583,23.3401,30.3656,-19.3176,3017,-79.3176,Volatile State
3018,11:50:18,78.9478,-17.994,95.235,2.3,31.4775,-64.9051,7.98804,-164.741134,-49.6661,-17.8322,-25.095,12.7728,11.2237,21.413,29.2499,-17.8322,3018,-77.8322,Volatile State
3019,11:50:19,77.6945,-19.3306,97.175,0.161,32.4291,-63.431,7.77349,-150.22586,-49.1836,-17.4203,-26.3857,10.4045,13.3853,20.3464,26.5152,-17.4203,3019,-77.4203,Volatile State
3020,11:50:20,76.9863,-19.989,102.273,0.563,32.7551,-61.4976,6.34758,-132.508842,-46.8288,-16.9612,-26.1552,8.10669,13.875,19.2302,24.1983,-16.9612,3020,-76.9612,Volatile State
3021,11:50:21,78.6679,-18.9713,108.747,2.733,33.3983,-58.8029,4.61013,-120.181088,-43.9635,-16.2328,-26.1086,6.5614,13.8208,16.8486,24.2742,-16.2328,3021,-76.2328,Volatile State
3022,11:50:22,77.916,-18.2207,111.502,2.849,33.8958,-55.7908,5.7366,-132.194015,-40.9996,-15.6546,-25.164,5.53603,13.2881,15.8003,25.1969,-15.6546,3022,-75.6546,Volatile State
3023,11:50:23,77.2397,-18.1412,112.049,3.218,35.5508,-51.6959,6.30533,-148.721217,-37.7383,-15.3056,-24.7464,5.8943,12.0057,14.4894,26.7158,-15.3056,3023,-75.3056,Volatile State
3024,11:50:24,77.4962,-17.9606,110.542,2.612,35.9069,-50.7044,6.44761,-164.758848,-37.8934,-14.6412,-25.6217,5.8553,11.6252,13.8824,26.5587,-14.6412,3024,-74.6412,Volatile State
3025,11:50:25,79.2703,-17.0589,108.926,1.401,36.5912,-50.5482,6.40555,-176.617233,-37.1301,-14.1741,-26.2446,5.91186,13.4256,12.9132,25.234,-14.1741,3025,-74.1741,Volatile State
3026,11:50:26,81.0012,-16.7655,104.462,0.885,34.1602,-49.1364,3.32545,-181.582371,-37.7342,-15.2233,-25.6753,6.23807,14.0718,12.7557,23.3649,-15.2233,3026,-75.2233,Volatile State
3027,11:50:27,81.4961,-16.8115,97.846,2.872,32.7183,-45.4886,5.49757,-187.120751,-39.0442,-17.0604,-24.242,6.58996,13.9562,13.8173,22.6895,-17.0604,3027,-77.0604,Volatile State
3028,11:50:28,80.445,-15.3454,90.389,1.243,31.5932,-41.3846,6.49563,-193.207338,-40.2085,-19.3213,-22.1682,6.98016,12.8858,15.0637,22.2611,-19.3213,3028,-79.32130000000001,Volatile State
3029,11:50:29,77.6493,-14.6089,85.402,-1.556,27.5102,-40.8092,8.27204,-182.422227,-41.793,-22.0861,-20.1058,7.06497,11.5604,15.325,22.4185,-22.0861,3029,-82.0861,Volatile State
3030,11:50:30,74.2332,-14.1216,82.973,1.296,25.7679,-39.7855,9.87683,-149.637038,-43.4418,-24.7884,-18.6679,9.33966,11.3208,16.0738,22.7395,-24.7884,3030,-84.7884,Volatile State
3031,11:50:31,72.1683,-13.4195,86.345,1.845,22.6249,-42.6066,10.4415,-114.227476,-45.0705,-25.979,-17.4593,10.3997,12.1841,15.7102,22.993,-25.979,3031,-85.979,Volatile State
3032,11:50:32,71.7188,-12.4778,91.901,-0.148,22.8591,-46.0223,11.8169,-90.354065,-45.5874,-28.0363,-16.4743,10.861,13.7554,15.0541,21.8229,-28.0363,3032,-88.0363,Volatile State
3033,11:50:33,72.9525,-11.0738,97.341,3.974,20.5957,-48.7435,12.5983,-68.610687,-45.5125,-30.8217,-16.606,10.6925,15.5324,14.351,21.3627,-30.8217,3033,-90.82169999999999,Volatile State
3034,11:50:34,75.4877,-10.1357,98.66,4.501,20.2088,-49.8481,11.0797,-65.178738,-43.2027,-34.1202,-16.4095,9.58281,14.7931,14.7557,21.4909,-34.1202,3034,-94.1202,Volatile State
3035,11:50:35,78.2876,-10.3277,97.746,2.345,19.0644,-50.2024,10.5345,-82.674429,-41.7204,-36.2039,-16.3527,8.78344,15.2341,14.8728,22.4613,-36.2039,3035,-96.2039,Volatile State
3036,11:50:36,86.5028,-10.6193,94.703,1.27,14.9962,-49.1739,9.67697,-86.139315,-39.4156,-37.4527,-15.9231,9.19707,18.2428,14.0423,23.3607,-37.4527,3036,-97.4527,Volatile State
3037,11:50:37,94.8867,-10.5257,87.549,3.33,11.838,-48.4839,10.6409,-79.107318,-38.3552,-39.5105,-16.0499,8.34562,22.2063,12.4306,23.2857,-39.5105,3037,-99.51050000000001,Volatile State
3038,11:50:38,103.137,-9.91693,80.99,4.976,10.4323,-46.9373,11.3796,-81.438631,-37.2694,-41.6195,-15.937,6.64074,25.632,11.5373,22.3598,-41.6195,3038,-101.6195,Volatile State
3039,11:50:39,110.838,-9.18831,73.536,8.544,8.24295,-47.3423,10.3631,-91.421616,-37.5354,-44.3843,-17.1741,5.52751,26.3658,10.3868,21.3705,-44.3843,3039,-104.3843,Volatile State
3040,11:50:40,115.222,-8.5257,67.949,12.535,6.06752,-48.789,11.2623,-116.15297,-36.2141,-46.3273,-17.4717,5.74964,26.9155,9.7597,21.8017,-46.3273,3040,-106.32730000000001,Volatile State
3041,11:50:41,116.77,-7.9499,63.196,13.621,5.61298,-48.3957,11.4629,-131.974192,-32.9036,-47.1222,-18.3284,6.2428,28.3553,8.63634,21.6146,-47.1222,3041,-107.12219999999999,Volatile State
3042,11:50:42,116.236,-7.75877,61.91,13.172,2.64295,-47.061,11.9803,-143.028536,-31.6664,-48.2147,-18.3582,6.14673,27.9526,8.14729,20.7559,-48.2147,3042,-108.2147,Volatile State
3043,11:50:43,114.198,-7.31976,61.153,13.423,2.33926,-46.4844,14.873,-152.058903,-29.9074,-47.8554,-16.6318,5.46197,28.6128,8.77957,19.7154,-47.8554,3043,-107.8554,Volatile State
3044,11:50:44,113.597,-6.11619,62.303,12.914,0.785795,-45.7056,14.1295,-165.525847,-30.1403,-47.3732,-14.9805,4.69845,29.0568,8.26564,17.576,-47.3732,3044,-107.3732,Volatile State
3045,11:50:45,113.163,-5.48527,62.884,13.669,0.209567,-43.3621,14.1726,-170.66732,-28.7893,-47.7229,-14.6045,4.64978,29.8132,8.56593,16.5878,-47.7229,3045,-107.72290000000001,Volatile State
3046,11:50:46,111.353,-5.49212,61.583,16.109,-2.02701,-41.9843,15.7191,-167.706526,-29.3774,-47.72,-14.0446,4.95274,28.8958,9.05619,16.7235,-47.72,3046,-107.72,Volatile State
3047,11:50:47,108.727,-6.07017,58.645,17.306,-1.79254,-42.2842,14.6069,-168.07051,-28.9376,-48.0917,-16.0306,5.14531,26.6948,9.198,18.4497,-48.0917,3047,-108.0917,Volatile State
3048,11:50:48,108.671,-6.67375,55.6,16.428,-2.37274,-43.6923,15.1937,-172.326769,-27.5015,-48.4734,-16.4781,4.44612,24.7343,9.78612,19.7624,-48.4734,3048,-108.4734,Volatile State
3049,11:50:49,111.424,-7.47553,53.421,17.106,-2.61249,-43.8173,12.4317,-168.220283,-26.5879,-48.7375,-16.3641,4.64325,23.1345,9.14315,18.3605,-48.7375,3049,-108.7375,Volatile State
3050,11:50:50,114.513,-8.00961,49.006,15.543,-0.746003,-43.74,11.5791,-175.539555,-26.3014,-49.315,-13.7732,5.87908,21.7203,9.48196,16.6105,-49.315,3050,-109.315,Volatile State
3051,11:50:51,113.656,-9.0074,41.339,10.072,-1.41697,-44.3384,10.887,-181.119415,-28.0658,-50.2074,-11.2774,7.56915,19.5844,9.68861,16.3446,-50.2074,3051,-110.2074,Volatile State
3052,11:50:52,115.385,-8.72478,33.689,10.133,-1.95116,-44.9878,11.3385,-184.296767,-28.3667,-53.2736,-10.8968,7.12097,19.1111,9.83917,17.9723,-53.2736,3052,-113.2736,Volatile State
3053,11:50:53,115.272,-7.99751,26.602,10.225,-1.11067,-43.3993,11.5673,-202.080567,-30.7184,-58.179,-11.1187,5.97044,18.2183,9.67215,19.5363,-58.179,3053,-118.179,Volatile State
3054,11:50:54,115.989,-7.59599,21.958,10.186,0.764899,-42.4482,14.2108,-205.260794,-31.0482,-62.4123,-11.218,5.39678,18.1048,9.54061,20.2278,-62.4123,3054,-122.4123,Volatile State
3055,11:50:55,117.693,-7.51115,22.501,7.827,3.45431,-43.4786,15.3233,-194.410027,-31.2139,-65.3059,-10.4649,6.96838,17.7254,9.98742,19.045,-65.3059,3055,-125.3059,Volatile State
3056,11:50:56,117.556,-7.71097,24.86,7.749,4.92021,-46.9133,14.5015,-184.340997,-30.3629,-67.229,-9.05954,8.79197,18.5123,10.4619,17.6534,-67.229,3056,-127.229,Volatile State
3057,11:50:57,117.879,-7.39001,26.553,10.078,5.78281,-50.1665,14.895,-191.73121,-29.2463,-68.5317,-7.41933,9.50693,18.7829,10.5583,17.9937,-68.5317,3057,-128.5317,Volatile State
3058,11:50:58,119.163,-6.00814,26.524,8.243,8.10103,-50.9926,13.991,-200.522643,-28.6882,-69.6827,-4.41171,10.6849,18.9554,11.3257,19.6707,-69.6827,3058,-129.6827,Volatile State
3059,11:50:59,116.95,-4.99391,22.633,6.081,8.65352,-49.4406,14.7586,-200.41947,-27.948,-69.2855,-4.82012,10.945,17.7478,12.2071,20.6397,-69.2855,3059,-129.2855,Volatile State
3060,11:51:00,114.357,-3.76171,16.194,6.67,10.488,-47.24,14.5558,-199.034428,-26.073,-66.7383,-5.37343,11.8266,18.6337,13.5879,20.4851,-66.7383,3060,-126.7383,Volatile State
3061,11:51:01,110.73,-1.7685,3.864,8.706,13.0622,-46.1219,14.1388,-201.709626,-24.4444,-64.9748,-7.39782,12.7436,19.4675,14.3441,20.3796,-64.9748,3061,-124.9748,Volatile State
3062,11:51:02,108.11,-0.747615,-8.632,6.656,16.9921,-46.2141,13.4139,-195.545195,-20.4053,-64.1103,-8.20966,14.701,19.5255,14.3922,16.7251,-64.1103,3062,-124.1103,Volatile State
3063,11:51:03,105.042,0.353701,-18.951,4.206,18.6937,-45.6583,11.7907,-183.25766,-16.5891,-63.7871,-9.59348,16.2225,19.0878,14.9318,15.122,-63.7871,3063,-123.78710000000001,Volatile State
3064,11:51:04,101.499,1.65835,-27.438,4.499,19.6437,-41.9866,11.6112,-173.766349,-10.8141,-62.3249,-9.64942,17.5999,18.8819,15.5457,14.492,-62.3249,3064,-122.3249,Volatile State
3065,11:51:05,97.4265,2.92554,-32.273,5.879,20.7017,-38.256,11.5392,-172.947453,-3.20719,-59.912,-8.85762,18.7832,18.0835,15.1582,14.4631,-59.912,3065,-119.912,Volatile State
3066,11:51:06,94.0108,3.9795,-31.15,5.709,20.0143,-35.128,11.6731,-181.613614,1.66027,-57.7244,-9.51552,19.6285,17.1231,15.35,13.9682,-57.7244,3066,-117.7244,Volatile State
3067,11:51:07,89.7122,4.46292,-25.067,6.504,22.6433,-33.3405,9.49534,-195.058957,9.25951,-54.6184,-9.84998,20.2077,15.5574,15.3528,12.2454,-54.6184,3067,-114.61840000000001,Volatile State
3068,11:51:08,86.3031,4.69071,-18.811,7.008,22.6812,-32.5365,8.68629,-200.490107,11.6672,-52.884,-9.61349,21.2693,14.5261,15.3449,10.5604,-52.884,3068,-112.884,Volatile State
3069,11:51:09,84.4565,4.21558,-18.263,10.229,23.4965,-32.805,8.35297,-203.38638,13.5832,-51.6755,-9.32971,22.1598,13.7951,15.3446,11.1181,-51.6755,3069,-111.6755,Volatile State
3070,11:51:10,82.6831,3.29134,-21.432,9.407,24.738,-34.6777,6.93171,-183.546645,11.6232,-51.7862,-10.9341,22.0244,13.8338,14.9239,12.5156,-51.7862,3070,-111.78620000000001,Volatile State
3071,11:51:11,80.7536,4.6302,-27.877,4.635,25.8301,-35.2813,7.19853,-156.327504,11.1323,-51.8425,-11.2177,23.3426,13.9177,14.8443,12.3932,-51.8425,3071,-111.8425,Volatile State
3072,11:51:12,79.6483,6.05802,-36.604,1.746,25.8549,-34.6327,8.17091,-129.108364,14.9493,-51.857,-9.93384,24.8746,14.5477,15.3067,12.4322,-51.857,3072,-111.857,Volatile State
3073,11:51:13,79.4218,5.36461,-49.216,3.542,25.2847,-34.3245,7.25077,-101.889223,18.6676,-51.8711,-7.86524,26.0779,14.7445,15.0696,13.0143,-51.8711,3073,-111.8711,Volatile State
3074,11:51:14,76.9787,5.25726,-61.367,5.998,24.6624,-34.789,6.03836,-85.204488,25.0684,-50.7651,-8.28106,27.0274,14.9832,14.8753,13.6686,-50.7651,3074,-110.76509999999999,Volatile State
3075,11:51:15,73.4329,4.37337,-71.553,7.823,24.0943,-35.9255,5.62047,-85.775578,29.0682,-49.8468,-9.88183,28.4536,17.2775,13.9571,15.2499,-49.8468,3075,-109.8468,Volatile State
3076,11:51:16,69.3822,2.19478,-76.23,8.969,21.3011,-36.9775,6.23161,-92.914778,32.5919,-46.46,-9.26236,30.4593,17.7987,13.3695,16.499,-46.46,3076,-106.46000000000001,Volatile State
3077,11:51:17,62.949,-0.065873,-74.709,5.896,19.7466,-38.8134,4.96216,-105.665907,35.088,-44.7621,-8.5895,32.1622,18.0747,13.5201,18.5943,-44.7621,3077,-104.7621,Volatile State
3078,11:51:18,56.2886,-1.56617,-67.397,5.072,17.142,-41.9816,4.20468,-100.928346,37.1165,-43.455,-6.76219,33.7243,17.9797,13.3994,19.907,-43.455,3078,-103.455,Volatile State
3079,11:51:19,52.5394,-1.27341,-59.232,2.615,14.3879,-43.8715,2.35468,-105.730523,37.2943,-42.1338,-4.38171,33.5069,16.644,13.8667,20.957,-42.1338,3079,-102.13380000000001,Volatile State
3080,11:51:20,48.3989,-2.25943,-55.174,5.611,13.0571,-45.771,3.17993,-118.888504,39.6596,-39.9636,-2.1453,34.4353,15.448,15.3003,21.7207,-39.9636,3080,-99.9636,Volatile State
3081,11:51:21,43.6783,-3.89211,-49.899,3.631,11.0402,-47.611,4.29197,-126.101033,38.1385,-37.3853,-1.22023,35.5044,14.0108,16.7901,21.7203,-37.3853,3081,-97.3853,Volatile State
3082,11:51:22,39.2353,-5.8034,-45.803,5.286,9.12716,-51.1165,4.92049,-133.313561,39.2063,-34.5419,-0.567833,35.0986,12.764,18.4499,22.2804,-34.5419,3082,-94.5419,Volatile State
3083,11:51:23,34.6368,-5.91843,-41.658,6.021,8.80323,-55.3412,4.37957,-140.52609,38.2139,-32.3706,-1.3892,36.1779,11.9726,19.0294,23.2721,-32.3706,3083,-92.3706,Volatile State
3084,11:51:24,28.5816,-7.29922,-33.179,5.399,5.92844,-58.9602,4.62088,-139.738963,37.2347,-29.0463,-2.04811,35.9297,11.3061,21.3694,23.4964,-29.0463,3084,-89.0463,Volatile State
3085,11:51:25,22.9096,-8.43481,-21.625,6.43,5.92029,-61.4428,4.93575,-146.395285,35.4481,-25.3364,-1.94833,36.0125,10.9864,22.7599,22.9306,-25.3364,3085,-85.3364,Volatile State
3086,11:51:26,19.5071,-9.3929,-9.768,5.248,5.91204,-65.1244,3.12139,-160.203246,33.3899,-24.3829,-2.02267,36.9299,10.1444,25.165,22.7407,-24.3829,3086,-84.3829,Volatile State
3087,11:51:27,14.496,-10.054,-0.79,4.547,4.57263,-68.4274,2.77525,-171.603826,32.4085,-23.0881,-1.18595,37.4979,10.1045,27.8599,22.795,-23.0881,3087,-83.0881,Volatile State
3088,11:51:28,9.89679,-10.0381,-0.937,4.797,4.32657,-72.1352,2.24805,-180.792324,30.9222,-23.6467,-0.884848,37.2795,10.3589,30.6386,23.1872,-23.6467,3088,-83.6467,Volatile State
3089,11:51:29,4.53623,-10.7104,-7.146,6.096,4.3622,-76.1907,0.545316,-201.231181,28.8747,-23.5547,-0.801324,36.6556,10.3953,33.6697,25.3367,-23.5547,3089,-83.5547,Volatile State
3090,11:51:30,-0.75292,-11.076,-14.98,1.12,4.86072,-80.1604,0.990359,-221.670038,26.7295,-24.1499,-1.05638,37.0368,10.5416,37.5893,29.2755,-24.1499,3090,-84.1499,Volatile State
3091,11:51:31,-4.85001,-10.9226,-19.04,5.415,4.3511,-83.3268,0.656054,-242.108895,26.2871,-26.247,-3.37434,35.87,11.696,40.4216,32.8271,-26.247,3091,-86.247,Volatile State
3092,11:51:32,-8.21571,-11.6315,-19.181,5.9,4.62562,-85.8896,0.306125,-247.017738,27.0531,-28.6051,-5.07405,34.7132,12.9849,41.7982,35.2326,-28.6051,3092,-88.6051,Volatile State
3093,11:51:33,-11.9042,-12.0414,-16.821,2.053,3.35492,-89.234,0.93331,-228.792564,24.7752,-31.2728,-5.54107,33.1332,14.1667,42.3943,35.1165,-31.2728,3093,-91.2728,Volatile State
3094,11:51:34,-13.032,-12.9338,-14.183,-0.752,2.23498,-93.4328,0.206282,-194.621018,22.345,-33.2215,-3.76507,31.7409,14.685,42.9761,34.8564,-33.2215,3094,-93.22149999999999,Volatile State
3095,11:51:35,-14.8402,-13.3319,-11.4,0.764,4.15603,-97.8944,-1.02296,-163.796836,17.0884,-35.8809,-1.87608,30.6808,14.8741,43.0114,35.2231,-35.8809,3095,-95.8809,Volatile State
3096,11:51:36,-18.1596,-13.3698,-9.147,1.366,4.14951,-100.865,-0.867505,-122.175748,13.6121,-39.6119,-0.500464,29.5756,14.9386,43.2143,37.6598,-39.6119,3096,-99.61189999999999,Volatile State
3097,11:51:37,-21.987,-13.3238,-5.856,-0.329,3.76963,-104.684,-0.559609,-91.143013,7.20853,-41.8137,-1.90552,28.6959,15.6253,41.5349,39.9903,-41.8137,3097,-101.8137,Volatile State
3098,11:51:38,-25.511,-13.3184,-1.8,1.398,1.41272,-107.867,-2.06794,-82.53036,2.98592,-43.3139,-3.03987,27.87,15.411,40.5353,40.035,-43.3139,3098,-103.31389999999999,Volatile State
3099,11:51:39,-27.5948,-14.8762,-1.084,0.868,-0.129359,-108.8,1.70038,-72.905073,0.256596,-43.8835,-3.67766,27.0936,14.5291,39.6237,38.9966,-43.8835,3099,-103.8835,Volatile State
3100,11:51:40,-28.7635,-15.3538,-6.206,-0.174,2.53527,-110.458,4.47408,-70.206846,2.09378,-44.7032,-4.81123,27.3618,15.1241,37.7941,38.2414,-44.7032,3100,-104.70320000000001,Volatile State
3101,11:51:41,-31.7717,-15.3038,-12.126,-1.823,2.58971,-110.654,4.80259,-73.088588,6.00872,-44.0346,-5.85898,26.4627,16.8212,34.7335,38.2546,-44.0346,3101,-104.0346,Volatile State
3102,11:51:42,-35.0378,-15.2294,-18.86,-1.083,0.555958,-111.271,4.14968,-80.494343,9.61885,-43.3144,-6.49881,27.0438,15.8714,33.2074,38.2571,-43.3144,3102,-103.3144,Volatile State
3103,11:51:43,-37.8914,-14.1418,-23.449,-0.006,2.33037,-110.966,3.38863,-87.900097,12.3125,-41.6644,-7.39224,27.6875,15.8458,31.6276,39.7445,-41.6644,3103,-101.6644,Volatile State
3104,11:51:44,-41.7013,-13.838,-23.414,-1.891,4.99023,-112.314,2.34654,-95.305852,13.3987,-40.1337,-8.6794,27.6091,15.4414,30.5176,40.6069,-40.1337,3104,-100.1337,Volatile State
3105,11:51:45,-44.769,-13.7589,-19.981,-2.664,6.74077,-118.806,2.13274,-79.946849,16.1049,-38.8357,-11.3078,29.1094,15.9225,29.8515,40.563,-38.8357,3105,-98.8357,Volatile State
3106,11:51:46,-47.4601,-14.213,-14.689,4.249,7.44176,-124.741,1.68884,-86.805109,22.013,-36.6546,-12.1034,30.9838,15.2985,29.5133,38.682,-36.6546,3106,-96.6546,Volatile State
3107,11:51:47,-50.6406,-13.7773,-7.373,2.285,9.67583,-128.285,2.39607,-93.66337,27.1067,-34.3474,-12.0973,31.1708,16.2855,30.0468,37.3124,-34.3474,3107,-94.3474,Volatile State
3108,11:51:48,-54.707,-14.5014,0.743,-1.03,10.9132,-132.301,-0.374299,-100.52163,33.0543,-32.0044,-11.623,32.9213,18.113,31.6021,36.7852,-32.0044,3108,-92.0044,Volatile State
3109,11:51:49,-58.9391,-15.1759,11.898,0.191,9.04952,-133.266,-0.035573,-107.379891,37.0745,-28.6621,-11.0676,34.1506,20.216,32.995,36.3056,-28.6621,3109,-88.6621,Volatile State
3110,11:51:50,-64.3128,-16.2975,24.979,-0.189,9.20549,-133.717,-0.451536,-96.48042,38.4637,-25.9585,-12.1366,35.3323,21.1618,34.5575,36.0783,-25.9585,3110,-85.9585,Volatile State
3111,11:51:51,-67.1489,-16.6057,37.559,-2.365,8.13422,-132.423,-3.76961,-119.872252,36.2305,-23.1315,-14.2416,36.0777,21.1428,36.1491,34.2618,-23.1315,3111,-83.1315,Volatile State
3112,11:51:52,-69.3139,-16.0117,48.079,-0.528,12.0219,-130.057,-4.70503,-143.264084,33.92,-21.5382,-15.8552,36.5409,21.5906,37.3011,31.3885,-21.5382,3112,-81.5382,Volatile State
3113,11:51:53,-73.8524,-15.8482,55.256,3.047,12.4202,-128.11,-6.03895,-149.38803,29.4924,-20.7467,-16.0992,36.4329,22.5446,36.9361,29.5817,-20.7467,3113,-80.7467,Volatile State
3114,11:51:54,-77.6636,-15.1223,58.57,5.576,13.3659,-124.585,-8.16127,-148.507975,24.4917,-21.8537,-16.6967,37.0252,22.6671,36.0824,28.696,-21.8537,3114,-81.8537,Volatile State
3115,11:51:55,-80.8148,-14.4972,62.299,3.134,13.4882,-118.559,-8.0038,-145.941022,18.1341,-24.1931,-16.4846,37.5438,22.8363,34.5221,28.8941,-24.1931,3115,-84.1931,Volatile State
3116,11:51:56,-83.7602,-14.6534,62.279,0.938,14.6898,-113.13,-7.68173,-142.682044,14.6157,-25.8274,-15.3721,36.7656,23.1968,32.5051,30.4551,-25.8274,3116,-85.8274,Volatile State
3117,11:51:57,-87.0632,-13.7358,63.136,-0.897,14.492,-109.037,-7.13703,-141.057995,10.731,-28.3713,-15.306,35.2559,21.6925,30.6589,31.8943,-28.3713,3117,-88.3713,Volatile State
3118,11:51:58,-85.8361,-13.1039,67.348,-1.778,14.946,-104.868,-5.40556,-144.701047,8.10853,-32.3075,-15.3501,34.2477,18.4014,31.0019,32.1548,-32.3075,3118,-92.3075,Volatile State
3119,11:51:59,-86.0223,-12.8277,73.918,-4.37,18.4965,-103.671,-5.2864,-154.347926,4.53072,-36.4598,-15.5484,35.0169,16.2713,30.5489,30.18,-36.4598,3119,-96.4598,Volatile State
3120,11:52:00,-86.4735,-13.1377,83.783,-2.339,17.7112,-101.891,-6.35385,-162.415027,1.28388,-39.3952,-15.9994,34.3563,16.924,29.4597,29.8175,-39.3952,3120,-99.3952,Volatile State
3121,11:52:01,-85.4551,-12.0251,94.876,-3.657,17.4582,-101.017,-7.672,-176.769864,-1.03031,-43.0863,-15.3957,32.5389,16.9082,28.4631,31.0132,-43.0863,3121,-103.0863,Volatile State
3122,11:52:02,-84.1351,-11.2933,102.794,-5.049,17.9333,-97.2238,-7.93892,-174.424861,-3.15405,-47.0993,-14.6621,30.7152,15.8693,30.034,33.746,-47.0993,3122,-107.0993,Volatile State
3123,11:52:03,-83.6761,-11.5504,107.781,-7.986,18.3175,-94.4166,-8.79639,-157.194007,-6.71567,-51.0318,-12.3795,30.1388,13.3453,30.3821,35.0455,-51.0318,3123,-111.0318,Volatile State
3124,11:52:04,-85.4739,-11.2929,102.854,-7.381,19.5108,-90.7849,-8.09882,-130.019008,-8.4887,-55.0571,-10.7743,30.0269,11.1613,31.0142,36.2715,-55.0571,3124,-115.05709999999999,Volatile State
3125,11:52:05,-87.0751,-7.8486,95.034,-10.581,19.6449,-86.2463,-7.8675,-116.870206,-10.8123,-60.0598,-9.1948,28.5134,11.2229,32.5646,34.3727,-60.0598,3125,-120.0598,Volatile State
3126,11:52:06,-88.546,-4.6527,88.657,-14.765,20.3699,-79.8003,-9.22654,-103.758051,-11.6419,-63.6785,-8.69216,26.1601,11.5105,34.4194,34.4572,-63.6785,3126,-123.6785,Volatile State
3127,11:52:07,-89.897,-3.81065,84.351,-11.558,23.2698,-74.3309,-7.10813,-104.195593,-13.1,-66.4203,-7.85402,24.6381,12.5834,35.5959,35.4034,-66.4203,3127,-126.4203,Volatile State
3128,11:52:08,-88.5725,-2.14826,82.729,-11.436,23.4964,-67.2499,-3.20441,-116.287384,-14.4899,-67.6948,-6.50137,24.3459,12.7289,35.7477,36.5451,-67.6948,3128,-127.6948,Volatile State
3129,11:52:09,-86.9614,-0.349043,80.613,-11.019,24.0254,-60.684,-3.39335,-125.684713,-16.6765,-68.8784,-3.73989,25.502,10.6702,35.9608,37.01,-68.8784,3129,-128.8784,Volatile State
3130,11:52:10,-86.9197,2.03443,76.106,-10.713,24.6532,-55.1744,-4.66878,-128.914638,-19.1485,-70.653,-1.4267,25.9411,9.48296,35.9176,38.2798,-70.653,3130,-130.65300000000002,Volatile State
3131,11:52:11,-88.0874,5.21461,68.537,-10.058,22.4717,-48.8764,-5.65379,-132.411254,-21.8443,-71.1152,1.25622,27.4288,9.12946,36.2008,38.3026,-71.1152,3131,-131.11520000000002,Volatile State
3132,11:52:12,-88.177,8.80113,60.224,-10.779,22.6847,-42.189,-5.19461,-139.191246,-21.5667,-69.4728,4.13311,26.7368,10.3372,36.5872,36.7708,-69.4728,3132,-129.4728,Volatile State
3133,11:52:13,-88.6392,10.9427,57.001,-11.955,21.9026,-36.1223,-3.15086,-147.012991,-22.7462,-66.8586,4.45183,26.075,12.9611,35.8546,36.1281,-66.8586,3133,-126.8586,Volatile State
3134,11:52:14,-89.4387,12.1552,59.579,-12.91,20.5075,-31.1234,-1.13095,-154.157265,-23.0275,-63.4659,4.42174,25.9218,15.1577,34.3279,35.8458,-63.4659,3134,-123.4659,Volatile State
3135,11:52:15,-87.9357,14.8688,67.695,-9.048,19.2493,-26.8688,-0.861518,-162.309701,-23.6947,-60.1384,3.71595,25.452,15.3835,32.0316,36.608,-60.1384,3135,-120.13839999999999,Volatile State
3136,11:52:16,-86.8968,17.2169,77.622,-10.099,16.8616,-24.5301,0.182556,-160.866224,-24.2824,-58.3588,4.07638,24.9756,15.4137,30.1025,34.9555,-58.3588,3136,-118.3588,Volatile State
3137,11:52:17,-83.2814,17.5082,89.63,-10.776,16.9863,-22.5723,1.36699,-156.036596,-23.9101,-57.3475,4.46569,24.5176,16.0658,29.0217,32.9073,-57.3475,3137,-117.3475,Volatile State
3138,11:52:18,-81.2146,16.5351,97.408,-6.745,16.2659,-21.8327,0.699205,-151.206967,-22.8701,-57.6543,5.05724,23.4334,18.6807,28.7207,31.0885,-57.6543,3138,-117.6543,Volatile State
3139,11:52:19,-79.5022,14.8578,101.591,-1.901,13.7353,-23.5931,1.53191,-146.377339,-22.3635,-57.3699,5.40993,22.3767,19.6332,29.4689,29.9422,-57.3699,3139,-117.3699,Volatile State
3140,11:52:20,-77.9795,12.3334,103.481,-4.479,13.9262,-27.3286,0.450005,-144.844275,-20.6283,-56.8283,4.46693,22.1896,21.2662,28.6269,32.3692,-56.8283,3140,-116.8283,Volatile State
3141,11:52:21,-76.8854,10.7144,106.965,-5.648,11.8733,-30.6094,1.02771,-127.13644,-22.2044,-57.1518,2.4241,22.5698,21.3605,26.8911,33.9989,-57.1518,3141,-117.15180000000001,Volatile State
3142,11:52:22,-75.9147,9.17416,113.863,-2.341,9.51445,-34.273,2.20357,-114.559037,-21.7388,-59.3995,1.21367,22.1145,20.9372,25.6887,33.8734,-59.3995,3142,-119.3995,Volatile State
3143,11:52:23,-72.8582,7.75002,121.974,4.181,8.16308,-38.7685,2.12019,-119.480365,-23.3713,-60.7986,-0.086791,21.6622,19.8592,25.8902,32.2836,-60.7986,3143,-120.7986,Volatile State
3144,11:52:24,-68.2671,6.21886,126.834,0.489,5.08086,-41.6525,1.4957,-115.862922,-23.8156,-60.9127,-0.775062,21.6848,20.6064,26.9397,32.4495,-60.9127,3144,-120.9127,Volatile State
3145,11:52:25,-63.6322,5.8886,125.455,0.404,6.35947,-42.7305,1.7493,-108.385619,-24.4967,-59.2605,-0.305636,21.0128,19.7893,28.0908,33.7617,-59.2605,3145,-119.26050000000001,Volatile State
3146,11:52:26,-59.1847,6.73283,116.987,2.033,4.78947,-43.3057,1.93871,-115.98931,-24.1525,-57.5033,-1.26318,19.6165,18.5278,29.2208,35.8321,-57.5033,3146,-117.5033,Volatile State
3147,11:52:27,-57.6312,7.76335,106.848,4.551,2.02024,-46.5553,2.31145,-116.320539,-25.1454,-55.9261,-1.42439,18.3002,16.89,29.1695,36.6034,-55.9261,3147,-115.92609999999999,Volatile State
3148,11:52:28,-57.5646,8.90927,94.974,6.45,3.37841,-49.7605,3.94403,-122.717368,-25.5986,-54.7434,-1.25195,17.1052,15.2524,28.5112,35.1616,-54.7434,3148,-114.74340000000001,Volatile State
3149,11:52:29,-56.853,9.27004,85.24,7.713,2.49,-50.7942,2.52372,-128.749445,-25.7344,-53.251,0.11695,14.5336,14.2253,27.4813,33.8422,-53.251,3149,-113.251,Volatile State
3150,11:52:30,-55.7249,9.45233,76.958,8.847,2.71109,-48.3557,4.13004,-142.199245,-26.3371,-50.4819,0.906016,13.0219,14.6347,27.3898,33.0764,-50.4819,3150,-110.4819,Volatile State
3151,11:52:31,-55.0742,10.0209,67.351,8.108,2.13772,-46.3723,4.16012,-156.745727,-26.6547,-48.9738,2.18669,12.5292,15.7305,26.491,32.6577,-48.9738,3151,-108.9738,Volatile State
3152,11:52:32,-55.052,10.8435,59.831,9.566,1.75345,-45.7201,2.80192,-180.527395,-25.9745,-48.5156,3.38568,12.3727,15.4993,27.3794,33.3611,-48.5156,3152,-108.5156,Volatile State
3153,11:52:33,-54.9481,11.2253,57.514,6.048,1.95791,-44.0196,2.94693,-195.759372,-26.3119,-48.8622,4.44839,12.6419,14.8586,27.3921,31.1476,-48.8622,3153,-108.8622,Volatile State
3154,11:52:34,-53.3752,11.976,55.337,3.605,1.19226,-43.342,2.39379,-190.325128,-23.5594,-48.5085,5.49722,13.1455,14.6936,26.5076,29.309,-48.5085,3154,-108.5085,Volatile State
3155,11:52:35,-49.1844,13.2919,54.06,9.563,0.051249,-42.9344,5.44433,-177.00198,-21.3368,-47.6421,6.59742,13.013,14.8653,26.1926,28.2854,-47.6421,3155,-107.6421,Volatile State
3156,11:52:36,-43.9999,15.4304,54.432,13.985,-0.210989,-43.5388,9.06593,-170.275596,-18.3888,-44.5763,6.88805,14.4744,15.0872,26.5444,28.2087,-44.5763,3156,-104.5763,Volatile State
3157,11:52:37,-38.7829,17.3785,57.884,9.179,1.41487,-45.126,10.6376,-155.778272,-16.334,-40.4077,6.58509,17.0408,16.3786,26.3396,29.1241,-40.4077,3157,-100.4077,Volatile State
3158,11:52:38,-32.9156,17.8794,60.99,3.069,0.48118,-45.4875,11.7399,-148.570222,-15.3105,-36.6412,6.94236,18.5578,17.1584,25.8164,29.6745,-36.6412,3158,-96.6412,Volatile State
3159,11:52:39,-26.8433,17.7987,62.893,4.241,1.04274,-46.5307,10.6458,-145.033129,-14.2646,-32.4974,8.39898,20.9124,17.8581,25.4514,29.9775,-32.4974,3159,-92.4974,Volatile State
3160,11:52:40,-23.4375,17.3863,65.548,7.637,1.60339,-48.4147,11.959,-148.293136,-14.705,-28.087,8.39551,23.9633,19.4636,25.8192,28.8281,-28.087,3160,-88.087,Volatile State
3161,11:52:41,-20.3463,17.6869,67.211,3.123,2.06895,-50.7831,13.9804,-151.553144,-15.8235,-24.7138,7.75003,24.8638,20.7591,26.3904,26.9442,-24.7138,3161,-84.71379999999999,Volatile State
3162,11:52:42,-17.4304,17.6033,67.942,1.271,2.69872,-52.6867,14.0801,-154.813151,-16.1926,-20.2221,7.02384,25.0292,22.7582,27.531,26.6245,-20.2221,3162,-80.2221,Volatile State
3163,11:52:43,-14.4298,18.4909,67.899,2.053,3.01923,-57.1567,13.9104,-144.785931,-15.5578,-15.6494,7.41489,26.2828,25.2317,29.3198,28.4227,-15.6494,3163,-75.6494,Volatile State
3164,11:52:44,-11.3119,18.3223,66.261,2.544,2.82291,-59.0455,14.5321,-140.070606,-16.3363,-12.6587,7.44991,28.3067,25.0478,31.3145,31.0263,-12.6587,3164,-72.6587,Volatile State
3165,11:52:45,-7.06045,17.5604,60.719,-0.548,2.41271,-60.3474,14.9712,-145.01181,-16.8624,-11.0634,7.01171,29.3203,23.3312,31.1874,31.8879,-11.0634,3165,-71.0634,Volatile State
3166,11:52:46,-4.96917,18.1805,53.328,-4.362,2.52698,-60.3025,15.2136,-154.314337,-17.1335,-12.7866,6.13821,29.3857,21.9412,29.6807,32.3953,-12.7866,3166,-72.78659999999999,Volatile State
3167,11:52:47,-3.62588,18.6361,48.959,-5.894,3.91672,-60.3655,15.0994,-152.528857,-16.2116,-15.1821,5.6813,30.2836,24.0208,29.2583,32.2983,-15.1821,3167,-75.1821,Volatile State
3168,11:52:48,-1.09104,18.8045,46.762,-6.378,5.11483,-60.2655,13.6997,-144.642204,-14.4481,-17.7402,5.00512,31.6471,24.8316,28.8589,32.246,-17.7402,3168,-77.7402,Volatile State
3169,11:52:49,1.4424,18.3921,46.128,-9.621,5.80662,-59.6968,14.0498,-130.018432,-11.3667,-21.0684,4.57418,32.5971,25.4981,28.1275,33.1904,-21.0684,3169,-81.0684,Volatile State
3170,11:52:50,0.60497,16.5974,43.765,-7.828,5.62844,-55.9102,14.1775,-118.257941,-7.55313,-23.7486,4.65344,31.8902,27.3547,27.8807,34.2022,-23.7486,3170,-83.7486,Volatile State
3171,11:52:51,1.17713,16.01,40.155,-6.999,6.30298,-52.3226,15.4173,-112.586145,-3.80903,-26.5962,4.29648,30.1595,28.2303,26.6906,32.0378,-26.5962,3171,-86.5962,Volatile State
3172,11:52:52,1.68871,16.3457,32.969,-12.569,7.33854,-50.941,13.2992,-112.795822,-2.50766,-29.1814,3.50577,29.7757,27.4603,25.4047,30.1095,-29.1814,3172,-89.1814,Volatile State
3173,11:52:53,4.51153,16.1203,23.853,-14.71,8.04411,-50.1271,10.4084,-115.970814,-0.633743,-28.494,2.59032,29.2899,26.9994,23.6204,29.5734,-28.494,3173,-88.494,Volatile State
3174,11:52:54,6.32074,14.9539,16.335,-11.902,7.65798,-51.6032,9.79679,-130.837902,0.895047,-26.7325,2.59217,27.6648,27.2112,22.1566,29.1318,-26.7325,3174,-86.7325,Volatile State
3175,11:52:55,6.41661,14.5076,8.381,-10.082,9.39367,-52.8963,9.736,-129.779398,1.7993,-23.8329,1.90331,26.8775,27.3923,21.5354,29.2953,-23.8329,3175,-83.8329,Volatile State
3176,11:52:56,5.60622,13.7976,1.477,-13.107,10.1969,-51.8715,10.0359,-113.219046,3.21691,-20.4505,0.843673,26.2924,26.5018,21.737,29.2028,-20.4505,3176,-80.4505,Volatile State
3177,11:52:57,4.1967,13.8135,-5.188,-17.238,11.0377,-50.2645,8.3817,-86.128774,4.33666,-17.3914,1.75331,28.1023,25.1376,22.3886,28.3948,-17.3914,3177,-77.3914,Volatile State
3178,11:52:58,3.05469,14.9335,-17.22,-13.308,11.2852,-48.76,6.3024,-72.733422,8.51901,-13.9289,1.45015,29.5167,24.2784,22.1653,26.819,-13.9289,3178,-73.9289,Volatile State
3179,11:52:59,1.15149,15.3777,-34.803,-9.679,11.9846,-48.7675,6.56195,-70.72384,11.6529,-10.9901,1.03594,30.62,24.2218,22.4246,26.5629,-10.9901,3179,-70.9901,Volatile State
3180,11:53:00,0.002773,15.1445,-51.576,-13.532,11.366,-47.379,4.81473,-68.126733,15.4452,-8.21361,-0.292063,30.5629,23.3336,23.1918,26.8019,-8.21361,3180,-68.21361,Volatile State
3181,11:53:01,-1.38227,15.2277,-60.658,-16.963,11.0998,-45.8955,3.99714,-76.688164,17.2496,-6.10956,-2.33963,29.5879,22.1239,24.3538,26.9045,-6.10956,3181,-66.10956,Volatile State
3182,11:53:02,-2.55138,16.1124,-56.496,-14.083,11.9373,-45.3587,3.32371,-85.249595,19.61,-5.07236,-2.7219,29.8762,20.7678,25.415,26.6946,-5.07236,3182,-65.07236,Volatile State
3183,11:53:03,-3.86599,16.9682,-47.322,-13.587,10.6199,-45.0021,2.56571,-93.811026,18.6935,-5.89342,-3.19382,30.8418,19.6555,25.9798,26.1196,-5.89342,3183,-65.89342,Volatile State
3184,11:53:04,-6.24007,16.9487,-39.8,-12.664,9.56618,-46.3216,1.55565,-109.574893,18.9381,-9.22213,-3.16058,32.4818,19.4014,26.8253,25.3749,-9.22213,3184,-69.22212999999999,Volatile State
3185,11:53:05,-9.50107,16.895,-37.13,-14.789,8.14417,-48.7717,0.261547,-107.899928,18.9011,-12.5236,-2.24699,33.2278,19.1572,26.7784,24.2761,-12.5236,3185,-72.5236,Volatile State
3186,11:53:06,-11.5696,16.2493,-37.959,-17.977,6.62965,-49.7037,-0.656108,-106.653423,18.5972,-15.4053,-1.11458,32.6153,19.3712,26.2871,22.8644,-15.4053,3186,-75.4053,Volatile State
3187,11:53:07,-13.1619,15.3211,-46.663,-13.644,3.91501,-50.6767,-1.16225,-104.257802,18.2831,-19.4061,0.133301,32.3233,20.7922,26.0261,22.691,-19.4061,3187,-79.4061,Volatile State
3188,11:53:08,-16.1719,14.8017,-53.815,-10.627,1.31607,-51.325,-1.7787,-107.021666,17.9223,-22.2453,-0.124974,31.7656,22.5962,27.0525,21.8452,-22.2453,3188,-82.2453,Volatile State
3189,11:53:09,-19.6222,14.981,-57.188,-11.494,-0.902106,-51.7006,-2.21781,-109.78553,16.5995,-24.7398,-0.146439,31.1422,24.7617,28.0202,21.1047,-24.7398,3189,-84.7398,Volatile State
3190,11:53:10,-23.6031,14.8352,-59.559,-14.671,-1.24666,-52.8838,-1.84082,-112.549394,14.0359,-26.2058,-0.296785,28.7477,24.3799,28.4912,19.0425,-26.2058,3190,-86.2058,Volatile State
3191,11:53:11,-25.1496,14.8196,-58.7,-14.772,-3.91938,-53.2354,-2.42295,-119.638763,11.0346,-27.6662,0.657988,27.3291,25.7882,29.877,17.6524,-27.6662,3191,-87.6662,Volatile State
3192,11:53:12,-27.3379,14.8222,-55.473,-10.812,-4.6174,-55.0241,-1.89958,-127.934417,8.57421,-28.5321,2.48162,28.0526,25.6665,32.2181,16.7413,-28.5321,3192,-88.5321,Volatile State
3193,11:53:13,-30.119,14.1532,-52.2,-8.252,-5.52118,-56.6518,-1.92358,-130.343945,5.66826,-29.9712,1.59289,30.0768,26.65,34.2712,17.0715,-29.9712,3193,-89.9712,Volatile State
3194,11:53:14,-33.6513,13.4601,-51.147,-13.483,-5.82937,-57.6271,-2.6055,-131.902701,2.52916,-32.3848,0.318703,31.4036,27.0997,36.2892,19.2095,-32.3848,3194,-92.3848,Volatile State
3195,11:53:15,-37.6248,12.7351,-46.449,-11.183,-7.52652,-57.1858,-3.67513,-135.14545,-0.720985,-34.9557,-1.51209,32.304,28.062,37.0063,20.5943,-34.9557,3195,-94.95570000000001,Volatile State
3196,11:53:16,-41.0754,12.0574,-42.029,-7.689,-8.03437,-58.3938,-2.72928,-134.93482,-5.44499,-34.5308,-5.02234,32.5926,28.7115,37.443,19.6307,-34.5308,3196,-94.5308,Volatile State
3197,11:53:17,-44.8463,11.8947,-40.083,-7.016,-8.44225,-59.1238,-0.98173,-121.045404,-9.99435,-31.2212,-7.82059,33.023,28.3155,37.9223,18.7117,-31.2212,3197,-91.2212,Volatile State
3198,11:53:18,-49.9985,11.0005,-42.863,-8.031,-9.4261,-60.7389,1.69752,-108.117199,-15.2548,-27.4021,-9.45799,31.437,26.3459,39.1393,17.4911,-27.4021,3198,-87.4021,Volatile State
3199,11:53:19,-53.2443,10.6118,-51.016,-9.841,-11.7885,-62.4789,1.85761,-113.67777,-21.361,-26.2898,-8.34408,28.7042,23.3837,40.5149,18.204,-26.2898,3199,-86.2898,Volatile State
3200,11:53:20,-57.9826,11.3785,-61.366,-7.492,-12.3193,-63.2525,1.2034,-124.343456,-26.5849,-25.7331,-8.32529,26.5297,21.3974,41.8016,20.6626,-25.7331,3200,-85.73310000000001,Volatile State
3201,11:53:21,-62.0377,12.4986,-71.392,-5.369,-12.9227,-63.0436,0.90141,-150.529356,-30.2879,-26.0839,-8.54431,27.8072,19.4763,41.1957,21.8612,-26.0839,3201,-86.0839,Volatile State
3202,11:53:22,-66.4729,13.7967,-77.475,-4.679,-11.4698,-63.9226,0.029834,-161.052754,-33.5103,-26.9252,-10.3443,30.1906,20.3767,39.5956,20.793,-26.9252,3202,-86.9252,Volatile State
3203,11:53:23,-71.2571,15.17,-81.988,-2.566,-12.3209,-64.3485,0.62669,-171.828474,-37.04,-27.6574,-13.0078,31.3367,17.9539,37.0392,19.9104,-27.6574,3203,-87.6574,Volatile State
3204,11:53:24,-74.8666,17.2931,-80.43,-1.933,-11.168,-65.5812,3.09266,-172.330968,-38.4661,-27.6146,-14.5425,31.4448,17.5379,35.1168,19.7447,-27.6146,3204,-87.6146,Volatile State
3205,11:53:25,-78.5576,18.5242,-79.58,-0.557,-9.84793,-66.6967,2.24465,-166.165816,-39.1804,-27.5437,-14.8811,31.4219,16.4306,34.6363,20.2926,-27.5437,3205,-87.5437,Volatile State
3206,11:53:26,-80.6242,17.6827,-82.193,2.479,-6.98163,-69.4934,2.15713,-153.08106,-38.7643,-26.2459,-14.0916,31.816,17.1067,35.1963,21.312,-26.2459,3206,-86.2459,Volatile State
3207,11:53:27,-82.0685,16.3153,-84.984,4.084,-5.90465,-72.6266,2.18922,-144.897438,-39.2367,-25.3118,-13.7631,32.8346,17.9849,35.0224,22.7929,-25.3118,3207,-85.3118,Volatile State
3208,11:53:28,-83.9042,15.3281,-88.531,7.673,-3.44907,-76.8924,1.0319,-146.547478,-37.6986,-24.5975,-13.0206,33.6038,18.9292,34.556,21.6661,-24.5975,3208,-84.5975,Volatile State
3209,11:53:29,-85.425,14.576,-92.191,10.481,-1.3411,-80.542,1.37129,-146.128072,-36.695,-27.0582,-13.2043,35.1381,19.5441,33.0291,19.0916,-27.0582,3209,-87.0582,Volatile State
3210,11:53:30,-86.858,14.3564,-97.293,12.405,2.48968,-83.0797,2.07527,-138.729725,-34.6887,-27.9994,-13.6076,36.9195,18.7774,31.1215,17.4374,-27.9994,3210,-87.99940000000001,Volatile State
3211,11:53:31,-88.7253,13.71,-105.03,10.896,3.57264,-85.5642,2.69627,-142.371653,-32.5476,-29.8618,-14.3858,38.1467,18.8083,30.1134,18.2518,-29.8618,3211,-89.8618,Volatile State
3212,11:53:32,-89.8687,13.6196,-115.183,11.284,4.63961,-90.5588,5.31078,-150.874399,-30.9343,-31.7542,-15.8413,37.9488,19.973,30.212,20.0459,-31.7542,3212,-91.7542,Volatile State
3213,11:53:33,-91.6091,14.568,-124.567,12.99,5.17994,-96.0564,6.2725,-163.770484,-26.8342,-32.2749,-16.3233,36.7343,22.1949,31.3874,21.1698,-32.2749,3213,-92.2749,Volatile State
3214,11:53:34,-92.9029,16.2941,-128.862,13.457,6.89349,-100.322,7.28582,-183.847229,-25.8904,-33.969,-14.9739,36.5437,22.1611,32.0192,21.2216,-33.969,3214,-93.969,Volatile State
3215,11:53:35,-94.8328,17.5911,-129.535,10.698,6.48545,-102.537,6.25125,-196.509726,-21.4992,-33.3952,-13.8269,37.2419,21.354,33.1576,20.6133,-33.3952,3215,-93.3952,Volatile State
3216,11:53:36,-97.6623,17.5265,-133.759,10.504,5.58569,-103.878,6.93713,-193.168109,-17.6327,-32.8264,-11.7691,38.0377,19.8215,32.7073,20.3602,-32.8264,3216,-92.8264,Volatile State
3217,11:53:37,-101.302,17.0307,-141.125,12.165,6.62712,-102.727,5.08463,-183.314682,-13.2307,-31.6218,-10.922,39.1364,18.9954,31.4872,22.5562,-31.6218,3217,-91.62180000000001,Volatile State
3218,11:53:38,-103.562,15.8205,-149.944,9.059,7.31578,-101.473,2.38277,-171.185027,-8.20155,-30.8127,-8.85572,39.4713,18.2631,30.5526,25.3163,-30.8127,3218,-90.8127,Volatile State
3219,11:53:39,-104.265,15.0576,-159.553,4.364,8.64559,-100.312,1.17102,-154.854179,-5.3502,-32.3118,-8.95826,39.6124,18.3919,31.2636,26.4915,-32.3118,3219,-92.3118,Volatile State
3220,11:53:40,-103.593,14.7599,-167.028,3.098,9.71854,-98.8375,0.492405,-140.064344,-2.43029,-34.202,-8.97958,36.989,19.9654,34.0192,26.9122,-34.202,3220,-94.202,Volatile State
3221,11:53:41,-102.37,15.2782,-168.379,4.578,9.5512,-96.3975,0.92337,-136.936542,-0.302898,-35.8645,-7.62863,34.5724,21.0512,35.5795,26.9095,-35.8645,3221,-95.86449999999999,Volatile State
3222,11:53:42,-101.467,16.0471,-163.96,4.291,10.5406,-94.4331,0.169523,-131.074322,1.04185,-36.5071,-6.41492,34.4254,22.2765,36.6688,26.2889,-36.5071,3222,-96.50710000000001,Volatile State
3223,11:53:43,-99.1262,16.0802,-157.35,0.564,11.3491,-93.0795,-1.34478,-115.837823,3.09809,-35.4907,-4.83773,34.4801,21.523,36.4569,26.8252,-35.4907,3223,-95.4907,Volatile State
3224,11:53:44,-97.3779,15.0327,-151.187,-1.62,10.3322,-89.4796,-3.09947,-106.400849,3.64182,-33.6064,-3.25312,34.2083,22.6117,35.7291,26.2847,-33.6064,3224,-93.60640000000001,Volatile State
3225,11:53:45,-95.2352,14.2736,-146.787,-3.105,9.49783,-86.5111,-3.00971,-122.539778,4.2153,-31.6037,-3.30742,32.6505,24.4414,36.6803,24.1722,-31.6037,3225,-91.6037,Volatile State
3226,11:53:46,-94.4993,13.0647,-144.976,-6.323,10.0111,-82.6702,-4.34646,-139.17287,3.04415,-31.75,-5.26519,31.7548,24.7604,37.1826,21.7422,-31.75,3226,-91.75,Volatile State
3227,11:53:47,-93.2575,11.2581,-145.761,-10.611,7.49625,-79.51,-5.20364,-159.39686,2.28822,-32.203,-5.85056,29.7075,24.7167,37.4225,19.7361,-32.203,3227,-92.203,Volatile State
3228,11:53:48,-92.8596,10.1772,-149.968,-12.664,7.32047,-75.4964,-4.45036,-169.114659,2.97115,-32.6533,-5.43909,28.6745,24.5703,38.9224,19.3004,-32.6533,3228,-92.6533,Volatile State
3229,11:53:49,-88.5557,9.10276,-153.659,-14.215,5.99492,-70.8208,-3.18563,-159.329283,2.05665,-33.4284,-5.64413,27.1559,23.8714,39.6374,17.9418,-33.4284,3229,-93.42840000000001,Volatile State
3230,11:53:50,-84.5128,8.2845,-155.787,-14.885,5.93829,-68.0988,-4.27156,-141.118421,6.62936,-32.3904,-5.93064,26.4699,21.6556,40.4148,17.4771,-32.3904,3230,-92.3904,Volatile State
3231,11:53:51,-76.7074,8.11575,-156.365,-17.211,3.93721,-67.3909,-5.51947,-127.642502,8.07173,-30.2012,-5.48461,26.8057,20.6228,40.7614,15.1847,-30.2012,3231,-90.2012,Volatile State
3232,11:53:52,-70.7863,9.32429,-156.335,-20.44,3.99374,-67.1603,-6.19133,-119.724938,11.3753,-29.0734,-4.97836,25.5035,19.8185,41.6514,14.335,-29.0734,3232,-89.07339999999999,Volatile State
3233,11:53:53,-65.029,10.3212,-155.638,-19.927,4.3429,-66.5624,-5.02616,-108.102845,14.8141,-26.3445,-6.26118,24.6398,17.3178,42.2332,15.3072,-26.3445,3233,-86.3445,Volatile State
3234,11:53:54,-59.356,10.7686,-154.044,-19.999,2.74318,-64.0947,-4.39061,-102.430152,16.5971,-24.1972,-7.37323,24.3063,14.9122,41.867,17.0675,-24.1972,3234,-84.1972,Volatile State
3235,11:53:55,-53.9971,10.7081,-152.864,-21.64,2.66065,-60.7109,-5.50346,-98.819737,21.8337,-20.6986,-7.10255,23.2162,13.2655,40.4819,19.5244,-20.6986,3235,-80.6986,Volatile State
3236,11:53:56,-48.5789,12.1594,-156.302,-22.961,2.97935,-56.7888,-4.18278,-99.858447,24.3829,-17.0006,-6.60759,23.8118,13.0664,40.1442,21.221,-17.0006,3236,-77.00059999999999,Volatile State
3237,11:53:57,-42.7448,13.9542,-164.684,-22.411,2.35428,-53.4404,-3.82167,-114.02138,27.5103,-12.9443,-6.82187,23.7767,14.2367,39.749,21.5419,-12.9443,3237,-72.9443,Volatile State
3238,11:53:58,-37.8029,15.6895,-173.86,-20.502,1.47884,-49.8883,-3.69048,-137.604406,31.1159,-11.4779,-6.7573,23.7232,13.9061,38.7465,21.9361,-11.4779,3238,-71.4779,Volatile State
3239,11:53:59,-35.481,16.7616,-183.701,-21.662,0.589953,-47.5725,-4.10646,-153.364978,32.256,-10.3974,-6.87058,24.8681,12.5331,36.7037,24.0693,-10.3974,3239,-70.3974,Volatile State
3240,11:54:00,-31.4804,16.1995,-190.897,-23.075,1.26686,-45.5315,-4.73906,-174.015146,32.4149,-9.85622,-7.5604,24.1959,12.5078,33.8014,25.8401,-9.85622,3240,-69.85622000000001,Volatile State
3241,11:54:01,-26.8825,15.0803,-193.365,-21.819,1.53067,-43.8149,-5.05207,-198.24885,32.0344,-8.74144,-7.96093,22.7875,13.1252,32.0603,27.3112,-8.74144,3241,-68.74144,Volatile State
3242,11:54:02,-23.4538,14.44,-193.666,-19.541,1.29745,-43.5761,-5.18731,-205.316532,30.6016,-7.12279,-7.9574,21.6884,14.8929,31.2998,28.9687,-7.12279,3242,-67.12279,Volatile State
3243,11:54:03,-18.3898,14.3156,-188.818,-18.011,-0.819252,-42.307,-4.45227,-202.649103,29.1051,-5.60468,-6.90923,21.5515,14.6448,32.1189,29.0285,-5.60468,3243,-65.60468,Volatile State
3244,11:54:04,-14.6883,13.7943,-182.824,-19.224,-1.11387,-40.1832,-2.9067,-182.861443,27.3223,-5.2437,-5.96405,21.0805,14.3941,32.759,27.8405,-5.2437,3244,-65.2437,Volatile State
3245,11:54:05,-9.42123,12.9206,-179.671,-17.467,-1.77294,-38.5995,-3.5109,-169.275196,27.7513,-4.36315,-4.15165,20.5463,13.9172,31.9931,25.1821,-4.36315,3245,-64.36315,Volatile State
3246,11:54:06,-5.4384,12.8899,-180.704,-13.741,-2.9373,-37.0062,-2.85945,-165.114544,28.0619,-4.59372,-3.18776,20.5672,14.8176,31.4218,24.4217,-4.59372,3246,-64.59372,Volatile State
3247,11:54:07,-2.45578,14.3867,-183.963,-14.916,-2.94853,-38.526,-2.66657,-172.617895,25.4545,-6.77908,-3.2981,20.8829,14.894,30.8049,24.3413,-6.77908,3247,-66.77908,Volatile State
3248,11:54:08,-1.55341,15.6438,-188.461,-14.964,-3.13274,-40.1476,-1.60986,-189.116614,22.2483,-7.63789,-2.54513,20.8921,14.7672,31.9417,23.6828,-7.63789,3248,-67.63789,Volatile State
3249,11:54:09,-1.23917,16.3888,-193.333,-13.16,-4.00282,-41.3882,-1.56688,-194.610467,16.9892,-10.5602,-1.98319,19.689,14.9327,34.434,23.4787,-10.5602,3249,-70.5602,Volatile State
3250,11:54:10,-1.81316,15.911,-200.021,-10.739,-4.12518,-41.3663,-1.65172,-186.152097,13.3535,-11.2957,-1.60406,18.0698,16.7163,36.5861,23.022,-11.2957,3250,-71.2957,Volatile State
3251,11:54:11,-0.943766,15.112,-210.929,-13.25,-2.07637,-40.5589,-2.38225,-169.913588,7.36553,-9.03193,0.452443,16.5309,16.6372,36.5678,22.9801,-9.03193,3251,-69.03193,Volatile State
3252,11:54:12,2.4223,14.2272,-218.929,-17.372,0.598886,-40.3375,-3.04551,-165.754762,2.52372,-7.4266,1.0414,16.1256,17.647,35.0801,23.9567,-7.4266,3252,-67.4266,Volatile State
3253,11:54:13,5.30746,13.4147,-225.124,-17.256,1.8882,-41.3894,-1.20356,-166.322198,-0.990156,-5.67956,-1.11817,15.7395,18.5623,33.4437,25.4098,-5.67956,3253,-65.67956,Volatile State
3254,11:54:14,7.28132,11.8227,-228.229,-14.665,4.22629,-42.4741,-0.098815,-167.440597,-3.43725,-5.4845,-1.56478,14.3815,19.3194,33.9419,26.3926,-5.4845,3254,-65.4845,Volatile State
3255,11:54:15,11.4926,10.7646,-229.672,-15.528,6.89307,-44.5109,0.683968,-161.213444,-4.43943,-5.10048,-1.57301,14.0076,19.8787,36.4628,27.3296,-5.10048,3255,-65.10048,Volatile State
3256,11:54:16,14.4112,9.40138,-226.505,-16.417,8.65795,-46.2402,3.05332,-147.83138,-5.14419,-4.53523,-2.37228,13.601,19.7805,38.4469,28.7491,-4.53523,3256,-64.53523,Volatile State
3257,11:54:17,18.4337,8.24478,-219.439,-14.479,13.1376,-46.7648,2.24117,-133.412944,-6.26693,-3.67612,-3.79879,12.9991,19.0012,39.2944,28.7111,-3.67612,3257,-63.67612,Volatile State
3258,11:54:18,22.5546,7.29841,-208.22,-11.885,15.7268,-46.8073,2.37329,-132.379832,-8.34555,-4.37936,-4.2405,12.8856,17.1222,38.5903,30.2541,-4.37936,3258,-64.37936,Volatile State
3259,11:54:19,24.2938,6.72169,-199.67,-11.775,18.5869,-45.14,1.41384,-141.593427,-10.4398,-8.57236,-3.46664,13.2406,16.7188,37.9912,32.2691,-8.57236,3259,-68.57236,Volatile State
3260,11:54:20,25.3401,7.3107,-193.66,-12.478,20.0824,-43.9232,3.04343,-153.95275,-13.0746,-12.8034,-3.62087,14.1914,18.3091,39.1199,34.016,-12.8034,3260,-72.8034,Volatile State
3261,11:54:21,26.2781,8.93145,-189.912,-14.644,23.7433,-43.7121,4.6918,-168.100842,-15.1013,-17.2792,-4.0555,13.9038,18.0898,39.0426,35.6346,-17.2792,3261,-77.2792,Volatile State
3262,11:54:22,26.5756,10.3342,-187.081,-12.95,25.4748,-42.3782,4.82065,-182.858846,-18.2741,-22.2597,-4.32096,13.5801,17.4914,39.8666,35.3886,-22.2597,3262,-82.2597,Volatile State
3263,11:54:23,27.0106,10.7627,-188.063,-11.805,25.9735,-41.7612,4.81959,-197.587882,-20.4891,-25.3822,-4.44785,12.8678,16.8708,41.6956,33.9948,-25.3822,3263,-85.3822,Volatile State
3264,11:54:24,29.2845,11.39,-191.097,-10.71,25.3744,-42.7468,5.58846,-187.294251,-23.332,-26.2804,-4.49966,11.0714,14.9715,40.7835,33.5208,-26.2804,3264,-86.2804,Volatile State
3265,11:54:25,32.2467,13.22,-194.747,-9.031,25.7894,-42.7595,6.17452,-172.055386,-26.38,-26.7029,-3.78552,11.2277,14.0936,38.4548,34.4009,-26.7029,3265,-86.7029,Volatile State
3266,11:54:26,35.6045,15.2667,-197.675,-8.299,26.0728,-43.388,7.40891,-157.066493,-29.0157,-28.1538,-2.19226,11.8794,13.4999,36.2174,35.7605,-28.1538,3266,-88.1538,Volatile State
3267,11:54:27,36.3122,17.4374,-201.145,-3.546,25.4803,-44.2847,6.86773,-134.841696,-32.1772,-30.7073,0.477518,12.2133,13.0022,35.6493,35.7978,-30.7073,3267,-90.7073,Volatile State
3268,11:54:28,37.0539,18.4221,-206.207,0.659,24.0711,-44.2394,7.13025,-121.19141,-35.5052,-33.5324,2.31734,11.8347,12.285,36.4845,34.4791,-33.5324,3268,-93.5324,Volatile State
3269,11:54:29,39.8616,18.9654,-211.422,-0.164,23.0037,-44.906,9.54612,-113.233475,-37.8237,-34.9207,3.0832,12.3016,10.9818,37.167,32.6881,-34.9207,3269,-94.9207,Volatile State
3270,11:54:30,39.603,18.7632,-214.638,-0.334,21.7455,-45.0464,9.31521,-106.36885,-40.4246,-35.0216,3.71831,12.6799,9.32569,37.3957,31.0924,-35.0216,3270,-95.0216,Volatile State
3271,11:54:31,39.789,18.0727,-215.884,0.652,20.0358,-45.394,10.7425,-105.076018,-41.6601,-35.0773,3.35732,11.7152,6.64911,35.5941,29.4841,-35.0773,3271,-95.07730000000001,Volatile State
3272,11:54:32,41.0625,16.6042,-216.279,0.919,17.7316,-46.536,9.72102,-112.131593,-41.7758,-35.3822,4.17283,11.3308,5.15956,34.3506,28.669,-35.3822,3272,-95.3822,Volatile State
3273,11:54:33,41.0198,16.0324,-213.204,0.889,15.3877,-48.8722,7.81824,-126.434184,-43.536,-36.1927,5.14354,10.7548,4.03055,33.5662,26.6573,-36.1927,3273,-96.1927,Volatile State
3274,11:54:34,39.1576,15.7981,-204.869,0.784,13.0753,-50.6669,7.56704,-142.781735,-44.8219,-36.3937,6.13046,11.3064,3.2803,33.8326,25.1352,-36.3937,3274,-96.3937,Volatile State
3275,11:54:35,35.7541,15.1564,-195.607,3.273,11.9991,-52.1861,8.09047,-145.900131,-46.9928,-36.3033,6.46767,13.3955,2.74019,34.3811,23.4497,-36.3033,3275,-96.30330000000001,Volatile State
3276,11:54:36,33.3454,14.7011,-185.593,3.405,10.712,-52.9171,7.61244,-139.043159,-49.2825,-34.3578,6.00828,14.2171,1.52749,35.3389,22.9343,-34.3578,3276,-94.3578,Volatile State
3277,11:54:37,31.9122,13.9425,-177.974,2.766,7.94098,-53.5234,8.90867,-135.324013,-50.1534,-31.7097,6.35517,14.4498,-0.915388,34.2054,23.2498,-31.7097,3277,-91.7097,Volatile State
3278,11:54:38,30.8874,13.5359,-171.366,5.495,7.02157,-53.7479,7.2839,-137.572161,-52.203,-27.6387,5.60684,15.6571,-1.45197,32.6581,23.7576,-27.6387,3278,-87.6387,Volatile State
3279,11:54:39,28.9461,13.765,-168.222,7.382,4.65301,-52.4004,8.81153,-135.752675,-54.4219,-22.8616,5.87941,15.8035,0.449679,31.8191,23.2135,-22.8616,3279,-82.8616,Volatile State
3280,11:54:40,29.1078,13.673,-168.837,6.033,4.27326,-50.7347,10.7807,-140.594483,-56.5631,-19.2065,5.61069,14.8515,2.41684,31.3562,22.3561,-19.2065,3280,-79.2065,Volatile State
3281,11:54:41,29.1885,13.8668,-171.624,3.7,1.94283,-47.1323,12.0837,-159.362625,-59.8761,-15.9284,5.4308,14.4028,2.84324,30.552,21.8208,-15.9284,3281,-75.9284,Volatile State
3282,11:54:42,30.8256,15.0878,-176.438,4.052,1.24494,-42.666,12.5423,-170.640977,-60.4959,-13.5156,7.16608,15.3866,2.80976,29.5034,20.9862,-13.5156,3282,-73.5156,Volatile State
3283,11:54:43,31.8516,15.8221,-183.299,5.53,0.420034,-38.8004,13.4457,-163.964806,-61.9925,-12.0843,7.25092,16.2651,2.95036,28.1139,21.4787,-12.0843,3283,-72.0843,Volatile State
3284,11:54:44,28.7415,16.0825,-192.192,4.877,0.315367,-36.642,12.6081,-152.139321,-61.5321,-12.8514,7.26199,18.4649,4.17329,26.6797,23.1224,-12.8514,3284,-72.8514,Volatile State
3285,11:54:45,26.6451,15.5072,-200.095,2.162,-0.501546,-34.3584,10.51,-133.14543,-59.5032,-13.735,6.23326,19.4386,6.10471,26.0274,24.0293,-13.735,3285,-73.735,Volatile State
3286,11:54:46,25.5374,14.1657,-199.267,3.62,-1.00442,-31.5941,10.2251,-119.48633,-58.2868,-16.7119,6.53886,19.2905,6.71005,25.8852,23.1281,-16.7119,3286,-76.7119,Volatile State
3287,11:54:47,25.4717,12.6879,-190.09,5.697,-1.49253,-29.9665,8.41248,-125.504654,-55.3788,-20.613,7.51919,18.5561,8.51381,26.0496,23.0817,-20.613,3287,-80.613,Volatile State
3288,11:54:48,25.1312,12.2439,-172.806,5.565,0.004405,-30.1252,9.18686,-147.376551,-54.322,-25.0731,7.28017,19.9031,9.32517,25.7958,25.2043,-25.0731,3288,-85.0731,Volatile State
3289,11:54:49,28.2155,12.7298,-155.481,2.894,-0.265529,-30.2428,9.91956,-162.651538,-51.0419,-28.8783,7.29636,21.4294,12.2046,25.4075,27.61,-28.8783,3289,-88.8783,Volatile State
3290,11:54:50,32.7155,12.9155,-140.555,0.488,-0.195403,-29.7987,7.95397,-173.272431,-48.1034,-31.3869,7.35534,22.0358,13.4352,24.1942,29.5727,-31.3869,3290,-91.3869,Volatile State
3291,11:54:51,36.7585,13.257,-130.482,0.388,-0.668033,-28.7833,10.8154,-167.663499,-45.0709,-33.8525,6.71425,21.1242,13.8144,23.4441,31.6513,-33.8525,3291,-93.85249999999999,Volatile State
3292,11:54:52,40.1821,14.4715,-120.938,2.356,-1.44312,-27.0278,10.5791,-155.594681,-42.2877,-34.5065,7.33563,20.8069,15.8655,22.0845,33.5488,-34.5065,3292,-94.5065,Volatile State
3293,11:54:53,44.7529,15.9014,-113.542,4.793,-2.57697,-25.9844,11.0814,-137.283536,-38.5054,-33.2704,8.35337,22.4283,16.6381,21.9441,34.0311,-33.2704,3293,-93.2704,Volatile State
3294,11:54:54,49.0921,16.0284,-111.488,2.919,-4.66271,-25.2773,9.43394,-118.344123,-35.0383,-31.8718,9.63188,22.2427,17.7906,22.0287,33.4074,-31.8718,3294,-91.87180000000001,Volatile State
3295,11:54:55,52.2138,14.6686,-114.097,-1.203,-3.78082,-25.8916,8.46884,-114.358425,-31.067,-31.5559,10.6359,21.0023,19.0416,22.785,33.2052,-31.5559,3295,-91.55590000000001,Volatile State
3296,11:54:56,55.5153,12.911,-118.605,-1.895,-5.46794,-26.7673,7.66519,-105.354123,-28.6675,-32.8318,9.32999,20.2351,20.1205,22.7918,33.4795,-32.8318,3296,-92.8318,Volatile State
3297,11:54:57,59.0621,10.7796,-122.079,-4.562,-7.11826,-26.5154,9.4215,-104.345849,-25.0036,-33.7485,7.00463,19.3475,20.0323,22.8043,34.8119,-33.7485,3297,-93.7485,Volatile State
3298,11:54:58,61.4388,9.86517,-120.333,-7.621,-7.87973,-26.3911,7.74885,-112.198598,-22.8748,-35.5684,4.92826,19.9648,19.3862,22.8782,35.9106,-35.5684,3298,-95.5684,Volatile State
3299,11:54:59,64.2917,9.24159,-118.454,-7.548,-8.33185,-26.2664,8.46717,-122.420131,-21.0872,-37.4329,3.43015,19.3503,19.4492,22.8674,35.5916,-37.4329,3299,-97.43289999999999,Volatile State
3300,11:55:00,63.9484,8.85287,-114.902,-5.316,-8.86366,-26.2731,8.63455,-135.897278,-18.7357,-40.4343,2.76439,16.1607,20.5088,21.9733,33.4905,-40.4343,3300,-100.43430000000001,Volatile State
3301,11:55:01,65.1537,9.27698,-106.419,-6.007,-10.6523,-28.8151,7.48892,-139.454311,-15.1575,-43.2633,3.10373,13.9382,21.0888,21.0407,32.3163,-43.2633,3301,-103.2633,Volatile State
3302,11:55:02,68.3354,9.09582,-97.088,-4.19,-12.7407,-31.7701,7.73532,-142.051423,-11.372,-47.7506,3.46298,13.4414,20.5978,21.0913,33.478,-47.7506,3302,-107.75059999999999,Volatile State
3303,11:55:03,72.0019,8.81848,-87.838,-4.317,-14.3067,-33.6894,7.95529,-156.018342,-7.94384,-51.0952,3.82523,14.546,19.7867,21.8815,34.7441,-51.0952,3303,-111.0952,Volatile State
3304,11:55:04,75.6474,8.70258,-79.554,-5.936,-13.6359,-35.2681,8.39183,-169.566873,-3.63383,-56.0084,3.19798,15.7662,18.3774,23.0673,35.3669,-56.0084,3304,-116.0084,Volatile State
3305,11:55:05,80.0806,9.36617,-72.716,-6.232,-12.9256,-38.936,8.08354,-175.332466,-0.424041,-57.9169,3.65652,15.0787,18.2004,22.7998,33.3391,-57.9169,3305,-117.9169,Volatile State
3306,11:55:06,84.7078,10.3116,-67.537,-4.372,-12.0244,-43.3152,9.81778,-170.086357,3.93314,-58.7414,3.01892,13.4613,20.7041,22.0764,30.4038,-58.7414,3306,-118.7414,Volatile State
3307,11:55:07,89.9426,10.5883,-66.894,-2.268,-11.0014,-47.4541,9.30461,-154.064567,7.80681,-59.2213,3.0987,13.3341,23.1893,20.7029,28.728,-59.2213,3307,-119.2213,Volatile State
3308,11:55:08,96.8209,10.1121,-70.789,-2.577,-9.74364,-51.7634,7.5135,-151.801865,11.6376,-59.2501,2.89741,12.6819,23.6033,19.7956,29.5492,-59.2501,3308,-119.2501,Volatile State
3309,11:55:09,102.418,10.0455,-73.636,-2.885,-8.12933,-57.5467,6.82929,-149.831777,15.7246,-57.5564,2.92242,13.1501,22.6234,20.2702,31.6578,-57.5564,3309,-117.5564,Volatile State
3310,11:55:10,105.844,11.2867,-74.968,-0.968,-6.28833,-63.595,5.16471,-146.754157,17.2516,-54.779,2.2299,13.6637,21.403,21.1688,30.7699,-54.779,3310,-114.779,Volatile State
3311,11:55:11,105.98,13.1807,-75.264,-1.446,-3.89101,-70.8858,6.53059,-140.065252,20.5956,-51.9984,1.61715,14.6191,19.9243,22.4517,28.7545,-51.9984,3311,-111.9984,Volatile State
3312,11:55:12,107.158,14.5009,-76.002,-1.864,-2.21121,-78.8769,4.9673,-134.339143,20.6379,-49.9941,1.58463,15.107,19.4388,22.1456,25.7955,-49.9941,3312,-109.9941,Volatile State
3313,11:55:13,108.121,16.1979,-81.001,0.348,-2.07988,-86.3484,3.39187,-130.900835,21.7156,-49.02,0.143506,15.9309,18.4864,21.2057,23.431,-49.02,3313,-109.02000000000001,Volatile State
3314,11:55:14,109.883,16.6433,-86.585,1.535,-0.408094,-93.761,2.93912,-128.061898,19.8762,-51.3327,-2.24672,16.1051,18.6247,21.645,22.2834,-51.3327,3314,-111.3327,Volatile State
3315,11:55:15,109.414,15.7055,-90.697,0.955,3.20079,-101.197,2.60415,-126.861401,20.2141,-55.3925,-2.90739,15.7708,18.3142,22.1045,21.2203,-55.3925,3315,-115.3925,Volatile State
3316,11:55:16,110.314,14.4365,-89.103,1.503,5.50392,-109.182,0.688381,-134.500167,18.5603,-61.0102,-3.68508,14.8449,16.9946,22.1564,18.9402,-61.0102,3316,-121.0102,Volatile State
3317,11:55:17,110.841,12.6639,-87.049,0.806,7.06765,-116.194,-0.104553,-146.648617,18.0187,-64.4985,-3.00493,14.3767,15.3092,22.7983,16.1006,-64.4985,3317,-124.4985,Volatile State
3318,11:55:18,110.601,12.4688,-84.486,1.391,9.97171,-122.731,0.037975,-148.505303,17.2067,-67.3631,-2.03638,14.6,15.8803,21.7056,13.9514,-67.3631,3318,-127.3631,Volatile State
3319,11:55:19,111.813,13.0528,-82.673,2.315,10.882,-128.938,-1.34671,-135.95498,15.878,-68.4174,-1.77313,14.2005,16.8573,20.9362,12.4773,-68.4174,3319,-128.4174,Volatile State
3320,11:55:20,113.015,13.5169,-82.332,0.87,14.3277,-135.988,-0.760576,-114.727082,13.6682,-68.4925,-1.73979,13.0104,18.1892,21.4538,10.0546,-68.4925,3320,-128.4925,Volatile State
3321,11:55:21,114.019,14.7071,-86.488,-1.081,17.5454,-142.908,0.255587,-96.815909,12.7935,-67.425,-1.70633,10.9892,17.741,22.7338,9.10266,-67.425,3321,-127.425,Volatile State
3322,11:55:22,115.08,15.6852,-91.48,0.649,20.66,-148.158,0.793725,-86.897168,12.2201,-66.4964,-1.87494,11.0402,16.0271,25.1436,7.45985,-66.4964,3322,-126.4964,Volatile State
3323,11:55:23,114.986,16.4721,-94.368,4.293,23.731,-151.526,0.865641,-82.706091,11.5748,-64.4214,-1.3218,12.831,14.8629,25.7107,6.06582,-64.4214,3323,-124.4214,Volatile State
3324,11:55:24,114.098,15.9571,-92.276,1.643,23.9258,-154.503,0.836202,-85.301714,13.4608,-61.7607,-1.26979,13.7639,14.9083,25.1126,5.45754,-61.7607,3324,-121.7607,Volatile State
3325,11:55:25,113.232,15.1558,-82.54,-0.315,27.2771,-156.334,-0.205405,-96.507105,14.6277,-58.5907,0.429498,15.3348,16.068,24.1549,6.50765,-58.5907,3325,-118.5907,Volatile State
3326,11:55:26,111.51,14.1669,-71.501,0.622,27.9495,-156.874,1.53875,-108.561414,15.4459,-55.4596,1.23886,16.6913,17.1747,23.9994,8.8768,-55.4596,3326,-115.4596,Volatile State
3327,11:55:27,109.387,12.4372,-61.236,-0.872,28.08,-155.901,2.09484,-115.540758,13.3792,-53.092,1.29543,17.0813,17.2302,23.995,10.4453,-53.092,3327,-113.092,Volatile State
3328,11:55:28,107.571,10.7243,-49.508,-3.953,29.4874,-152.769,0.611808,-116.403156,10.9802,-52.8478,0.481507,16.9712,15.994,24.0074,11.3375,-52.8478,3328,-112.8478,Volatile State
3329,11:55:29,105.68,10.2031,-34.898,-7.243,28.8485,-147.3,-0.538933,-121.090018,9.73965,-53.0534,0.444302,17.191,14.8738,23.2999,11.7047,-53.0534,3329,-113.05340000000001,Volatile State
3330,11:55:30,104.679,9.5937,-15.679,-6.097,29.4595,-140.148,-0.039821,-133.063984,9.58772,-54.3662,0.360024,18.9043,15.1759,22.0132,10.4481,-54.3662,3330,-114.36619999999999,Volatile State
3331,11:55:31,102.407,9.51805,0.489,-6.341,28.0182,-131.994,-0.967004,-134.106098,8.5076,-55.4593,0.159864,19.752,16.1103,21.1019,8.59439,-55.4593,3331,-115.4593,Volatile State
3332,11:55:32,100.348,8.22469,8.135,-7.85,27.2359,-123.887,-0.420266,-124.118197,7.38606,-55.3054,0.050882,19.8584,17.6179,20.5406,7.39591,-55.3054,3332,-115.30539999999999,Volatile State
3333,11:55:33,97.8552,7.53546,5.756,-8.906,22.8826,-117.096,-0.037537,-115.805608,5.24269,-55.8753,-0.464324,20.9201,17.8225,21.9187,7.13202,-55.8753,3333,-115.87530000000001,Volatile State
3334,11:55:34,94.9583,5.95943,-1.704,-9.122,20.0041,-109.522,-1.3384,-110.090044,2.33145,-55.2818,-1.88135,22.1242,17.3615,22.5836,5.62507,-55.2818,3334,-115.2818,Volatile State
3335,11:55:35,90.8923,5.14936,-11.793,-10.696,15.7625,-102.248,-0.12009,-116.477526,0.007216,-53.0353,-4.11556,24.3227,17.3923,21.8537,4.96081,-53.0353,3335,-113.0353,Volatile State
3336,11:55:36,86.7864,5.0067,-16.164,-11.738,11.901,-94.717,-0.722811,-125.252313,-4.38288,-48.4562,-5.53636,25.3572,17.8485,20.5066,4.0,-48.4562,3336,-108.4562,Volatile State
3337,11:55:37,82.0292,5.37494,-14.54,-11.92,7.88848,-87.6816,-3.23296,-113.494013,-7.90512,-43.7712,-6.55313,25.2611,20.2576,19.8867,2.13524,-43.7712,3337,-103.7712,Volatile State
3338,11:55:38,78.4289,5.71904,-7.375,-12.19,5.38797,-82.4074,-2.41508,-92.589224,-12.7846,-39.7123,-7.94021,24.2582,22.8421,19.9923,1.8292,-39.7123,3338,-99.7123,Volatile State
3339,11:55:39,75.7715,6.58658,-0.905,-12.928,1.99936,-78.1854,-2.6005,-78.110936,-16.4162,-36.7979,-9.58939,25.0479,23.0643,21.7355,2.92887,-36.7979,3339,-96.7979,Volatile State
3340,11:55:40,73.8625,7.46631,4.654,-12.838,1.46641,-76.1438,-2.63938,-71.854317,-19.4314,-33.5196,-11.3168,24.81,22.7892,22.9182,5.7176,-33.5196,3340,-93.5196,Volatile State
3341,11:55:41,72.4701,6.88158,8.019,-10.911,-2.39974,-74.0702,-4.42118,-73.880391,-21.0758,-30.7754,-12.9012,24.2499,21.6996,24.286,5.67418,-30.7754,3341,-90.7754,Volatile State
3342,11:55:42,70.5935,5.9021,10.283,-9.436,-3.81863,-72.2073,-5.47641,-82.196728,-22.4843,-28.4452,-13.6659,22.147,20.8066,24.4709,5.78749,-28.4452,3342,-88.4452,Volatile State
3343,11:55:43,67.7116,5.63105,15.208,-11.585,-4.44209,-69.6697,-6.21896,-91.02152,-24.7555,-27.0789,-13.5982,22.2162,20.0212,24.8873,6.69271,-27.0789,3343,-87.0789,Volatile State
3344,11:55:44,64.7674,6.07824,22.605,-16.006,-5.20432,-67.5765,-5.5566,-102.673885,-27.8897,-26.5688,-12.9855,23.9105,19.4024,26.4078,7.23691,-26.5688,3344,-86.5688,Volatile State
3345,11:55:45,62.3734,8.61063,32.479,-18.564,-5.39539,-64.5099,-6.4595,-103.31435,-32.8768,-24.8041,-13.5828,24.6159,18.7022,27.7286,8.18847,-24.8041,3345,-84.8041,Volatile State
3346,11:55:46,59.0367,10.3185,39.989,-16.145,-5.45497,-59.8864,-6.34419,-102.555707,-37.5233,-24.0625,-15.4086,23.0165,17.9048,28.549,9.43783,-24.0625,3346,-84.0625,Volatile State
3347,11:55:47,55.7781,11.6076,41.399,-16.471,-4.28638,-54.3188,-5.60664,-101.797063,-42.5598,-24.2725,-15.6535,22.2028,15.5383,29.4958,9.48577,-24.2725,3347,-84.27250000000001,Volatile State
3348,11:55:48,52.519,13.6707,32.908,-15.095,-2.6139,-49.3008,-7.27551,-101.03842,-44.8261,-23.7743,-16.9075,23.028,13.9407,30.1036,9.22706,-23.7743,3348,-83.7743,Volatile State
3349,11:55:49,50.2443,15.6641,20.218,-11.432,-0.675458,-44.0835,-6.75227,-104.360349,-46.6109,-22.5761,-17.6812,22.3675,11.8375,30.8484,7.47621,-22.5761,3349,-82.5761,Volatile State
3350,11:55:50,48.0991,16.7178,5.648,-6.805,1.18561,-38.5079,-6.57144,-107.027331,-48.3987,-22.1677,-18.0515,21.5275,10.6161,30.4042,7.86612,-22.1677,3350,-82.1677,Volatile State
3351,11:55:51,46.0331,17.1194,-5.887,-6.484,3.18486,-32.701,-3.64302,-94.693022,-49.6811,-23.2326,-18.2513,19.0081,11.198,30.8723,5.88088,-23.2326,3351,-83.2326,Volatile State
3352,11:55:52,43.2233,16.1802,-8.907,-8.986,4.34525,-27.8646,-4.19801,-79.377897,-52.2175,-25.195,-18.1873,19.3873,12.0811,30.6209,4.90728,-25.195,3352,-85.195,Volatile State
3353,11:55:53,41.2861,15.2827,-5.793,-9.928,6.32339,-23.7795,-4.57123,-77.649579,-55.697,-26.6981,-18.9425,19.5761,10.8397,28.651,4.21478,-26.6981,3353,-86.6981,Volatile State
3354,11:55:54,39.4964,15.1676,2.778,-8.646,7.03595,-21.1428,-6.17073,-89.128897,-59.4566,-29.5426,-20.8554,18.2166,7.51704,26.7168,4.2382,-29.5426,3354,-89.5426,Volatile State
3355,11:55:55,37.5289,14.8155,11.766,-9.887,8.51117,-18.9616,-6.42791,-87.053766,-61.9134,-32.6645,-22.8016,16.3178,3.63418,25.8224,5.59525,-32.6645,3355,-92.6645,Volatile State
3356,11:55:56,36.3325,14.1663,25.22,-10.941,9.4945,-17.9844,-6.18979,-75.107613,-65.8624,-36.0492,-22.8168,13.484,1.78172,24.0266,5.89171,-36.0492,3356,-96.0492,Volatile State
3357,11:55:57,36.7062,14.1283,38.092,-8.814,10.7918,-18.7169,-5.43412,-71.244699,-67.4801,-41.2999,-20.9016,12.2303,0.273755,22.75,6.48196,-41.2999,3357,-101.29990000000001,Volatile State
3358,11:55:58,36.7683,12.889,48.46,-6.523,11.2465,-18.2951,-3.79215,-70.792299,-69.9709,-46.0504,-19.7323,12.6955,-1.44081,21.6367,6.66932,-46.0504,3358,-106.0504,Volatile State
3359,11:55:59,36.5676,10.8765,57.605,-6.582,11.9407,-17.6952,-2.25365,-66.321103,-70.2533,-50.6177,-17.9457,12.404,-2.71485,20.1587,9.06894,-50.6177,3359,-110.6177,Volatile State
3360,11:56:00,36.217,9.25308,67.636,-8.981,12.1357,-17.1824,-0.889578,-65.672073,-69.3255,-55.5438,-15.0779,12.1659,-4.3211,18.4398,10.0014,-55.5438,3360,-115.5438,Volatile State
3361,11:56:01,37.4123,8.42422,72.741,-10.071,11.9921,-15.9322,-0.07045,-84.992618,-67.4913,-58.2756,-14.0659,11.1377,-6.82639,16.9433,10.0822,-58.2756,3361,-118.2756,Volatile State
3362,11:56:02,40.0238,6.80985,72.863,-10.712,11.5285,-13.1107,-0.819373,-109.21988,-62.4217,-58.2193,-12.8507,9.54172,-7.71807,15.5617,10.7771,-58.2193,3362,-118.2193,Volatile State
3363,11:56:03,42.5879,5.33064,71.326,-11.589,10.5312,-10.4633,-1.68901,-121.335591,-56.3214,-56.8549,-11.8132,8.99039,-8.25132,15.3279,11.414,-56.8549,3363,-116.8549,Volatile State
3364,11:56:04,45.7979,5.00468,68.447,-11.416,10.2917,-9.63236,-2.54695,-123.27449,-50.1403,-54.4888,-10.535,7.67282,-5.47575,15.8732,12.4832,-54.4888,3364,-114.4888,Volatile State
3365,11:56:05,46.5718,5.25149,67.677,-9.72,10.7248,-9.39579,-2.20509,-123.554167,-40.746,-51.5989,-8.61704,6.76632,-3.53756,15.0576,13.3854,-51.5989,3365,-111.5989,Volatile State
3366,11:56:06,45.8412,5.08139,69.755,-6.962,10.3116,-8.82236,-3.67188,-121.675211,-31.6734,-48.1078,-7.00839,5.71977,-2.52186,13.2284,15.1422,-48.1078,3366,-108.1078,Volatile State
3367,11:56:07,44.1144,4.95086,73.736,-5.72,10.0255,-9.29917,-3.44732,-114.661869,-23.286,-45.3868,-5.29038,6.36495,-1.63191,11.1875,16.4656,-45.3868,3367,-105.3868,Volatile State
3368,11:56:08,41.1812,5.75536,78.181,-4.165,9.2175,-8.82989,-2.4258,-116.198409,-15.7319,-42.9416,-5.39217,7.63226,-0.297849,12.1766,18.0458,-42.9416,3368,-102.9416,Volatile State
3369,11:56:09,37.1891,7.29668,86.559,-5.698,8.13493,-5.99878,-3.32821,-116.985764,-8.31251,-41.6653,-4.89737,6.87551,1.75697,13.368,18.3442,-41.6653,3369,-101.6653,Volatile State
3370,11:56:10,33.9019,9.12572,93.194,-6.042,7.41826,-2.23356,-2.88009,-123.632111,-1.02855,-41.9727,-2.62049,4.22715,5.32862,15.1797,18.4691,-41.9727,3370,-101.9727,Volatile State
3371,11:56:11,30.5957,13.1748,97.828,-3.813,5.03392,-0.621858,-1.9027,-126.746151,3.96652,-40.8566,-1.37035,2.48667,7.18536,16.1538,19.3147,-40.8566,3371,-100.8566,Volatile State
3372,11:56:12,27.5193,18.4756,99.918,-4.802,4.37764,0.022664,-3.28152,-107.100674,9.71787,-39.876,-1.0191,1.5883,9.24899,16.9144,21.2972,-39.876,3372,-99.876,Volatile State
3373,11:56:13,24.8303,20.8028,102.166,-7.057,1.8988,1.2711,-5.53439,-88.799075,13.777,-40.0064,-1.05578,1.07364,11.223,18.2847,22.3154,-40.0064,3373,-100.0064,Volatile State
3374,11:56:14,22.6784,21.1329,106.349,-4.897,-0.467857,2.02555,-6.8813,-81.026606,18.4179,-41.052,0.137823,1.24563,12.0199,21.3083,22.8151,-41.052,3374,-101.05199999999999,Volatile State
3375,11:56:15,19.4935,20.7953,107.717,-1.481,-2.04548,2.42457,-9.04911,-79.60997,23.8957,-43.4527,0.499673,1.67111,12.6634,23.2659,22.9535,-43.4527,3375,-103.4527,Volatile State
3376,11:56:16,17.3853,19.8043,107.731,-1.684,-3.81388,3.06963,-10.4266,-85.966759,28.915,-45.5864,0.7677,2.53267,12.3932,25.6131,23.2105,-45.5864,3376,-105.5864,Volatile State
3377,11:56:17,16.5573,18.4835,102.411,-2.384,-5.09571,4.52977,-12.6745,-92.769053,35.3315,-47.7286,0.263744,3.11241,12.8413,26.9973,22.4062,-47.7286,3377,-107.7286,Volatile State
3378,11:56:18,15.1006,14.7856,96.75,-2.625,-5.60908,7.7604,-14.0035,-92.780444,39.918,-48.6089,0.50042,3.45101,14.4666,27.1361,23.076,-48.6089,3378,-108.6089,Volatile State
3379,11:56:19,14.4652,11.1425,89.541,1.081,-5.7807,12.1021,-15.0822,-91.887904,44.9946,-47.1556,-0.134355,3.30478,15.0055,26.7222,22.9685,-47.1556,3379,-107.15559999999999,Volatile State
3380,11:56:20,13.1382,7.92192,84.016,5.394,-5.81273,17.7683,-15.6855,-89.266938,49.0833,-46.8875,-1.04455,4.11338,14.9479,25.6045,22.7467,-46.8875,3380,-106.8875,Volatile State
3381,11:56:21,10.888,6.02358,80.611,6.04,-6.72726,25.0478,-15.9838,-93.794436,53.4116,-46.0165,-2.18691,5.60355,13.9661,25.6856,20.6109,-46.0165,3381,-106.01650000000001,Volatile State
3382,11:56:22,9.14132,3.57504,80.339,6.121,-6.59924,32.0744,-16.8438,-91.856746,55.164,-46.0956,-1.55335,5.82031,13.3107,25.149,19.6582,-46.0956,3382,-106.09559999999999,Volatile State
3383,11:56:23,6.8477,0.528044,83.852,10.631,-5.67024,39.5457,-17.1323,-108.512892,55.6701,-46.7927,-1.57953,4.75563,13.4061,24.0115,19.4222,-46.7927,3383,-106.7927,Volatile State
3384,11:56:24,5.80307,-1.77175,88.583,11.658,-3.593,45.135,-16.006,-115.56684,55.0903,-47.5318,-3.0022,5.90199,13.591,22.0186,19.1437,-47.5318,3384,-107.5318,Volatile State
3385,11:56:25,5.14023,-3.17795,97.38,13.671,-3.37646,50.8744,-17.7109,-109.846188,55.33,-49.7921,-4.90593,5.4763,13.9754,19.9854,17.1767,-49.7921,3385,-109.7921,Volatile State
3386,11:56:26,4.71235,-4.99733,106.639,14.671,-2.8526,56.5089,-16.1842,-107.95709,55.5058,-52.1293,-7.29122,4.18426,13.3491,18.0092,15.0737,-52.1293,3386,-112.1293,Volatile State
3387,11:56:27,5.23114,-5.69107,117.979,18.198,-2.17679,61.828,-15.9793,-112.939333,56.3048,-55.4923,-9.22448,2.25085,12.5855,17.4584,13.2071,-55.4923,3387,-115.4923,Volatile State
3388,11:56:28,4.69935,-5.30791,126.626,20.926,-0.746232,66.2165,-15.7524,-121.634323,55.154,-58.2561,-10.4834,0.578493,11.5905,18.3751,12.2073,-58.2561,3388,-118.2561,Volatile State
3389,11:56:29,4.08605,-5.51424,128.254,22.078,0.004014,67.205,-14.1887,-132.722,54.202,-60.0761,-11.9544,-0.288739,11.3976,18.9389,12.4367,-60.0761,3389,-120.0761,Volatile State
3390,11:56:30,3.97995,-5.3841,123.376,21.853,1.28764,64.8824,-14.293,-140.927513,51.9468,-61.9995,-12.6695,-0.586799,12.9634,19.5442,11.0986,-61.9995,3390,-121.9995,Volatile State
3391,11:56:31,3.39707,-4.5961,115.577,20.941,1.18113,59.7457,-12.4801,-147.742693,47.9839,-60.2389,-13.9171,-0.900211,13.9222,20.2207,11.4714,-60.2389,3391,-120.2389,Volatile State
3392,11:56:32,2.08427,-3.28459,105.941,22.455,1.29791,52.4844,-12.3368,-144.730316,41.6128,-56.8498,-15.7547,-1.9924,13.8923,21.6961,11.6136,-56.8498,3392,-116.8498,Volatile State
3393,11:56:33,2.06699,-2.69336,90.074,20.889,1.4423,44.2869,-11.3276,-147.249632,36.1068,-53.7213,-17.5461,-1.56592,12.8199,23.833,12.1911,-53.7213,3393,-113.7213,Volatile State
3394,11:56:34,2.6546,-2.53341,73.22,21.515,0.281704,35.0802,-11.579,-156.737506,29.0384,-51.5878,-17.8265,0.42222,11.3606,26.2694,14.2369,-51.5878,3394,-111.5878,Volatile State
3395,11:56:35,4.47691,-2.72906,60.29,24.271,0.580272,23.8305,-12.9427,-154.651791,23.0906,-49.3489,-18.7084,1.37755,10.7103,28.4355,16.6698,-49.3489,3395,-109.3489,Volatile State
3396,11:56:36,5.70181,-1.91438,55.317,21.347,-0.254726,13.3791,-12.5409,-147.124077,17.9908,-46.5464,-18.8622,0.581844,10.1801,29.8155,16.1544,-46.5464,3396,-106.5464,Volatile State
3397,11:56:37,6.2535,-0.746342,60.407,20.264,-0.607773,2.67952,-10.2245,-136.593908,13.6364,-45.505,-18.3676,-0.522122,10.7069,29.9627,15.7308,-45.505,3397,-105.505,Volatile State
3398,11:56:38,7.56016,0.08495,65.754,19.481,-1.36912,-7.03176,-11.7886,-123.026482,9.67389,-43.6058,-18.8604,-0.778466,9.56131,30.0114,17.4517,-43.6058,3398,-103.6058,Volatile State
3399,11:56:39,8.21685,0.517756,67.623,18.728,0.064491,-15.4214,-10.9358,-119.357588,3.63259,-44.3902,-20.402,0.642969,8.25953,30.5273,19.8599,-44.3902,3399,-104.3902,Volatile State
3400,11:56:40,8.03153,1.44569,71.447,15.506,-0.338335,-23.1606,-10.04,-115.688694,-3.41695,-47.6565,-22.2337,1.567,7.92205,30.9893,22.3846,-47.6565,3400,-107.6565,Volatile State
3401,11:56:41,8.7018,2.40353,75.997,10.312,0.439083,-31.0608,-8.5376,-112.0198,-9.13086,-50.3619,-23.3197,1.51985,7.77565,30.6416,23.079,-50.3619,3401,-110.36189999999999,Volatile State
3402,11:56:42,8.96925,3.30344,80.072,12.766,2.10566,-39.2964,-5.81177,-116.650223,-13.1519,-53.1626,-23.7054,1.23142,7.58767,30.0175,22.9306,-53.1626,3402,-113.1626,Volatile State
3403,11:56:43,7.03565,4.39325,86.061,15.669,3.86364,-49.4364,-5.93265,-101.534033,-16.9913,-55.808,-22.2521,1.64553,9.2769,28.9671,22.0952,-55.808,3403,-115.80799999999999,Volatile State
3404,11:56:44,6.06928,5.78115,90.63,10.104,4.48745,-58.3492,-5.97435,-78.077502,-22.2592,-58.8379,-21.5254,2.55521,8.94476,28.8911,22.6342,-58.8379,3404,-118.83789999999999,Volatile State
3405,11:56:45,4.54174,7.3229,92.768,7.009,5.52552,-66.9564,-4.53245,-70.288101,-27.1041,-62.1747,-19.6869,3.56089,7.17106,29.8961,24.4095,-62.1747,3405,-122.1747,Volatile State
3406,11:56:46,3.18394,9.02438,93.293,6.329,6.92408,-74.2531,-2.38299,-67.261189,-33.8578,-63.9667,-17.4874,4.01157,6.61501,30.3011,25.1774,-63.9667,3406,-123.9667,Volatile State
3407,11:56:47,2.83944,10.1332,92.738,4.684,9.0287,-80.7041,-1.51494,-68.652883,-38.5611,-64.6981,-15.849,6.92573,7.53741,31.015,24.984,-64.6981,3407,-124.6981,Volatile State
3408,11:56:48,2.18201,12.397,90.393,4.171,10.2517,-86.3894,-0.541835,-75.898258,-42.7551,-63.5738,-15.3187,10.2897,9.68399,30.9628,23.9497,-63.5738,3408,-123.5738,Volatile State
3409,11:56:49,0.833923,13.8761,84.757,5.611,12.2813,-92.693,-0.749154,-87.218409,-47.0616,-62.0721,-14.7297,14.5306,9.19615,31.2451,24.8566,-62.0721,3409,-122.0721,Volatile State
3410,11:56:50,0.555951,14.3196,79.577,5.596,11.438,-97.1294,-0.033457,-103.595336,-50.0719,-60.5215,-15.0298,17.114,8.3361,31.4512,26.7921,-60.5215,3410,-120.5215,Volatile State
3411,11:56:51,-0.435997,13.7845,75.182,6.754,11.6976,-100.459,-0.337387,-119.771981,-53.7942,-58.6798,-14.5192,17.8733,7.27713,32.3204,27.3752,-58.6798,3411,-118.6798,Volatile State
3412,11:56:52,-0.989887,15.0532,70.696,8.215,11.6844,-102.476,1.25207,-126.242997,-54.6056,-56.5328,-14.4704,17.885,6.11558,33.0777,26.1303,-56.5328,3412,-116.53280000000001,Volatile State
3413,11:56:53,-1.61129,15.5648,67.775,7.617,9.33074,-103.507,1.03302,-131.548844,-55.3459,-55.2964,-15.508,18.2631,5.94981,33.0771,23.4693,-55.2964,3413,-115.2964,Volatile State
3414,11:56:54,-0.759691,14.6311,67.367,6.87,9.00639,-104.135,0.05651,-122.959463,-53.9765,-52.8773,-17.662,19.0376,4.70183,31.5701,20.4605,-52.8773,3414,-112.87729999999999,Volatile State
3415,11:56:55,-0.763809,13.6294,69.304,8.365,8.46238,-105.371,0.218011,-113.726142,-53.3317,-53.4241,-18.5791,19.9528,3.05079,30.4675,19.8158,-53.4241,3415,-113.42410000000001,Volatile State
3416,11:56:56,0.692116,13.3017,73.36,7.219,6.46732,-104.683,0.860498,-107.566677,-53.6533,-54.3787,-18.8185,19.8469,0.708602,30.6473,19.6291,-54.3787,3416,-114.37870000000001,Volatile State
3417,11:56:57,1.23015,14.27,76.584,7.852,5.15868,-102.098,-0.265917,-104.063076,-52.0228,-57.1543,-17.4052,21.0563,-2.61172,30.8616,18.8639,-57.1543,3417,-117.1543,Volatile State
3418,11:56:58,2.58572,14.1752,79.239,5.93,4.26382,-99.1195,-0.377484,-94.788346,-51.394,-60.705,-17.151,21.6628,-3.44747,30.9796,17.8597,-60.705,3418,-120.705,Volatile State
3419,11:56:59,1.14327,14.346,79.193,5.407,4.87776,-95.3076,-0.700047,-102.047003,-51.7251,-63.8583,-19.3881,22.614,-2.90193,29.3741,17.6931,-63.8583,3419,-123.8583,Volatile State
3420,11:57:00,-2.27414,14.189,73.717,6.038,4.44225,-91.2152,-1.0999,-103.676825,-50.5311,-66.8269,-21.0855,22.2918,-2.04061,26.6601,15.4765,-66.8269,3420,-126.8269,Volatile State
3421,11:57:01,-4.93852,14.112,67.714,4.973,2.12059,-88.5575,0.281017,-110.025286,-47.5652,-70.105,-21.7864,20.2708,-2.96798,25.6384,15.2483,-70.105,3421,-130.10500000000002,Volatile State
3422,11:57:02,-7.64919,14.0906,64.457,7.662,-0.140204,-85.8768,-1.78434,-112.056841,-44.8073,-71.7024,-22.0306,18.9372,-4.15212,25.3451,18.2703,-71.7024,3422,-131.7024,Volatile State
3423,11:57:03,-9.36173,14.4063,60.516,7.078,-2.46344,-79.8527,-1.35638,-119.484648,-41.4928,-73.0691,-20.4706,18.511,-4.09389,24.7069,20.2843,-73.0691,3423,-133.0691,Volatile State
3424,11:57:04,-9.78232,14.2849,52.693,6.352,-3.95707,-71.3209,-1.21911,-123.462071,-40.4622,-74.643,-19.2266,18.0247,-4.15627,24.9995,21.5541,-74.643,3424,-134.643,Volatile State
3425,11:57:05,-10.6389,14.4866,46.403,6.16,-6.14794,-61.8885,-2.62749,-113.762148,-39.0371,-78.4208,-18.3364,17.2709,-3.61632,23.7102,21.9833,-78.4208,3425,-138.42079999999999,Volatile State
3426,11:57:06,-12.754,15.3264,39.212,6.883,-7.28143,-52.529,-3.05066,-85.68036,-37.4978,-82.8978,-19.3058,15.7157,-1.86436,22.297,20.7239,-82.8978,3426,-142.89780000000002,Volatile State
3427,11:57:07,-14.5815,15.2181,29.24,9.992,-7.0091,-42.0683,-2.47804,-66.34993,-36.8831,-86.6131,-20.2257,13.8027,-0.484732,20.4842,19.5919,-86.6131,3427,-146.6131,Volatile State
3428,11:57:08,-17.8664,13.9001,17.273,10.781,-7.27501,-33.143,-3.40906,-57.233383,-35.6208,-89.6379,-21.3984,13.6236,-0.948453,19.0725,20.6727,-89.6379,3428,-149.6379,Volatile State
3429,11:57:09,-19.0509,11.855,9.064,13.944,-9.0493,-27.0379,-2.97479,-56.29874,-35.1148,-92.583,-22.7801,13.6214,-2.52596,17.7782,21.6567,-92.583,3429,-152.583,Volatile State
3430,11:57:10,-20.4852,9.39619,7.931,17.513,-9.55451,-22.6614,-3.51033,-67.99763,-33.9486,-94.4874,-23.9458,11.9704,-2.27053,18.0703,22.4295,-94.4874,3430,-154.48739999999998,Volatile State
3431,11:57:11,-21.956,7.03139,11.661,16.236,-7.67592,-19.2207,-4.69942,-86.657012,-32.5794,-94.1205,-23.4372,9.81907,0.936233,18.8165,21.5261,-94.1205,3431,-154.1205,Volatile State
3432,11:57:12,-25.7081,5.80181,16.489,14.305,-6.81634,-16.2106,-4.27806,-104.482979,-30.3865,-92.1024,-22.8768,8.91052,2.23642,20.0348,19.2339,-92.1024,3432,-152.1024,Volatile State
3433,11:57:13,-28.9218,5.49948,22.087,15.404,-4.7759,-14.2921,-5.89477,-111.395514,-26.6064,-88.9032,-22.8391,9.64819,0.024874,19.0401,16.0115,-88.9032,3433,-148.9032,Volatile State
3434,11:57:14,-32.6537,5.44685,29.436,15.938,-2.2916,-11.7168,-5.76163,-109.344293,-21.3951,-83.8951,-21.6118,9.81258,-2.42653,18.3505,13.7586,-83.8951,3434,-143.8951,Volatile State
3435,11:57:15,-37.3947,5.66758,35.932,15.461,-0.526812,-9.69089,-5.91598,-112.359054,-15.708,-77.7286,-21.5444,10.3557,-4.30909,18.1958,13.833,-77.7286,3435,-137.7286,Volatile State
3436,11:57:16,-43.5573,5.19506,38.854,17.066,1.23457,-10.3685,-6.75639,-116.262893,-11.2914,-71.5449,-21.6091,12.2143,-4.64013,18.6161,14.4477,-71.5449,3436,-131.54489999999998,Volatile State
3437,11:57:17,-47.8055,4.55098,32.74,17.622,1.58191,-8.99622,-6.40839,-112.374257,-5.481,-66.3302,-22.166,15.6869,-4.07702,19.3649,15.1496,-66.3302,3437,-126.3302,Volatile State
3438,11:57:18,-52.2932,4.17635,22.86,15.144,0.072777,-7.55947,-7.02768,-114.123247,-0.050565,-61.6692,-22.2817,17.4931,-4.10762,18.991,14.6601,-61.6692,3438,-121.66919999999999,Volatile State
3439,11:57:19,-55.9255,4.23145,13.045,11.707,0.513852,-5.93141,-7.95646,-117.340037,6.55041,-56.6097,-21.7069,18.2462,-3.6219,19.3156,13.7518,-56.6097,3439,-116.6097,Volatile State
3440,11:57:20,-59.2553,4.32571,9.085,9.774,1.86864,-6.70528,-8.12686,-124.9472,12.0476,-51.1276,-21.7858,19.3139,-3.41825,18.9999,13.2964,-51.1276,3440,-111.1276,Volatile State
3441,11:57:21,-62.0724,3.9695,9.139,8.513,1.41311,-8.32927,-7.61026,-121.168336,19.3307,-44.4546,-21.7761,21.3186,-5.44691,17.5902,13.3787,-44.4546,3441,-104.4546,Volatile State
3442,11:57:22,-64.0928,2.91537,13.889,5.417,1.76162,-11.4038,-8.54596,-110.891535,24.1059,-38.8095,-21.4517,22.7286,-6.92115,17.6364,13.8842,-38.8095,3442,-98.8095,Volatile State
3443,11:57:23,-67.4901,2.37437,15.597,4.833,1.70158,-15.9995,-9.0196,-104.567275,30.9298,-34.7459,-22.6625,23.0068,-7.85342,18.3126,13.2823,-34.7459,3443,-94.7459,Volatile State
3444,11:57:24,-72.181,1.88493,16.034,7.664,3.18308,-20.6564,-10.0744,-103.146728,36.874,-30.8302,-23.5177,23.7319,-6.10938,20.033,12.0843,-30.8302,3444,-90.8302,Volatile State
3445,11:57:25,-75.9788,2.22188,14.147,7.194,5.42375,-22.9581,-10.1083,-100.549024,40.5708,-27.6153,-24.9776,23.3235,-5.61687,22.8406,10.1789,-27.6153,3445,-87.6153,Volatile State
3446,11:57:26,-81.0908,2.45274,9.767,3.375,7.31959,-23.4527,-9.51063,-93.672561,43.5357,-26.4279,-27.0179,23.1731,-4.59512,23.9537,8.51451,-26.4279,3446,-86.4279,Volatile State
3447,11:57:27,-86.0801,1.52359,6.829,1.808,8.79696,-24.9218,-7.54857,-84.034065,42.9917,-25.2076,-26.7091,22.7377,-5.06571,25.1392,8.04663,-25.2076,3447,-85.2076,Volatile State
3448,11:57:28,-90.1498,0.936285,7.767,0.151,11.6716,-25.3504,-8.05687,-75.828653,43.2648,-24.8972,-27.4325,20.3388,-6.00458,25.9421,8.65707,-24.8972,3448,-84.8972,Volatile State
3449,11:57:29,-93.8639,1.27354,13.547,-1.695,13.3853,-25.2982,-6.4756,-55.805943,40.8932,-26.9098,-27.9381,18.7131,-6.57106,26.3164,9.97126,-26.9098,3449,-86.9098,Volatile State
3450,11:57:30,-96.0947,1.87101,21.108,-1.901,14.4654,-25.8838,-8.05963,-28.36206,39.0181,-29.2477,-28.1492,18.6501,-4.81081,27.7038,13.6116,-29.2477,3450,-89.2477,Volatile State
3451,11:57:31,-100.26,3.2082,24.533,1.426,13.5381,-26.5696,-9.4241,-20.461073,37.4983,-31.3018,-27.4043,18.7703,-2.65226,28.4723,16.5266,-31.3018,3451,-91.3018,Volatile State
3452,11:57:32,-105.194,4.78397,21.283,5.064,13.8066,-24.43,-6.9719,-37.499734,35.4376,-32.4416,-28.5138,17.6058,-0.498904,28.5659,17.4221,-32.4416,3452,-92.4416,Volatile State
3453,11:57:33,-106.91,6.35576,13.712,6.217,12.5803,-21.3695,-6.69771,-58.239607,34.1969,-33.0214,-28.703,15.6051,-1.89805,27.9626,18.0324,-33.0214,3453,-93.0214,Volatile State
3454,11:57:34,-107.516,8.07106,8.628,4.368,12.3629,-18.4192,-7.89362,-55.849931,31.8915,-33.9609,-29.6742,15.7225,-3.78095,26.2336,18.777,-33.9609,3454,-93.96090000000001,Volatile State
3455,11:57:35,-108.023,10.2441,6.742,5.521,12.5724,-16.1591,-5.8254,-31.280707,30.1945,-35.4455,-29.5829,16.4584,-5.73302,24.73,21.4685,-35.4455,3455,-95.44550000000001,Volatile State
3456,11:57:36,-109.26,11.6352,3.229,8.454,11.7206,-13.6336,-6.91199,-8.034974,29.7357,-35.8583,-29.2302,15.9044,-4.9966,23.4853,24.8605,-35.8583,3456,-95.8583,Volatile State
3457,11:57:37,-109.958,12.1173,0.14,11.748,11.1505,-11.6881,-4.0343,-23.868569,27.2945,-36.0484,-28.1532,15.1819,-2.6356,22.0154,26.052,-36.0484,3457,-96.0484,Volatile State
3458,11:57:38,-110.244,12.167,1.09,8.253,12.5152,-12.9333,-5.20247,-39.702165,26.1395,-36.1779,-27.1684,14.7014,0.36097,20.9084,24.977,-36.1779,3458,-96.1779,Volatile State
3459,11:57:39,-110.618,12.1631,2.553,6.893,12.5964,-15.7746,-7.49163,-55.53576,27.5569,-35.7498,-27.0156,14.7863,1.66173,20.6387,23.839,-35.7498,3459,-95.7498,Volatile State
3460,11:57:40,-110.53,11.4818,2.224,10.004,11.8355,-17.2924,-6.80134,-73.405715,26.9087,-36.5038,-24.8518,14.3461,2.50543,19.9544,22.5213,-36.5038,3460,-96.5038,Volatile State
3461,11:57:41,-111.496,11.3904,-0.691,11.097,10.7844,-16.7739,-5.34247,-91.11994,27.1747,-36.9528,-21.4736,12.8687,2.41888,17.8106,22.7932,-36.9528,3461,-96.9528,Volatile State
3462,11:57:42,-111.968,10.4075,-4.732,9.23,11.4337,-15.097,-6.61646,-99.309279,20.5946,-38.7421,-19.4164,11.2397,3.28331,16.236,23.3516,-38.7421,3462,-98.7421,Volatile State
3463,11:57:43,-110.709,8.53503,-7.824,8.165,12.2597,-12.9743,-5.20009,-108.896349,13.4425,-38.7376,-18.4791,10.2219,5.9225,15.0221,25.3133,-38.7376,3463,-98.7376,Volatile State
3464,11:57:44,-108.841,7.50279,-10.537,7.843,14.1376,-12.5033,-3.19617,-109.60386,2.16074,-38.9665,-18.1683,9.24038,7.9306,15.7085,26.1747,-38.9665,3464,-98.9665,Volatile State
3465,11:57:45,-106.623,7.15855,-13.568,7.699,16.2806,-13.5506,-4.30014,-121.419964,-9.02999,-37.8309,-16.7549,8.78334,8.66705,16.4502,25.7269,-37.8309,3465,-97.8309,Volatile State
3466,11:57:46,-104.145,7.15376,-16.656,5.813,17.013,-15.5274,-3.83298,-132.104562,-18.2733,-37.1398,-18.3517,7.50632,10.0726,17.5565,26.1931,-37.1398,3466,-97.13980000000001,Volatile State
3467,11:57:47,-102.516,6.35623,-17.946,4.233,17.2917,-17.9359,-3.0355,-135.959086,-25.5344,-37.9507,-17.679,6.08018,8.27121,18.3844,26.5428,-37.9507,3467,-97.9507,Volatile State
3468,11:57:48,-100.39,7.18077,-13.428,3.493,17.6668,-18.875,-4.51648,-131.498786,-33.4711,-38.1008,-17.8006,6.10047,7.87683,18.8864,27.0855,-38.1008,3468,-98.10079999999999,Volatile State
3469,11:57:49,-97.5686,10.2052,-5.304,4.357,16.7527,-19.9566,-4.20921,-107.031715,-38.389,-39.0942,-17.6604,6.00131,9.63799,18.8029,26.5809,-39.0942,3469,-99.0942,Volatile State
3470,11:57:50,-95.3957,12.7354,2.832,4.362,15.9648,-19.9337,-3.25363,-79.204951,-44.474,-39.6828,-16.4268,4.24033,11.8627,19.8887,25.6755,-39.6828,3470,-99.6828,Volatile State
3471,11:57:51,-93.5006,14.9607,8.979,1.317,17.1044,-19.9639,-1.43341,-56.707836,-49.0466,-41.6887,-16.4031,1.72153,14.6637,21.6214,23.4847,-41.6887,3471,-101.6887,Volatile State
3472,11:57:52,-90.989,17.6816,12.321,-1.88,16.3626,-20.1438,-0.660252,-43.101632,-52.8295,-43.4112,-18.9655,-0.54643,15.4669,23.5078,20.1175,-43.4112,3472,-103.41120000000001,Volatile State
3473,11:57:53,-87.9264,19.3116,10.009,0.84,15.1093,-21.2398,-0.59032,-49.106591,-57.4314,-43.5359,-21.2362,-1.21615,15.9441,23.8396,20.583,-43.5359,3473,-103.5359,Volatile State
3474,11:57:54,-84.0416,20.0898,2.208,-0.201,13.9543,-22.7538,-0.078636,-68.084755,-59.4799,-45.1185,-22.1142,-0.760351,14.7815,24.1829,19.4774,-45.1185,3474,-105.1185,Volatile State
3475,11:57:55,-80.0208,19.5461,-6.386,-0.004,13.3325,-24.6106,-0.959221,-91.303492,-61.9422,-46.7421,-22.5352,-0.31209,14.4419,24.3401,16.5948,-46.7421,3475,-106.7421,Volatile State
3476,11:57:56,-76.1056,18.09,-13.629,-5.181,12.6128,-26.2793,-0.524384,-98.438443,-61.9485,-48.4431,-22.3411,0.925153,15.8533,24.4153,13.9316,-48.4431,3476,-108.4431,Volatile State
3477,11:57:57,-72.7823,16.729,-18.011,-5.145,14.121,-27.9945,-0.15109,-102.780732,-64.0095,-50.538,-21.8567,2.259,18.2083,26.0684,13.2632,-50.538,3477,-110.538,Volatile State
3478,11:57:58,-69.2063,16.6312,-20.182,-1.044,14.4531,-29.2562,3.60494,-106.572517,-65.3887,-53.5721,-21.2186,3.3203,19.0226,26.2178,12.5267,-53.5721,3478,-113.5721,Volatile State
3479,11:57:59,-66.2588,17.6576,-19.497,-1.141,11.6076,-30.0137,5.19233,-114.413289,-70.0675,-57.2773,-20.075,3.09949,16.8339,26.3585,12.9113,-57.2773,3479,-117.2773,Volatile State
3480,11:58:00,-62.1378,18.0887,-13.181,-2.233,9.56105,-31.6556,6.84978,-116.991039,-72.7701,-63.162,-20.7181,2.66834,14.662,25.4241,14.0812,-63.162,3480,-123.162,Volatile State
3481,11:58:01,-57.6114,18.2924,-3.436,-1.195,10.1102,-34.287,6.69616,-106.835031,-74.7123,-66.6844,-22.7068,3.06669,14.2814,24.2822,15.095,-66.6844,3481,-126.6844,Volatile State
3482,11:58:02,-53.2374,17.9513,5.773,-1.305,9.59224,-36.7295,8.33748,-97.321125,-76.1506,-68.2711,-23.592,4.20574,14.8386,23.0054,15.5236,-68.2711,3482,-128.2711,Volatile State
3483,11:58:03,-48.5784,17.1965,11.838,2.038,8.4702,-37.7505,7.72858,-76.420419,-75.157,-68.1121,-23.2879,4.22672,15.8442,21.5389,15.9721,-68.1121,3483,-128.1121,Volatile State
3484,11:58:04,-44.5509,16.5926,15.398,-0.175,6.9796,-38.5799,7.03003,-47.847738,-73.9676,-66.7614,-21.69,3.02973,18.1681,20.9861,17.3702,-66.7614,3484,-126.7614,Volatile State
3485,11:58:05,-40.8222,15.2574,14.732,-2.991,7.34121,-38.8401,6.94517,-25.762463,-72.869,-65.5575,-22.0933,2.04231,20.2565,21.1008,18.6892,-65.5575,3485,-125.5575,Volatile State
3486,11:58:06,-37.6648,13.5925,9.787,1.0,7.60141,-39.061,8.04279,-9.048639,-71.7504,-65.4794,-21.7439,0.497393,19.1358,20.7005,18.7845,-65.4794,3486,-125.4794,Volatile State
3487,11:58:07,-34.8141,12.608,3.009,5.603,7.77735,-40.5409,8.57197,4.567853,-70.998,-66.5825,-21.7239,0.168356,19.8428,20.05,18.9638,-66.5825,3487,-126.5825,Volatile State
3488,11:58:08,-31.471,12.2919,-5.371,4.059,8.48188,-43.3356,8.7904,-3.678195,-70.8232,-67.8724,-22.6485,0.073116,23.55,20.0484,18.8774,-67.8724,3488,-127.8724,Volatile State
3489,11:58:09,-28.0859,12.4315,-12.037,0.299,9.49995,-46.5343,8.50152,-25.206733,-70.5655,-71.8553,-23.5275,-0.062862,27.257,20.2237,19.1443,-71.8553,3489,-131.8553,Volatile State
3490,11:58:10,-24.8262,12.7552,-13.206,3.955,10.8042,-48.9396,10.2556,-44.948984,-68.4014,-73.5731,-24.5374,1.10779,29.921,20.2137,20.127,-73.5731,3490,-133.5731,Volatile State
3491,11:58:11,-22.4408,13.6301,-8.618,5.79,10.0818,-50.7737,9.66839,-52.614616,-67.1975,-76.5483,-22.9609,2.71664,31.3082,19.8786,19.3951,-76.5483,3491,-136.54829999999998,Volatile State
3492,11:58:12,-18.3786,14.5275,-0.491,2.57,10.5519,-52.0388,10.0284,-57.266349,-64.3086,-81.0772,-21.3292,4.56549,32.8807,20.599,19.1432,-81.0772,3492,-141.0772,Volatile State
3493,11:58:13,-15.5801,14.7588,11.876,0.872,9.46496,-52.5265,8.36379,-72.287654,-61.7843,-84.0169,-19.5806,4.67401,33.0406,19.9263,18.648,-84.0169,3493,-144.01690000000002,Volatile State
3494,11:58:14,-12.9799,14.243,23.168,-0.384,10.0163,-54.2308,7.31687,-82.387207,-58.412,-87.4385,-18.3599,4.40531,32.1589,19.756,15.7638,-87.4385,3494,-147.4385,Volatile State
3495,11:58:15,-11.3425,13.7938,33.805,2.092,10.3807,-56.1924,8.26699,-84.687229,-54.1795,-89.5269,-17.4502,4.25145,31.7124,20.95,14.0747,-89.5269,3495,-149.5269,Volatile State
3496,11:58:16,-10.7723,14.4469,41.432,0.312,11.6382,-57.9179,8.82795,-87.113138,-50.4423,-89.4751,-17.4695,5.43218,31.5432,21.8834,13.4708,-89.4751,3496,-149.4751,Volatile State
3497,11:58:17,-8.0651,15.4204,43.401,1.174,14.3317,-58.306,10.4806,-100.435059,-44.7923,-88.2297,-17.3305,6.14161,30.7292,22.4581,13.2585,-88.2297,3497,-148.22969999999998,Volatile State
3498,11:58:18,-5.00131,15.3954,38.636,4.196,16.2532,-57.1992,9.9773,-110.374944,-39.9007,-85.8008,-17.5707,7.43625,29.9103,22.5578,12.1723,-85.8008,3498,-145.80079999999998,Volatile State
3499,11:58:19,-2.35979,15.6183,28.127,4.782,16.291,-54.5974,8.54988,-116.092364,-33.1962,-84.5789,-15.5783,7.53761,30.0197,21.4406,10.0022,-84.5789,3499,-144.5789,Volatile State
3500,11:58:20,-0.572409,15.9159,18.011,1.791,16.5784,-51.3045,9.12184,-112.01412,-27.0444,-84.0096,-15.5873,7.45266,32.7043,20.1208,8.63282,-84.0096,3500,-144.0096,Volatile State
3501,11:58:21,0.920093,15.2502,8.56,2.827,16.6029,-46.9447,10.2595,-109.112608,-21.7081,-84.9287,-15.4245,7.16951,34.0133,20.323,8.36664,-84.9287,3501,-144.9287,Volatile State
3502,11:58:22,3.34978,14.223,-2.936,3.256,15.923,-42.7494,9.65999,-103.932613,-15.6978,-84.8013,-15.7619,7.5446,34.0537,20.7453,8.83443,-84.8013,3502,-144.8013,Volatile State
3503,11:58:23,4.98024,13.1964,-11.09,0.514,14.7342,-39.3141,10.0158,-90.150298,-13.4104,-85.2558,-16.366,6.6348,33.8846,21.281,8.31878,-85.2558,3503,-145.2558,Volatile State
3504,11:58:24,6.39195,12.0707,-14.35,-2.512,12.5858,-36.2373,9.45616,-67.532674,-9.92831,-85.281,-15.1275,5.58657,33.5182,21.5384,8.30046,-85.281,3504,-145.281,Volatile State
3505,11:58:25,7.19957,12.0543,-13.697,-2.412,11.6246,-32.2312,9.43124,-43.935065,-6.89954,-86.2189,-14.9572,4.06223,34.2656,22.0621,9.5262,-86.2189,3505,-146.21890000000002,Volatile State
3506,11:58:26,6.42926,12.0279,-8.877,-1.031,11.028,-28.3504,9.86642,-30.040769,-3.4576,-87.2033,-13.683,2.49187,37.474,22.169,11.1377,-87.2033,3506,-147.2033,Volatile State
3507,11:58:27,6.176,12.23,-2.435,0.173,7.96636,-25.3428,11.3587,-28.31859,1.3241,-87.9317,-13.4946,2.55693,40.3243,22.8654,13.2296,-87.9317,3507,-147.9317,Volatile State
3508,11:58:28,5.99562,13.221,3.609,-0.557,5.09322,-23.0708,10.0229,-44.887477,5.0607,-87.2187,-14.1424,2.81745,39.6915,23.7155,13.8267,-87.2187,3508,-147.2187,Volatile State
3509,11:58:29,5.27893,14.3354,5.432,-5.146,4.06288,-23.1319,11.8937,-61.456365,8.08102,-84.1799,-14.3369,3.0585,37.4863,24.2769,15.504,-84.1799,3509,-144.1799,Volatile State
3510,11:58:30,5.1928,15.5315,5.787,-6.737,4.36295,-25.2412,11.2251,-78.025252,9.39195,-81.2038,-14.4218,1.97923,35.1989,24.4089,17.9911,-81.2038,3510,-141.2038,Volatile State
3511,11:58:31,4.79044,15.596,10.833,-7.264,3.98244,-27.1482,12.8578,-100.744068,10.8076,-77.9976,-14.3012,0.430739,34.2147,23.6486,18.0239,-77.9976,3511,-137.9976,Volatile State
3512,11:58:32,3.76878,15.0792,14.08,-8.844,2.4746,-28.0073,13.0874,-108.18652,10.9691,-75.5174,-14.1863,0.12221,34.5098,23.5113,19.6206,-75.5174,3512,-135.5174,Volatile State
3513,11:58:33,3.56887,14.3056,15.73,-8.446,2.70887,-27.3036,12.5417,-111.22648,10.9821,-75.8175,-14.2084,1.06685,34.1424,22.7071,21.3628,-75.8175,3513,-135.8175,Volatile State
3514,11:58:34,2.35096,13.5697,17.554,-7.364,3.22597,-27.0475,12.3363,-107.626928,9.28712,-77.0222,-13.5042,1.47945,35.171,22.2486,23.098,-77.0222,3514,-137.0222,Volatile State
3515,11:58:35,-0.035013,13.2659,22.194,-7.44,5.00209,-26.9892,12.8084,-94.863073,9.02882,-79.3067,-12.0551,0.792934,34.5669,21.5019,24.2706,-79.3067,3515,-139.3067,Volatile State
3516,11:58:36,-2.85408,12.9651,27.342,-4.908,6.09539,-28.002,13.6266,-77.543903,12.2004,-80.206,-13.3491,0.74437,31.6049,20.9035,22.6057,-80.206,3516,-140.20600000000002,Volatile State
3517,11:58:37,-5.34558,13.0143,34.404,-6.301,7.61492,-27.7852,12.9841,-59.822593,14.1564,-81.83,-14.1065,-0.430297,30.746,19.7603,21.6858,-81.83,3517,-141.82999999999998,Volatile State
3518,11:58:38,-8.63986,13.4171,38.662,-7.074,8.88289,-26.1813,12.0663,-65.071371,14.5869,-82.5712,-14.1291,-1.11816,31.5462,17.4575,21.2329,-82.5712,3518,-142.5712,Volatile State
3519,11:58:39,-12.9485,14.294,39.944,-7.176,8.17333,-24.4062,12.9106,-68.842004,12.339,-85.3135,-14.3096,-1.44431,33.5456,15.5426,22.2211,-85.3135,3519,-145.3135,Volatile State
3520,11:58:40,-16.8344,14.9845,35.362,-6.121,7.74728,-23.0679,13.1882,-67.875421,11.5136,-88.5429,-13.5419,-2.14752,35.4274,14.9567,22.4506,-88.5429,3520,-148.5429,Volatile State
3521,11:58:41,-20.8429,14.4936,32.515,-8.044,6.78457,-23.9066,14.1108,-58.78921,13.7715,-90.9743,-12.5686,-1.02178,36.0227,14.3293,21.7407,-90.9743,3521,-150.9743,Volatile State
3522,11:58:42,-24.5761,13.8303,30.903,-5.857,5.88171,-24.0447,11.3008,-53.280636,17.2127,-91.3501,-11.4643,0.273815,35.1209,13.4692,20.0043,-91.3501,3522,-151.3501,Volatile State
3523,11:58:43,-28.4568,13.0392,26.453,-2.384,5.05047,-20.5382,10.6256,-41.276461,21.2524,-89.3854,-11.4114,0.476108,33.6264,13.2624,17.5199,-89.3854,3523,-149.3854,Volatile State
3524,11:58:44,-31.9694,11.8213,25.456,-4.42,3.40408,-17.728,9.39214,-24.202179,23.1288,-88.4439,-12.6238,-1.43066,31.4228,13.1902,15.9086,-88.4439,3524,-148.44389999999999,Volatile State
3525,11:58:45,-34.7932,10.054,23.897,-6.133,3.22634,-16.8967,8.95053,-17.432059,23.8147,-84.2708,-13.326,-2.1471,30.825,13.3707,15.6425,-84.2708,3525,-144.2708,Volatile State
3526,11:58:46,-37.6662,8.3532,23.685,-4.874,2.27832,-19.6822,9.48788,-27.326377,24.259,-78.7623,-13.7909,-2.61618,32.1028,12.4577,15.7923,-78.7623,3526,-138.76229999999998,Volatile State
3527,11:58:47,-39.075,6.92241,25.084,-3.477,1.15769,-24.4366,9.59967,-37.220696,24.4995,-75.1928,-13.6998,-3.35887,30.9234,11.5177,16.7651,-75.1928,3527,-135.1928,Volatile State
3528,11:58:48,-40.1802,6.24338,25.191,-4.934,0.712865,-30.7475,9.51716,-47.115014,24.7253,-71.9101,-13.5213,-4.64054,29.0398,13.0675,16.6449,-71.9101,3528,-131.9101,Volatile State
3529,11:58:49,-40.894,6.86446,23.823,-4.853,-0.114549,-34.7611,10.3701,-53.17867,22.305,-68.1566,-11.8865,-4.84001,27.0408,13.9748,16.9567,-68.1566,3529,-128.1566,Volatile State
3530,11:58:50,-40.7772,7.93396,21.633,-5.81,0.787382,-39.3411,8.98128,-43.756397,16.5152,-65.9229,-12.9656,-5.27928,25.6348,13.9399,16.7691,-65.9229,3530,-125.9229,Volatile State
3531,11:58:51,-42.6767,9.42348,19.953,-7.048,0.796926,-44.9011,8.82985,-31.505516,10.0516,-63.1504,-14.1057,-6.49786,24.0181,13.4721,18.9038,-63.1504,3531,-123.15039999999999,Volatile State
3532,11:58:52,-44.9884,10.5187,20.062,-6.897,0.82682,-50.8803,9.52648,-23.732798,0.963647,-61.6639,-14.342,-8.61866,21.7516,12.2912,20.3923,-61.6639,3532,-121.6639,Volatile State
3533,11:58:53,-46.2207,11.6409,19.437,-4.649,2.34385,-55.7235,8.5563,-25.130508,-7.49889,-59.652,-14.9022,-9.29726,23.5949,11.2355,21.2449,-59.652,3533,-119.652,Volatile State
3534,11:58:54,-46.0325,12.8673,16.086,-1.963,2.75786,-58.6059,7.25019,-23.868906,-14.8935,-58.7161,-12.8956,-9.36005,23.503,9.5381,20.521,-58.7161,3534,-118.7161,Volatile State
3535,11:58:55,-45.425,13.2075,10.697,-3.056,3.92891,-61.649,7.5732,-19.350014,-24.5578,-58.3735,-10.647,-8.9812,21.9582,8.90498,22.8207,-58.3735,3535,-118.3735,Volatile State
3536,11:58:56,-45.2172,12.975,2.607,-3.741,4.65997,-63.7776,5.76389,-24.458092,-34.3532,-57.991,-9.0371,-8.45061,20.0454,8.46374,25.3908,-57.991,3536,-117.991,Volatile State
3537,11:58:57,-45.592,13.1169,-5.431,-1.847,5.6588,-66.1225,5.84294,-26.095795,-44.508,-58.1778,-8.11316,-8.46614,20.8087,8.10038,25.8087,-58.1778,3537,-118.17779999999999,Volatile State
3538,11:58:58,-44.979,14.0102,-13.148,-0.265,6.35669,-67.6652,6.02518,-29.459366,-53.2041,-57.552,-6.81632,-7.69279,20.5973,6.61597,26.4648,-57.552,3538,-117.55199999999999,Volatile State
3539,11:58:59,-45.488,14.5337,-17.855,0.781,8.18158,-70.0007,3.69718,-41.596642,-60.6298,-56.9102,-6.97879,-6.57134,21.633,4.86153,23.9631,-56.9102,3539,-116.9102,Volatile State
3540,11:59:00,-46.39,15.2205,-15.425,0.055,10.6247,-72.9144,2.52488,-56.079856,-67.1634,-54.3168,-8.26173,-5.47711,23.957,3.08593,21.6119,-54.3168,3540,-114.3168,Volatile State
3541,11:59:01,-49.5697,15.8915,-6.968,0.231,11.3361,-75.8454,1.69157,-62.501406,-72.2824,-55.1921,-7.87303,-3.64342,25.6465,0.853915,22.0687,-55.1921,3541,-115.19210000000001,Volatile State
3542,11:59:02,-49.7718,15.5613,4.304,3.204,11.5859,-77.0992,0.339893,-76.655284,-77.0609,-56.5875,-5.74242,-2.22266,24.1931,0.069142,23.8305,-56.5875,3542,-116.5875,Volatile State
3543,11:59:03,-49.1345,14.05,16.503,1.762,11.1232,-76.9038,-1.65602,-95.929714,-80.8187,-57.0287,-5.55736,-0.85659,23.8907,-0.606602,24.8095,-57.0287,3543,-117.0287,Volatile State
3544,11:59:04,-49.6296,11.9645,30.491,-0.348,10.9627,-74.0926,-2.52776,-107.315431,-85.0595,-58.7329,-6.80686,0.206862,25.4975,-0.985179,24.9462,-58.7329,3544,-118.7329,Volatile State
3545,11:59:05,-50.9065,9.56657,40.104,-0.886,11.158,-71.054,-5.56594,-110.296296,-88.3815,-61.683,-8.24186,2.06833,28.4032,-1.20049,24.2548,-61.683,3545,-121.68299999999999,Volatile State
3546,11:59:06,-52.9567,7.36388,41.494,-1.375,10.5407,-68.113,-7.8086,-108.714988,-92.2146,-65.7991,-8.96639,1.51158,28.5373,-2.27058,25.4013,-65.7991,3546,-125.7991,Volatile State
3547,11:59:07,-55.9558,6.98793,33.958,-2.275,10.214,-67.0827,-9.38241,-105.67059,-94.3994,-70.035,-10.5441,0.375025,29.1462,-4.2677,26.8771,-70.035,3547,-130.035,Volatile State
3548,11:59:08,-58.9253,9.03225,28.284,0.93,9.3564,-67.5502,-10.7358,-103.083156,-94.5203,-72.0007,-11.617,1.35359,27.7591,-5.59812,28.7208,-72.0007,3548,-132.0007,Volatile State
3549,11:59:09,-61.7967,13.2776,24.117,2.154,7.89445,-68.3524,-11.7463,-96.544843,-94.1458,-71.3755,-11.5575,3.36732,27.1479,-6.1508,30.1073,-71.3755,3549,-131.3755,Volatile State
3550,11:59:10,-63.0991,18.5708,23.107,-0.047,8.2533,-69.1053,-13.7992,-86.136495,-89.9497,-70.7437,-10.0597,3.43976,26.5851,-5.73378,30.7262,-70.7437,3550,-130.7437,Volatile State
3551,11:59:11,-67.1769,22.5424,25.26,-1.159,8.06032,-69.3377,-16.1587,-70.943055,-84.7731,-69.7495,-8.61525,2.06046,28.0506,-5.48903,30.6523,-69.7495,3551,-129.7495,Volatile State
3552,11:59:12,-70.6114,24.6699,25.39,-0.885,7.95406,-70.2231,-16.5474,-66.445008,-76.73,-70.0646,-8.32076,0.848271,29.931,-6.00312,30.1907,-70.0646,3552,-130.06459999999998,Volatile State
3553,11:59:13,-73.2925,25.6886,24.292,-2.385,8.27082,-72.7133,-17.5649,-66.54656,-68.8042,-70.8569,-8.65725,-0.070328,29.6443,-6.57326,29.5534,-70.8569,3553,-130.8569,Volatile State
3554,11:59:14,-77.6072,25.9994,28.676,-4.165,8.85491,-75.5636,-17.027,-67.116938,-59.1549,-72.7039,-10.0695,-1.00286,27.7453,-7.48423,28.7843,-72.7039,3554,-132.7039,Volatile State
3555,11:59:15,-79.8565,25.4647,34.324,-4.439,11.9321,-77.8966,-15.5597,-67.687316,-49.2228,-73.6997,-9.28596,-2.83788,23.7158,-9.52719,26.7054,-73.6997,3555,-133.6997,Volatile State
3556,11:59:16,-82.1056,24.4525,40.775,-2.101,13.1057,-79.9704,-16.7954,-68.257694,-36.944,-74.9303,-6.80224,-4.97585,19.6306,-10.617,23.8081,-74.9303,3556,-134.9303,Volatile State
3557,11:59:17,-84.085,23.5835,46.823,-0.916,13.6502,-79.8792,-14.5734,-84.255487,-26.3989,-74.459,-4.65797,-6.55119,19.1087,-11.8702,21.803,-74.459,3557,-134.459,Volatile State
3558,11:59:18,-84.6837,23.041,48.565,-3.259,14.4579,-79.6899,-14.2616,-94.641288,-14.9233,-74.1775,-2.91574,-8.26129,17.3853,-10.7746,20.2655,-74.1775,3558,-134.1775,Volatile State
3559,11:59:19,-85.0687,21.7378,42.924,-3.619,14.2615,-79.1805,-15.4747,-105.027088,-6.34074,-73.761,-2.77568,-9.53088,13.5875,-9.73549,19.0111,-73.761,3559,-133.761,Volatile State
3560,11:59:20,-85.2223,20.5737,32.319,-3.799,15.063,-77.5,-12.6042,-115.412889,2.51301,-73.7438,-1.71024,-10.1196,10.7056,-8.633,17.0169,-73.7438,3560,-133.7438,Volatile State
3561,11:59:21,-85.2457,20.4774,21.099,-4.475,13.5726,-76.0627,-10.465,-103.235732,9.80251,-73.6806,0.151624,-11.5768,9.45914,-6.57022,13.7928,-73.6806,3561,-133.6806,Volatile State
3562,11:59:22,-84.9636,20.169,9.346,-3.78,13.6912,-75.7227,-10.6079,-94.685956,17.1191,-72.7572,1.18489,-13.2243,8.58451,-5.78389,11.985,-72.7572,3562,-132.7572,Volatile State
3563,11:59:23,-85.674,20.3603,1.583,-3.831,14.9349,-76.1195,-12.161,-88.490807,23.4124,-73.4397,2.37591,-14.8926,7.52785,-4.19094,12.6794,-73.4397,3563,-133.43970000000002,Volatile State
3564,11:59:24,-86.6087,21.0751,-6.546,-4.51,15.6083,-75.387,-12.0908,-93.467731,26.857,-72.9839,3.95798,-16.2114,5.22429,-4.25314,14.254,-72.9839,3564,-132.9839,Volatile State
3565,11:59:25,-87.1626,21.532,-15.668,-2.008,14.0725,-73.8141,-9.87486,-89.616934,30.3909,-74.721,5.7906,-15.9362,4.86794,-3.53673,14.6908,-74.721,3565,-134.721,Volatile State
3566,11:59:26,-86.2275,21.9156,-23.635,-2.766,13.8492,-72.898,-5.91604,-66.861637,37.1365,-76.6534,8.14816,-16.8933,4.27473,-3.70846,12.6877,-76.6534,3566,-136.6534,Volatile State
3567,11:59:27,-86.1975,22.5359,-27.41,-3.515,13.5458,-73.3461,-4.88046,-56.588365,44.7155,-79.3215,10.3505,-17.9822,4.27095,-1.45849,9.29338,-79.3215,3567,-139.32150000000001,Volatile State
3568,11:59:28,-86.7595,23.0076,-24.193,-4.481,13.8287,-74.6199,-3.83678,-68.737761,50.709,-80.562,10.3518,-18.3392,4.38039,-1.19884,7.87027,-80.562,3568,-140.562,Volatile State
3569,11:59:29,-86.9073,23.0268,-16.338,-6.952,13.3912,-77.298,-2.5204,-83.939546,54.361,-81.1449,10.5774,-19.2876,5.04538,-1.62403,7.85982,-81.1449,3569,-141.1449,Volatile State
3570,11:59:30,-85.6553,23.3136,-6.178,-6.642,13.9184,-77.8922,-2.36893,-96.026747,57.8235,-80.586,11.7556,-19.5172,4.18835,-2.43165,8.6576,-80.586,3570,-140.586,Volatile State
3571,11:59:31,-84.1462,24.1267,2.719,-6.936,13.7503,-75.5797,-0.079121,-90.423657,59.9843,-81.1166,11.7808,-17.8405,1.90421,-3.32079,10.3233,-81.1166,3571,-141.1166,Volatile State
3572,11:59:32,-82.3538,24.772,6.834,-4.933,14.0225,-72.0175,1.18904,-84.721225,62.2542,-82.5922,10.5619,-17.1345,1.88351,-3.39275,9.49274,-82.5922,3572,-142.5922,Volatile State
3573,11:59:33,-81.4128,24.1938,5.362,-5.151,13.7981,-64.4288,0.307683,-74.035071,63.4035,-82.3769,10.0977,-16.5843,1.31966,-4.44998,7.34702,-82.3769,3573,-142.3769,Volatile State
3574,11:59:34,-79.8629,23.4066,-0.201,-5.672,15.687,-56.4868,1.61432,-69.944751,64.7427,-82.3507,10.9902,-14.8291,1.28689,-3.87888,6.12921,-82.3507,3574,-142.35070000000002,Volatile State
3575,11:59:35,-78.0471,22.3435,-8.944,-3.567,16.7703,-49.7648,1.6731,-77.099125,65.3083,-80.1513,10.2631,-13.4858,1.25008,-3.949,6.85742,-80.1513,3575,-140.1513,Volatile State
3576,11:59:36,-78.5251,21.5795,-18.261,-5.098,16.1645,-45.9466,5.17947,-87.507723,63.194,-78.0185,9.25078,-11.2161,2.56833,-5.06767,9.55803,-78.0185,3576,-138.01850000000002,Volatile State
3577,11:59:37,-77.4239,22.5211,-28.637,-8.122,13.9766,-42.3063,7.75175,-95.421024,62.0188,-75.6218,7.79557,-10.4675,3.34525,-6.41089,10.4665,-75.6218,3577,-135.6218,Volatile State
3578,11:59:38,-75.9907,23.364,-35.819,-10.633,12.973,-36.5857,8.32364,-105.022594,60.1021,-73.3049,7.40269,-10.1584,3.17534,-7.33222,7.05371,-73.3049,3578,-133.3049,Volatile State
3579,11:59:39,-73.8672,23.8441,-38.32,-12.093,12.2178,-27.5116,9.07625,-119.541106,59.0749,-70.8952,7.84504,-8.64686,3.95058,-6.04585,2.18106,-70.8952,3579,-130.8952,Volatile State
3580,11:59:40,-73.7042,23.389,-36.651,-12.652,11.9351,-20.0144,10.9117,-130.32233,57.4658,-67.6166,9.09378,-5.75005,4.2848,-4.29838,0.218813,-67.6166,3580,-127.6166,Volatile State
3581,11:59:41,-73.9907,23.1907,-26.722,-12.45,10.7748,-12.4912,13.2045,-136.704765,55.1234,-64.4288,10.3564,-4.25013,4.64705,-3.07732,1.55063,-64.4288,3581,-124.4288,Volatile State
3582,11:59:42,-74.2047,22.4732,-10.763,-14.785,10.3277,-5.98056,14.9525,-131.052166,52.5201,-61.6099,10.8789,-3.02583,5.76121,-1.8127,2.87637,-61.6099,3582,-121.60990000000001,Volatile State
3583,11:59:43,-74.2621,20.9857,3.702,-19.456,10.0204,-1.56881,16.3085,-105.111254,49.921,-59.1544,12.0972,-2.39807,6.28627,-0.404207,3.1642,-59.1544,3583,-119.15440000000001,Volatile State
3584,11:59:44,-73.1336,17.8899,19.526,-21.414,9.1809,-0.721431,17.0001,-89.051002,46.587,-54.9145,12.0037,-1.79893,7.2394,0.042126,2.02558,-54.9145,3584,-114.9145,Volatile State
3585,11:59:45,-71.457,15.1555,34.231,-21.383,9.08661,1.52135,19.4467,-79.333434,41.9109,-52.5811,13.5561,-0.161233,7.07514,0.721785,0.842889,-52.5811,3585,-112.58109999999999,Volatile State
3586,11:59:46,-68.4854,11.529,45.196,-22.744,8.74013,4.06288,20.0473,-77.400472,38.0656,-50.1951,13.8407,0.843504,6.85354,2.32942,1.64757,-50.1951,3586,-110.1951,Volatile State
3587,11:59:47,-66.1525,8.58792,44.379,-23.296,8.60141,4.16891,19.9728,-77.902682,34.0172,-49.4906,14.8908,-0.617965,6.0449,2.48972,3.48282,-49.4906,3587,-109.4906,Volatile State
3588,11:59:48,-64.9401,6.14115,38.112,-25.171,7.90371,3.33757,19.4761,-95.992797,28.7082,-47.527,14.8005,-0.848797,6.84048,3.54079,5.26228,-47.527,3588,-107.527,Volatile State
3589,11:59:49,-64.6195,4.44197,30.664,-23.513,8.68724,1.76015,20.279,-110.83809,22.9314,-45.9309,15.3616,-0.578072,8.67964,4.84919,6.2925,-45.9309,3589,-105.93090000000001,Volatile State
3590,11:59:50,-62.6753,3.09662,29.65,-19.738,8.48723,-2.44427,21.4226,-112.634159,18.2593,-44.8227,13.0947,-0.768806,8.14513,4.63682,4.77857,-44.8227,3590,-104.8227,Volatile State
3591,11:59:51,-60.5568,1.92048,31.27,-17.619,8.11069,-7.98399,22.6754,-109.082245,14.1319,-44.8668,11.0917,-1.43521,6.27439,4.61404,3.13959,-44.8668,3591,-104.8668,Volatile State
3592,11:59:52,-58.1485,1.60085,28.968,-19.39,8.88773,-14.0916,24.9794,-110.872115,11.8046,-45.8719,11.186,-2.60466,4.47133,5.09871,2.79785,-45.8719,3592,-105.8719,Volatile State
3593,11:59:53,-55.4499,1.85042,24.29,-20.163,10.1792,-18.0918,23.7545,-125.370076,7.96336,-46.8405,9.57112,-3.54368,3.18167,6.94751,5.88847,-46.8405,3593,-106.84049999999999,Volatile State
3594,11:59:54,-54.1954,1.86591,18.697,-18.155,12.1396,-20.3999,24.8561,-143.719354,3.5219,-48.0532,6.67692,-2.22502,2.81894,9.30468,7.7506,-48.0532,3594,-108.0532,Volatile State
3595,11:59:55,-50.7062,1.69152,14.688,-15.25,11.4294,-21.2827,25.6333,-165.17534,-0.891364,-49.0749,6.43911,-0.786843,3.20987,10.3586,7.44861,-49.0749,3595,-109.0749,Volatile State
3596,11:59:56,-45.4035,0.780063,10.002,-17.579,10.5443,-22.408,25.3583,-179.170263,-4.526,-51.4077,6.94511,0.425465,3.33027,9.78654,6.97298,-51.4077,3596,-111.4077,Volatile State
3597,11:59:57,-42.0351,1.81045,8.582,-17.59,12.4873,-20.6074,24.6713,-180.248306,-8.30201,-53.4013,7.12261,0.520547,0.380263,10.313,6.55583,-53.4013,3597,-113.40129999999999,Volatile State
3598,11:59:58,-38.1425,3.94468,5.427,-14.803,14.0677,-19.1073,23.7511,-173.290504,-12.3241,-56.0825,6.80833,1.30113,-2.63681,10.3248,4.60705,-56.0825,3598,-116.08250000000001,Volatile State
3599,11:59:59,-31.6978,5.23166,4.17,-13.67,13.1853,-19.4879,23.0591,-174.193668,-16.5136,-59.0447,6.43208,1.63701,-5.27094,11.4678,5.06241,-59.0447,3599,-119.0447,Volatile State
